time_ms,left_cmd_torque,right_cmd_torque,fl_vel,fr_vel,robot_vel
1,0,0,0,0,0
2,-0,-0,0,0,0
3,-0,-0,0,0,0
4,-0,-0,0,0,0
5,-0,-0,0,0,0
6,-0,-0,0,0,0
7,-0,-0,0,0,0
8,-0,-0,0,0,0
9,-0,-0,0,0,0
10,-0,-0,0,0,0
11,-0,-0,0,0,0
12,-0,-0,0,0,0
13,-0,-0,0,0,0
14,-0,-0,0,0,0
15,-0,-0,0,0,0
16,-0,-0,0,0,0
17,-0,-0,0,0,0
18,-0,-0,0,0,0
19,-0,-0,0,0,0
20,-0,-0,0,0,0
21,-0,-0,0,0,0
22,-0,-0,0,0,0
23,-0,-0,0,0,0
24,-0,-0,0,0,0
25,-0,-0,0,0,0
26,-0,-0,0,0,0
27,-0,-0,0,0,0
28,-0,-0,0,0,0
29,-0,-0,0,0,0
30,-0,-0,0,0,0
31,-0,-0,0,0,0
32,-0,-0,0,0,0
33,-0,-0,0,0,0
34,-0,-0,0,0,0
35,-0,-0,0,0,0
36,-0,-0,0,0,0
37,-0,-0,0,0,0
38,-0,-0,0,0,0
39,-0,-0,0,0,0
40,-0,-0,0,0,0
41,-0,-0,0,0,0
42,-0,-0,0,0,0
43,-0,-0,0,0,0
44,-0,-0,0,0,0
45,-0,-0,0,0,0
46,-0,-0,0,0,0
47,-0,-0,0,0,0
48,-0,-0,0,0,0
49,-0,-0,0,0,0
50,-0,-0,0,0,0
51,-0,-0,0,0,0
52,-0,-0,0,0,0
53,-0,-0,0,0,0
54,-0,-0,0,0,0
55,-0,-0,0,0,0
56,-0,-0,0,0,0
57,-0,-0,0,0,0
58,-0,-0,0,0,0
59,-0,-0,0,0,0
60,-0,-0,0,0,0
61,-0,-0,0,0,0
62,-0,-0,0,0,0
63,-0,-0,0,0,0
64,-0,-0,0,0,0
65,-0,-0,0,0,0
66,-0,-0,0,0,0
67,-0,-0,0,0,0
68,-0,-0,0,0,0
69,-0,-0,0,0,0
70,-0,-0,0,0,0
71,-0,-0,0,0,0
72,-0,-0,0,0,0
73,-0,-0,0,0,0
74,-0,-0,0,0,0
75,-0,-0,0,0,0
76,-0,-0,0,0,0
77,-0,-0,0,0,0
78,-0,-0,0,0,0
79,-0,-0,0,0,0
80,-0,-0,0,0,0
81,-0,-0,0,0,0
82,-0,-0,0,0,0
83,-0,-0,0,0,0
84,-0,-0,0,0,0
85,-0,-0,0,0,0
86,-0,-0,0,0,0
87,-0,-0,0,0,0
88,-0,-0,0,0,0
89,-0,-0,0,0,0
90,-0,-0,0,0,0
91,-0,-0,0,0,0
92,-0,-0,0,0,0
93,-0,-0,0,0,0
94,-0,-0,0,0,0
95,-0,-0,0,0,0
96,-0,-0,0,0,0
97,-0,-0,0,0,0
98,-0,-0,0,0,0
99,-0,-0,0,0,0
100,-0,-0,0,0,0
101,-0,-0,0,0,0
102,-0,-0,0,0,0
103,-0,-0,0,0,0
104,-0,-0,0,0,0
105,-0,-0,0,0,0
106,-0,-0,0,0,0
107,-0,-0,0,0,0
108,-0,-0,0,0,0
109,-0,-0,0,0,0
110,-0,-0,0,0,0
111,-0,-0,0,0,0
112,-0,-0,0,0,0
113,-0,-0,0,0,0
114,-0,-0,0,0,0
115,-0,-0,0,0,0
116,-0,-0,0,0,0
117,-0,-0,0,0,0
118,-0,-0,0,0,0
119,-0,-0,0,0,0
120,-0,-0,0,0,0
121,-0,-0,0,0,0
122,-0,-0,0,0,0
123,-0,-0,0,0,0
124,-0,-0,0,0,0
125,-0,-0,0,0,0
126,-0,-0,0,0,0
127,-0,-0,0,0,0
128,-0,-0,0,0,0
129,-0,-0,0,0,0
130,-0,-0,0,0,0
131,-0,-0,0,0,0
132,-0,-0,0,0,0
133,-0,-0,0,0,0
134,-0,-0,0,0,0
135,-0,-0,0,0,0
136,-0,-0,0,0,0
137,-0,-0,0,0,0
138,-0,-0,0,0,0
139,-0,-0,0,0,0
140,-0,-0.1008,0,0,0
141,-0,-0.1008,0,-0.00192837,0
142,-0,-0.1024,0,-0.00353605,0
143,-0,-0.1024,0,-0.00490697,0
144,0.1008,-0.104,0,-0.0060499,0
145,0.1008,-0.104,0.00192837,-0.00703336,0
146,0.1024,-0.1056,0.00353605,-0.00785326,0
147,0.1024,-0.1056,0.00490697,-0.00856742,0
148,0.104,-0.1072,0.0060499,-0.0091628,0
149,0.104,-0.1072,0.00703336,-0.00968977,0
150,0.1056,-0.1088,0.00785326,-0.0101291,0
151,0.1056,-0.1088,0.00856742,-0.010526,0
152,0.1072,-0.1104,0.0091628,-0.0108569,0
153,0.1072,-0.1104,0.00968977,-0.0111633,0
154,0.1088,-0.112,0.0101291,-0.0114188,0
155,0.1088,-0.112,0.010526,-0.0116624,0
156,0.1104,-0.1136,0.0108569,-0.0118655,0
157,0.1104,-0.1136,0.0111633,-0.0120654,0
158,0.112,-0.1152,0.0114188,-0.012232,0
159,0.112,-0.1152,0.0116624,-0.0124016,0
160,0.1136,-0.1168,0.0118655,-0.0125429,0
161,0.1136,-0.1168,0.0120654,-0.0126914,0
162,0.1152,-0.1184,0.012232,-0.0128151,0
163,0.1152,-0.1184,0.0124016,-0.0129489,0
164,0.1168,-0.12,0.0125429,-0.0130604,0
165,0.1168,-0.12,0.0126914,-0.013184,0
166,0.1184,-0.1216,0.0128151,-0.013287,0
167,0.1184,-0.1216,0.0129489,-0.0134035,0
168,0.12,-0.1232,0.0130604,-0.0135006,0
169,0.12,-0.1232,0.013184,-0.0136122,0
170,0.1216,-0.1248,0.013287,-0.0137052,0
171,0.1216,-0.1248,0.0134035,-0.0138134,0
172,0.1232,-0.1264,0.0135006,-0.0139035,0
173,0.1232,-0.1264,0.0136122,-0.0140093,0
174,0.1248,-0.128,0.0137052,-0.0140975,0
175,0.1248,-0.128,0.0138134,-0.0142016,0
176,0.1264,-0.1296,0.0139035,-0.0142884,0
177,0.1264,-0.1296,0.0140093,-0.0143913,0
178,0.128,-0.1312,0.0140975,-0.0144772,0
179,0.128,-0.1312,0.0142016,-0.0145793,0
180,0.1296,-0.1328,0.0142884,-0.0146645,0
181,0.1296,-0.1328,0.0143913,-0.0147661,0
182,0.1312,-0.1344,0.0144772,-0.0148508,0
183,0.1312,-0.1344,0.0145793,-0.014952,0
184,0.1328,-0.136,0.0146645,-0.0150364,0
185,0.1328,-0.136,0.0147661,-0.0151374,0
186,0.1344,-0.1376,0.0148508,-0.0152215,0
187,0.1344,-0.1376,0.014952,-0.0153223,0
188,0.136,-0.1392,0.0150364,-0.0154063,0
189,0.136,-0.1392,0.0151374,-0.0155069,0
190,0.1376,-0.1408,0.0152215,-0.0155908,0
191,0.1376,-0.1408,0.0153223,-0.0156914,0
192,0.1392,-0.1424,0.0154063,-0.0157752,0
193,0.1392,-0.1424,0.0155069,-0.0158756,0
194,0.1408,-0.144,0.0155908,-0.0159594,0
195,0.1408,-0.144,0.0156914,-0.0160598,0
196,0.1424,-0.1456,0.0157752,-0.0161436,0
197,0.1424,-0.1456,0.0158756,-0.016244,0
198,0.144,-0.1472,0.0159594,-0.0163277,0
199,0.144,-0.1472,0.0160598,-0.0164281,0
200,0.1456,-0.1488,0.0161436,-0.0165117,0
201,0.1456,-0.1488,0.016244,-0.0166121,0
202,0.1472,-0.1504,0.0163277,-0.0166958,0
203,0.1472,-0.1504,0.0164281,-0.0167961,0
204,0.1488,-0.152,0.0165117,-0.0168798,0
205,0.1488,-0.152,0.0166121,-0.0169802,0
206,0.1504,-0.1536,0.0166958,-0.0170638,0
207,0.1504,-0.1536,0.0167961,-0.0171642,0
208,0.152,-0.1552,0.0168798,-0.0172478,0
209,0.152,-0.1552,0.0169802,-0.0173481,0
210,0.1536,-0.1568,0.0170638,-0.0174318,0
211,0.1536,-0.1568,0.0171642,-0.0175321,0
212,0.1552,-0.1584,0.0172478,-0.0176158,0
213,0.1552,-0.1584,0.0173481,-0.0177161,0
214,0.1568,-0.16,0.0174318,-0.0177997,0
215,0.1568,-0.16,0.0175321,-0.0179001,0
216,0.1584,-0.1616,0.0176158,-0.0179837,0
217,0.1584,-0.1616,0.0177161,-0.018084,0
218,0.16,-0.1632,0.0177997,-0.0181677,0
219,0.16,-0.1632,0.0179001,-0.018268,0
220,0.1616,-0.1648,0.0179837,-0.0183517,0
221,0.1616,-0.1648,0.018084,-0.018452,0
222,0.1632,-0.1664,0.0181677,-0.0185356,0
223,0.1632,-0.1664,0.018268,-0.0186359,0
224,0.1648,-0.168,0.0183517,-0.0187196,0
225,0.1648,-0.168,0.018452,-0.0188199,0
226,0.1664,-0.1696,0.0185356,-0.0189035,0
227,0.1664,-0.1696,0.0186359,-0.0190039,0
228,0.168,-0.1712,0.0187196,-0.0190875,0
229,0.168,-0.1712,0.0188199,-0.0191878,0
230,0.1696,-0.1728,0.0189035,-0.0192715,0
231,0.1696,-0.1728,0.0190039,-0.0193718,0
232,0.1712,-0.1744,0.0190875,-0.0194554,0
233,0.1712,-0.1744,0.0191878,-0.0195557,0
234,0.1728,-0.176,0.0192715,-0.0196394,0
235,0.1728,-0.176,0.0193718,-0.0197397,0
236,0.1744,-0.1776,0.0194554,-0.0198233,0
237,0.1744,-0.1776,0.0195557,-0.0199236,0
238,0.176,-0.1792,0.0196394,-0.0200073,0
239,0.176,-0.1792,0.0197397,-0.0201076,0
240,0.1776,-0.1808,0.0198233,-0.0201912,0
241,0.1776,-0.1808,0.0199236,-0.0202915,0
242,0.1792,-0.1824,0.0200073,-0.0203752,0
243,0.1792,-0.1824,0.0201076,-0.0204755,0
244,0.1808,-0.184,0.0201912,-0.0205591,0
245,0.1808,-0.184,0.0202915,-0.0206594,0
246,0.1824,-0.1856,0.0203752,-0.0207431,0
247,0.1824,-0.1856,0.0204755,-0.0208434,0
248,0.184,-0.1872,0.0205591,-0.020927,0
249,0.184,-0.1872,0.0206594,-0.0210273,0
250,0.1856,-0.1888,0.0207431,-0.021111,0
251,0.1856,-0.1888,0.0208434,-0.0212113,0
252,0.1872,-0.1904,0.020927,-0.0212949,0
253,0.1872,-0.1904,0.0210273,-0.0213952,0
254,0.1888,-0.192,0.021111,-0.0214789,0
255,0.1888,-0.192,0.0212113,-0.0215792,0
256,0.1904,-0.1936,0.0212949,-0.0216628,0
257,0.1904,-0.1936,0.0213952,-0.0217631,0
258,0.192,-0.1952,0.0214789,-0.0218467,0
259,0.192,-0.1952,0.0215792,-0.021947,0
260,0.1936,-0.1968,0.0216628,-0.0220307,0
261,0.1936,-0.1968,0.0217631,-0.022131,0
262,0.1952,-0.1984,0.0218467,-0.0222146,0
263,0.1952,-0.1984,0.021947,-0.0223149,0
264,0.1968,-0.2,0.0220307,-0.0223985,0
265,0.1968,-0.2,0.022131,-0.0224988,0
266,0.1984,-0.2016,0.0222146,-0.0225825,0
267,0.1984,-0.2016,0.0223149,-0.0226828,0
268,0.2,-0.2032,0.0223985,-0.0227664,0
269,0.2,-0.2032,0.0224988,-0.0228667,0
270,0.2016,-0.2048,0.0225825,-0.0229503,0
271,0.2016,-0.2048,0.0226828,-0.0230506,0
272,0.2032,-0.2064,0.0227664,-0.0231343,0
273,0.2032,-0.2064,0.0228667,-0.0232346,0
274,0.2048,-0.208,0.0229503,-0.0233182,0
275,0.2048,-0.208,0.0230506,-0.0234185,0
276,0.2064,-0.2096,0.0231343,-0.0235021,0
277,0.2064,-0.2096,0.0232346,-0.0236024,0
278,0.208,-0.2112,0.0233182,-0.023686,0
279,0.208,-0.2112,0.0234185,-0.0237863,0
280,0.2096,-0.2128,0.0235021,-0.02387,0
281,0.2096,-0.2128,0.0236024,-0.0239703,0
282,0.2112,-0.2144,0.023686,-0.0240539,0
283,0.2112,-0.2144,0.0237863,-0.0241542,0
284,0.2128,-0.216,0.02387,-0.0242378,0
285,0.2128,-0.216,0.0239703,-0.0243381,0
286,0.2144,-0.2176,0.0240539,-0.0244217,0
287,0.2144,-0.2176,0.0241542,-0.024522,0
288,0.216,-0.2192,0.0242378,-0.0246057,0
289,0.216,-0.2192,0.0243381,-0.024706,0
290,0.2176,-0.2208,0.0244217,-0.0247896,0
291,0.2176,-0.2208,0.024522,-0.0248899,0
292,0.2192,-0.2224,0.0246057,-0.0249735,0
293,0.2192,-0.2224,0.024706,-0.0250738,0
294,0.2208,-0.224,0.0247896,-0.0251574,0
295,0.2208,-0.224,0.0248899,-0.0252577,0
296,0.2224,-0.2256,0.0249735,-0.0253413,0
297,0.2224,-0.2256,0.0250738,-0.0254416,0
298,0.224,-0.2272,0.0251574,-0.0255252,0
299,0.224,-0.2272,0.0252577,-0.0256255,0
300,0.2256,-0.2288,0.0253413,-0.0257091,0
301,0.2256,-0.2288,0.0254416,-0.0258094,0
302,0.2272,-0.2304,0.0255252,-0.025893,0
303,0.2272,-0.2304,0.0256255,-0.0259933,0
304,0.2288,-0.232,0.0257091,-0.026077,0
305,0.2288,-0.232,0.0258094,-0.0261772,0
306,0.2304,-0.2336,0.025893,-0.0262609,0
307,0.2304,-0.2336,0.0259933,-0.0263612,0
308,0.232,-0.2352,0.026077,-0.0264448,0
309,0.232,-0.2352,0.0261772,-0.0265451,0
310,0.2336,-0.2368,0.0262609,-0.0266287,0
311,0.2336,-0.2368,0.0263612,-0.026729,0
312,0.2352,-0.2384,0.0264448,-0.0268126,0
313,0.2352,-0.2384,0.0265451,-0.0269129,0
314,0.2368,-0.24,0.0266287,-0.0269965,0
315,0.2368,-0.24,0.026729,-0.0270968,0
316,0.2384,-0.2416,0.0268126,-0.0271804,0
317,0.2384,-0.2416,0.0269129,-0.0272807,0
318,0.24,-0.2432,0.0269965,-0.0273643,0
319,0.24,-0.2432,0.0270968,-0.0274646,0
320,0.2416,-0.2448,0.0271804,-0.0275482,0
321,0.2416,-0.2448,0.0272807,-0.0276485,0
322,0.2432,-0.2464,0.0273643,-0.0277321,0
323,0.2432,-0.2464,0.0274646,-0.0278323,0
324,0.2448,-0.248,0.0275482,-0.027916,0
325,0.2448,-0.248,0.0276485,-0.0280162,0
326,0.2464,-0.2496,0.0277321,-0.0280998,0
327,0.2464,-0.2496,0.0278323,-0.0282001,0
328,0.248,-0.2512,0.027916,-0.0282837,0
329,0.248,-0.2512,0.0280162,-0.028384,0
330,0.2496,-0.2528,0.0280998,-0.0284676,0
331,0.2496,-0.2528,0.0282001,-0.0285679,0
332,0.2512,-0.2544,0.0282837,-0.0286515,0
333,0.2512,-0.2544,0.028384,-0.0287518,0
334,0.2528,-0.256,0.0284676,-0.0288354,0
335,0.2528,-0.256,0.0285679,-0.0289357,0
336,0.2544,-0.2576,0.0286515,-0.0290193,0
337,0.2544,-0.2576,0.0287518,-0.0291196,0
338,0.256,-0.2592,0.0288354,-0.0292032,0
339,0.256,-0.2592,0.0289357,-0.0293035,0
340,0.2576,-0.2608,0.0290193,-0.0293871,0
341,0.2576,-0.2608,0.0291196,-0.0294873,0
342,0.2592,-0.2624,0.0292032,-0.0295709,0
343,0.2592,-0.2624,0.0293035,-0.0296712,0
344,0.2608,-0.264,0.0293871,-0.0297548,0
345,0.2608,-0.264,0.0294873,-0.0298551,0
346,0.2624,-0.2656,0.0295709,-0.0299387,0
347,0.2624,-0.2656,0.0296712,-0.030039,0
348,0.264,-0.2672,0.0297548,-0.0301226,0
349,0.264,-0.2672,0.0298551,-0.0302229,0
350,0.2656,-0.2688,0.0299387,-0.0303065,0
351,0.2656,-0.2688,0.030039,-0.0304067,0
352,0.2672,-0.2704,0.0301226,-0.0304903,0
353,0.2672,-0.2704,0.0302229,-0.0305906,0
354,0.2688,-0.272,0.0303065,-0.0306742,0
355,0.2688,-0.272,0.0304067,-0.0307745,0
356,0.2704,-0.2736,0.0304903,-0.0308581,0
357,0.2704,-0.2736,0.0305906,-0.0309584,0
358,0.272,-0.2752,0.0306742,-0.031042,0
359,0.272,-0.2752,0.0307745,-0.0311422,0
360,0.2736,-0.2768,0.0308581,-0.0312258,0
361,0.2736,-0.2768,0.0309584,-0.0313261,0
362,0.2752,-0.2784,0.031042,-0.0314097,0
363,0.2752,-0.2784,0.0311422,-0.03151,0
364,0.2768,-0.28,0.0312258,-0.0315936,0
365,0.2768,-0.28,0.0313261,-0.0316938,0
366,0.2784,-0.2816,0.0314097,-0.0317774,0
367,0.2784,-0.2816,0.03151,-0.0318777,0
368,0.28,-0.2832,0.0315936,-0.0319613,0
369,0.28,-0.2832,0.0316938,-0.0320616,0
370,0.2816,-0.2848,0.0317774,-0.0321451,0
371,0.2816,-0.2848,0.0318777,-0.0322454,0
372,0.2832,-0.2864,0.0319613,-0.032329,0
373,0.2832,-0.2864,0.0320616,-0.0324293,0
374,0.2848,-0.288,0.0321451,-0.0325129,0
375,0.2848,-0.288,0.0322454,-0.0326131,0
376,0.2864,-0.2896,0.032329,-0.0326967,0
377,0.2864,-0.2896,0.0324293,-0.032797,0
378,0.288,-0.2912,0.0325129,-0.0328806,0
379,0.288,-0.2912,0.0326131,-0.0329809,0
380,0.2896,-0.2928,0.0326967,-0.0330644,0
381,0.2896,-0.2928,0.032797,-0.0331647,0
382,0.2912,-0.2944,0.0328806,-0.0332483,0
383,0.2912,-0.2944,0.0329809,-0.0333486,0
384,0.2928,-0.296,0.0330644,-0.0334322,0
385,0.2928,-0.296,0.0331647,-0.0335324,0
386,0.2944,-0.2976,0.0332483,-0.033616,0
387,0.2944,-0.2976,0.0333486,-0.0337163,0
388,0.296,-0.2992,0.0334322,-0.0337999,0
389,0.296,-0.2992,0.0335324,-0.0339001,0
390,0.2976,-0.3008,0.033616,-0.0339837,0
391,0.2976,-0.3008,0.0337163,-0.034084,0
392,0.2992,-0.3024,0.0337999,-0.0341676,0
393,0.2992,-0.3024,0.0339001,-0.0342678,0
394,0.3008,-0.304,0.0339837,-0.0343514,0
395,0.3008,-0.304,0.034084,-0.0344517,0
396,0.3024,-0.3056,0.0341676,-0.0345352,0
397,0.3024,-0.3056,0.0342678,-0.0346355,0
398,0.304,-0.3072,0.0343514,-0.0347191,0
399,0.304,-0.3072,0.0344517,-0.0348193,0
400,0.3056,-0.3088,0.0345352,-0.0349029,0
401,0.3056,-0.3088,0.0346355,-0.0350032,0
402,0.3072,-0.3104,0.0347191,-0.0350868,0
403,0.3072,-0.3104,0.0348193,-0.035187,0
404,0.3088,-0.312,0.0349029,-0.0352706,0
405,0.3088,-0.312,0.0350032,-0.0353709,0
406,0.3104,-0.3136,0.0350868,-0.0354545,0
407,0.3104,-0.3136,0.035187,-0.0355547,0
408,0.312,-0.3152,0.0352706,-0.0356383,0
409,0.312,-0.3152,0.0353709,-0.0357386,0
410,0.3136,-0.3168,0.0354545,-0.0358221,0
411,0.3136,-0.3168,0.0355547,-0.0359224,0
412,0.3152,-0.3184,0.0356383,-0.036006,0
413,0.3152,-0.3184,0.0357386,-0.0361062,0
414,0.3168,-0.32,0.0358221,-0.0361898,0
415,0.3168,-0.32,0.0359224,-0.03629,0
416,0.3184,-0.3216,0.036006,-0.0363736,0
417,0.3184,-0.3216,0.0361062,-0.0364739,0
418,0.32,-0.3232,0.0361898,-0.0365575,0
419,0.32,-0.3232,0.03629,-0.0366577,0
420,0.3216,-0.3248,0.0363736,-0.0367413,0
421,0.3216,-0.3248,0.0364739,-0.0368415,0
422,0.3232,-0.3264,0.0365575,-0.0369251,0
423,0.3232,-0.3264,0.0366577,-0.0370254,0
424,0.3248,-0.328,0.0367413,-0.0371089,0
425,0.3248,-0.328,0.0368415,-0.0372092,0
426,0.3264,-0.3296,0.0369251,-0.0372928,0
427,0.3264,-0.3296,0.0370254,-0.037393,0
428,0.328,-0.3312,0.0371089,-0.0374766,0
429,0.328,-0.3312,0.0372092,-0.0375768,0
430,0.3296,-0.3328,0.0372928,-0.0376604,0
431,0.3296,-0.3328,0.037393,-0.0377607,0
432,0.3312,-0.3344,0.0374766,-0.0378442,0
433,0.3312,-0.3344,0.0375768,-0.0379445,0
434,0.3328,-0.336,0.0376604,-0.0380281,0
435,0.3328,-0.336,0.0377607,-0.0381283,0
436,0.3344,-0.3376,0.0378442,-0.0382119,0
437,0.3344,-0.3376,0.0379445,-0.0383121,0
438,0.336,-0.3392,0.0380281,-0.0383957,0
439,0.336,-0.3392,0.0381283,-0.0384959,0
440,0.3376,-0.3408,0.0382119,-0.0385795,0
441,0.3376,-0.3408,0.0383121,-0.0386797,0
442,0.3392,-0.3424,0.0383957,-0.0387633,0
443,0.3392,-0.3424,0.0384959,-0.0388636,0
444,0.3408,-0.344,0.0385795,-0.0389471,0
445,0.3408,-0.344,0.0386797,-0.0390474,0
446,0.3424,-0.3456,0.0387633,-0.0391309,0
447,0.3424,-0.3456,0.0388636,-0.0392312,0
448,0.344,-0.3472,0.0389471,-0.0393148,0
449,0.344,-0.3472,0.0390474,-0.039415,0
450,0.3456,-0.3488,0.0391309,-0.0394986,0
451,0.3456,-0.3488,0.0392312,-0.0395988,0
452,0.3472,-0.3504,0.0393148,-0.0396824,0
453,0.3472,-0.3504,0.039415,-0.0397826,0
454,0.3488,-0.352,0.0394986,-0.0398662,0
455,0.3488,-0.352,0.0395988,-0.0399664,0
456,0.3504,-0.3536,0.0396824,-0.04005,0
457,0.3504,-0.3536,0.0397826,-0.0401502,0
458,0.352,-0.3552,0.0398662,-0.0402338,0
459,0.352,-0.3552,0.0399664,-0.040334,0
460,0.3536,-0.3568,0.04005,-0.0404176,0
461,0.3536,-0.3568,0.0401502,-0.0405178,0
462,0.3552,-0.3584,0.0402338,-0.0406014,0
463,0.3552,-0.3584,0.040334,-0.0407016,0
464,0.3568,-0.36,0.0404176,-0.0407852,0
465,0.3568,-0.36,0.0405178,-0.0408854,0
466,0.3584,-0.3616,0.0406014,-0.040969,0
467,0.3584,-0.3616,0.0407016,-0.0410692,0
468,0.36,-0.3632,0.0407852,-0.0411528,0
469,0.36,-0.3632,0.0408854,-0.041253,0
470,0.3616,-0.3648,0.040969,-0.0413366,0
471,0.3616,-0.3648,0.0410692,-0.0414368,0
472,0.3632,-0.3664,0.0411528,-0.0415204,0
473,0.3632,-0.3664,0.041253,-0.0416206,0
474,0.3648,-0.368,0.0413366,-0.0417042,0
475,0.3648,-0.368,0.0414368,-0.0418044,0
476,0.3664,-0.3696,0.0415204,-0.041888,0
477,0.3664,-0.3696,0.0416206,-0.0419882,0
478,0.368,-0.3712,0.0417042,-0.0420718,0
479,0.368,-0.3712,0.0418044,-0.042172,0
480,0.3696,-0.3728,0.041888,-0.0422555,0
481,0.3696,-0.3728,0.0419882,-0.0423558,0
482,0.3712,-0.3744,0.0420718,-0.0424393,0
483,0.3712,-0.3744,0.042172,-0.0425396,0
484,0.3728,-0.376,0.0422555,-0.0426231,0
485,0.3728,-0.376,0.0423558,-0.0427233,0
486,0.3744,-0.3776,0.0424393,-0.0428069,0
487,0.3744,-0.3776,0.0425396,-0.0429071,0
488,0.376,-0.3792,0.0426231,-0.0429907,0
489,0.376,-0.3792,0.0427233,-0.0430909,0
490,0.3776,-0.3808,0.0428069,-0.0431745,0
491,0.3776,-0.3808,0.0429071,-0.0432747,0
492,0.3792,-0.382399,0.0429907,-0.0433582,0
493,0.3792,-0.382399,0.0430909,-0.0434585,0
494,0.3808,-0.383999,0.0431745,-0.043542,0
495,0.3808,-0.383999,0.0432747,-0.0436422,0
496,0.382399,-0.385599,0.0433582,-0.0437258,0
497,0.382399,-0.385599,0.0434585,-0.043826,0
498,0.383999,-0.387199,0.043542,-0.0439096,0
499,0.383999,-0.387199,0.0436422,-0.0440098,0
500,0.385599,-0.388799,0.0437258,-0.0440934,0
501,0.385599,-0.388799,0.043826,-0.0441936,0
502,0.387199,-0.390399,0.0439096,-0.0442771,0
503,0.387199,-0.390399,0.0440098,-0.0443774,0
504,0.388799,-0.391999,0.0440934,-0.0444609,0
505,0.388799,-0.391999,0.0441936,-0.0445611,0
506,0.390399,-0.393599,0.0442771,-0.0446447,0
507,0.390399,-0.393599,0.0443774,-0.0447449,0
508,0.391999,-0.395199,0.0444609,-0.0448284,0
509,0.391999,-0.395199,0.0445611,-0.0449287,0
510,0.393599,-0.396799,0.0446447,-0.0450122,0
511,0.393599,-0.396799,0.0447449,-0.0451124,0
512,0.395199,-0.398399,0.0448284,-0.045196,0
513,0.395199,-0.398399,0.0449287,-0.0452962,0
514,0.396799,-0.399999,0.0450122,-0.0453797,0
515,0.396799,-0.399999,0.0451124,-0.04548,0
516,0.398399,-0.401599,0.045196,-0.0455635,0
517,0.398399,-0.401599,0.0452962,-0.0456637,0
518,0.399999,-0.403199,0.0453797,-0.0457473,0
519,0.399999,-0.403199,0.04548,-0.0458475,0
520,0.401599,-0.404799,0.0455635,-0.045931,0
521,0.401599,-0.404799,0.0456637,-0.0460313,0
522,0.403199,-0.406399,0.0457473,-0.0461148,0
523,0.403199,-0.406399,0.0458475,-0.046215,0
524,0.404799,-0.407999,0.045931,-0.0462986,0
525,0.404799,-0.407999,0.0460313,-0.0463988,0
526,0.406399,-0.409599,0.0461148,-0.0464823,0
527,0.406399,-0.409599,0.046215,-0.0465825,0
528,0.407999,-0.411199,0.0462986,-0.0466661,0
529,0.407999,-0.411199,0.0463988,-0.0467663,0
530,0.409599,-0.412799,0.0464823,-0.0468498,0
531,0.409599,-0.412799,0.0465825,-0.04695,0
532,0.411199,-0.414399,0.0466661,-0.0470336,0
533,0.411199,-0.414399,0.0467663,-0.0471338,0
534,0.412799,-0.415999,0.0468498,-0.0472173,0
535,0.412799,-0.415999,0.04695,-0.0473175,0
536,0.414399,-0.417599,0.0470336,-0.0474011,0
537,0.414399,-0.417599,0.0471338,-0.0475013,0
538,0.415999,-0.419199,0.0472173,-0.0475848,0
539,0.415999,-0.419199,0.0473175,-0.047685,0
540,0.417599,-0.420799,0.0474011,-0.0477686,0
541,0.417599,-0.420799,0.0475013,-0.0478688,0
542,0.419199,-0.422399,0.0475848,-0.0479523,0
543,0.419199,-0.422399,0.047685,-0.0480525,0
544,0.420799,-0.423999,0.0477686,-0.0481361,0
545,0.420799,-0.423999,0.0478688,-0.0482363,0
546,0.422399,-0.425599,0.0479523,-0.0483198,0
547,0.422399,-0.425599,0.0480525,-0.04842,0
548,0.423999,-0.427199,0.0481361,-0.0485036,0
549,0.423999,-0.427199,0.0482363,-0.0486038,0
550,0.425599,-0.428799,0.0483198,-0.0486873,0
551,0.425599,-0.428799,0.04842,-0.0487875,0
552,0.427199,-0.430399,0.0485036,-0.048871,0
553,0.427199,-0.430399,0.0486038,-0.0489712,0
554,0.428799,-0.431999,0.0486873,-0.0490548,0
555,0.428799,-0.431999,0.0487875,-0.049155,0
556,0.430399,-0.433599,0.048871,-0.0492385,0
557,0.430399,-0.433599,0.0489712,-0.0493387,0
558,0.431999,-0.435199,0.0490548,-0.0494222,0
559,0.431999,-0.435199,0.049155,-0.0495224,0
560,0.433599,-0.436799,0.0492385,-0.049606,0
561,0.433599,-0.436799,0.0493387,-0.0497062,0
562,0.435199,-0.438399,0.0494222,-0.0497897,0
563,0.435199,-0.438399,0.0495224,-0.0498899,0
564,0.436799,-0.439999,0.049606,-0.0499734,0
565,0.436799,-0.439999,0.0497062,-0.0500736,0
566,0.438399,-0.441599,0.0497897,-0.0501572,0
567,0.438399,-0.441599,0.0498899,-0.0502574,0
568,0.439999,-0.443199,0.0499734,-0.0503409,0
569,0.439999,-0.443199,0.0500736,-0.0504411,0
570,0.441599,-0.444799,0.0501572,-0.0505246,0
571,0.441599,-0.444799,0.0502574,-0.0506248,0
572,0.443199,-0.446399,0.0503409,-0.0507084,0
573,0.443199,-0.446399,0.0504411,-0.0508086,0
574,0.444799,-0.447999,0.0505246,-0.0508921,0
575,0.444799,-0.447999,0.0506248,-0.0509923,0
576,0.446399,-0.449599,0.0507084,-0.0510758,0
577,0.446399,-0.449599,0.0508086,-0.051176,0
578,0.447999,-0.451199,0.0508921,-0.0512595,0
579,0.447999,-0.451199,0.0509923,-0.0513597,0
580,0.449599,-0.452799,0.0510758,-0.0514432,0
581,0.449599,-0.452799,0.051176,-0.0515434,0
582,0.451199,-0.454399,0.0512595,-0.051627,0
583,0.451199,-0.454399,0.0513597,-0.0517272,0
584,0.452799,-0.455999,0.0514432,-0.0518107,0
585,0.452799,-0.455999,0.0515434,-0.0519109,0
586,0.454399,-0.457599,0.051627,-0.0519944,0
587,0.454399,-0.457599,0.0517272,-0.0520946,0
588,0.455999,-0.459199,0.0518107,-0.0521781,0
589,0.455999,-0.459199,0.0519109,-0.0522783,0
590,0.457599,-0.460799,0.0519944,-0.0523618,0
591,0.457599,-0.460799,0.0520946,-0.052462,0
592,0.459199,-0.462399,0.0521781,-0.0525455,0
593,0.459199,-0.462399,0.0522783,-0.0526457,0
594,0.460799,-0.463999,0.0523618,-0.0527293,0
595,0.460799,-0.463999,0.052462,-0.0528295,0
596,0.462399,-0.465599,0.0525455,-0.052913,0
597,0.462399,-0.465599,0.0526457,-0.0530132,0
598,0.463999,-0.467199,0.0527293,-0.0530967,0
599,0.463999,-0.467199,0.0528295,-0.0531969,0
600,0.465599,-0.468799,0.052913,-0.0532804,0
601,0.465599,-0.468799,0.0530132,-0.0533806,0
602,0.467199,-0.470399,0.0530967,-0.0534641,0
603,0.467199,-0.470399,0.0531969,-0.0535643,0
604,0.468799,-0.471999,0.0532804,-0.0536478,0
605,0.468799,-0.471999,0.0533806,-0.053748,0
606,0.470399,-0.473599,0.0534641,-0.0538315,0
607,0.470399,-0.473599,0.0535643,-0.0539317,0
608,0.471999,-0.475199,0.0536478,-0.0540152,0
609,0.471999,-0.475199,0.053748,-0.0541154,0
610,0.473599,-0.476799,0.0538315,-0.0541989,0
611,0.473599,-0.476799,0.0539317,-0.0542991,0
612,0.475199,-0.478399,0.0540152,-0.0543826,0
613,0.475199,-0.478399,0.0541154,-0.0544828,0
614,0.476799,-0.479999,0.0541989,-0.0545663,0
615,0.476799,-0.479999,0.0542991,-0.0546665,0
616,0.478399,-0.481599,0.0543826,-0.05475,0
617,0.478399,-0.481599,0.0544828,-0.0548502,0
618,0.479999,-0.483199,0.0545663,-0.0549337,0
619,0.479999,-0.483199,0.0546665,-0.0550339,0
620,0.481599,-0.484799,0.05475,-0.0551174,0
621,0.481599,-0.484799,0.0548502,-0.0552176,0
622,0.483199,-0.486399,0.0549337,-0.0553011,0
623,0.483199,-0.486399,0.0550339,-0.0554013,0
624,0.484799,-0.487999,0.0551174,-0.0554848,0
625,0.484799,-0.487999,0.0552176,-0.055585,0
626,0.486399,-0.489599,0.0553011,-0.0556685,0
627,0.486399,-0.489599,0.0554013,-0.0557686,0
628,0.487999,-0.491199,0.0554848,-0.0558522,0
629,0.487999,-0.491199,0.055585,-0.0559523,0
630,0.489599,-0.492799,0.0556685,-0.0560358,0
631,0.489599,-0.492799,0.0557686,-0.056136,0
632,0.491199,-0.494399,0.0558522,-0.0562195,0
633,0.491199,-0.494399,0.0559523,-0.0563197,0
634,0.492799,-0.495999,0.0560358,-0.0564032,0
635,0.492799,-0.495999,0.056136,-0.0565034,0
636,0.494399,-0.497599,0.0562195,-0.0565869,0
637,0.494399,-0.497599,0.0563197,-0.0566871,0
638,0.495999,-0.499199,0.0564032,-0.0567706,0
639,0.495999,-0.499199,0.0565034,-0.0568708,0
640,0.497599,-0.500799,0.0565869,-0.0569543,0
641,0.497599,-0.500799,0.0566871,-0.0570544,0
642,0.499199,-0.502399,0.0567706,-0.0571379,0
643,0.499199,-0.502399,0.0568708,-0.0572381,0
644,0.500799,-0.503999,0.0569543,-0.0573216,0
645,0.500799,-0.503999,0.0570544,-0.0574218,0
646,0.502399,-0.505599,0.0571379,-0.0575053,0
647,0.502399,-0.505599,0.0572381,-0.0576055,0
648,0.503999,-0.507199,0.0573216,-0.057689,0
649,0.503999,-0.507199,0.0574218,-0.0577891,0
650,0.505599,-0.508799,0.0575053,-0.0578726,0
651,0.505599,-0.508799,0.0576055,-0.0579728,0
652,0.507199,-0.510399,0.057689,-0.0580563,0
653,0.507199,-0.510399,0.0577891,-0.0581565,0
654,0.508799,-0.511999,0.0578726,-0.05824,0
655,0.508799,-0.511999,0.0579728,-0.0583402,0
656,0.510399,-0.5136,0.0580563,-0.0584237,0
657,0.510399,-0.5136,0.0581565,-0.0585238,0
658,0.511999,-0.5152,0.05824,-0.0586073,0
659,0.511999,-0.5152,0.0583402,-0.0587075,0
660,0.5136,-0.5168,0.0584237,-0.058791,0
661,0.5136,-0.5168,0.0585238,-0.0588912,0
662,0.5152,-0.5184,0.0586073,-0.0589747,0
663,0.5152,-0.5184,0.0587075,-0.0590748,0
664,0.5168,-0.52,0.058791,-0.0591583,0
665,0.5168,-0.52,0.0588912,-0.0592585,0
666,0.5184,-0.5216,0.0589747,-0.059342,0
667,0.5184,-0.5216,0.0590748,-0.0594422,0
668,0.52,-0.5232,0.0591583,-0.0595257,0
669,0.52,-0.5232,0.0592585,-0.0596258,0
670,0.5216,-0.5248,0.059342,-0.0597093,0
671,0.5216,-0.5248,0.0594422,-0.0598095,0
672,0.5232,-0.5264,0.0595257,-0.059893,0
673,0.5232,-0.5264,0.0596258,-0.0599932,0
674,0.5248,-0.528,0.0597093,-0.0600767,0
675,0.5248,-0.528,0.0598095,-0.0601768,0
676,0.5264,-0.5296,0.059893,-0.0602603,0
677,0.5264,-0.5296,0.0599932,-0.0603605,0
678,0.528,-0.5312,0.0600767,-0.060444,0
679,0.528,-0.5312,0.0601768,-0.0605441,0
680,0.5296,-0.5328,0.0602603,-0.0606276,0
681,0.5296,-0.5328,0.0603605,-0.0607278,0
682,0.5312,-0.5344,0.060444,-0.0608113,0
683,0.5312,-0.5344,0.0605441,-0.0609115,0
684,0.5328,-0.536,0.0606276,-0.0609949,0
685,0.5328,-0.536,0.0607278,-0.0610951,0
686,0.5344,-0.5376,0.0608113,-0.0611786,0
687,0.5344,-0.5376,0.0609115,-0.0612788,0
688,0.536,-0.5392,0.0609949,-0.0613623,0
689,0.536,-0.5392,0.0610951,-0.0614624,0
690,0.5376,-0.5408,0.0611786,-0.0615459,0
691,0.5376,-0.5408,0.0612788,-0.0616461,0
692,0.5392,-0.5424,0.0613623,-0.0617296,0
693,0.5392,-0.5424,0.0614624,-0.0618297,0
694,0.5408,-0.544,0.0615459,-0.0619132,0
695,0.5408,-0.544,0.0616461,-0.0620134,0
696,0.5424,-0.5456,0.0617296,-0.0620969,0
697,0.5424,-0.5456,0.0618297,-0.062197,0
698,0.544,-0.5472,0.0619132,-0.0622805,0
699,0.544,-0.5472,0.0620134,-0.0623807,0
700,0.5456,-0.5488,0.0620969,-0.0624641,0
701,0.5456,-0.5488,0.062197,-0.0625643,0
702,0.5472,-0.5504,0.0622805,-0.0626478,0
703,0.5472,-0.5504,0.0623807,-0.0627479,0
704,0.5488,-0.552,0.0624641,-0.0628314,0
705,0.5488,-0.552,0.0625643,-0.0629316,0
706,0.5504,-0.5536,0.0626478,-0.0630151,0
707,0.5504,-0.5536,0.0627479,-0.0631152,0
708,0.552,-0.5552,0.0628314,-0.0631987,0
709,0.552,-0.5552,0.0629316,-0.0632989,0
710,0.5536,-0.5568,0.0630151,-0.0633823,0
711,0.5536,-0.5568,0.0631152,-0.0634825,0
712,0.5552,-0.5584,0.0631987,-0.063566,0
713,0.5552,-0.5584,0.0632989,-0.0636661,0
714,0.5568,-0.56,0.0633823,-0.0637496,0
715,0.5568,-0.56,0.0634825,-0.0638498,0
716,0.5584,-0.5616,0.063566,-0.0639332,0
717,0.5584,-0.5616,0.0636661,-0.0640334,0
718,0.56,-0.5632,0.0637496,-0.0641169,0
719,0.56,-0.5632,0.0638498,-0.064217,0
720,0.5616,-0.5648,0.0639332,-0.0643005,0
721,0.5616,-0.5648,0.0640334,-0.0644006,0
722,0.5632,-0.5664,0.0641169,-0.0644841,0
723,0.5632,-0.5664,0.064217,-0.0645843,0
724,0.5648,-0.568,0.0643005,-0.0646677,0
725,0.5648,-0.568,0.0644006,-0.0647679,0
726,0.5664,-0.5696,0.0644841,-0.0648514,0
727,0.5664,-0.5696,0.0645843,-0.0649515,0
728,0.568,-0.5712,0.0646677,-0.065035,0
729,0.568,-0.5712,0.0647679,-0.0651351,0
730,0.5696,-0.572801,0.0648514,-0.0652186,0
731,0.5696,-0.572801,0.0649515,-0.0653188,0
732,0.5712,-0.574401,0.065035,-0.0654022,0
733,0.5712,-0.574401,0.0651351,-0.0655024,0
734,0.572801,-0.576001,0.0652186,-0.0655859,0
735,0.572801,-0.576001,0.0653188,-0.065686,0
736,0.574401,-0.577601,0.0654022,-0.0657695,0
737,0.574401,-0.577601,0.0655024,-0.0658696,0
738,0.576001,-0.579201,0.0655859,-0.0659531,0
739,0.576001,-0.579201,0.065686,-0.0660532,0
740,0.577601,-0.580801,0.0657695,-0.0661367,0
741,0.577601,-0.580801,0.0658696,-0.0662369,0
742,0.579201,-0.582401,0.0659531,-0.0663203,0
743,0.579201,-0.582401,0.0660532,-0.0664205,0
744,0.580801,-0.584001,0.0661367,-0.066504,0
745,0.580801,-0.584001,0.0662369,-0.0666041,0
746,0.582401,-0.585601,0.0663203,-0.0666876,0
747,0.582401,-0.585601,0.0664205,-0.0667877,0
748,0.584001,-0.587201,0.066504,-0.0668712,0
749,0.584001,-0.587201,0.0666041,-0.0669713,0
750,0.585601,-0.588801,0.0666876,-0.0670548,0
751,0.585601,-0.588801,0.0667877,-0.0671549,0
752,0.587201,-0.590401,0.0668712,-0.0672384,0
753,0.587201,-0.590401,0.0669713,-0.0673385,0
754,0.588801,-0.592001,0.0670548,-0.067422,0
755,0.588801,-0.592001,0.0671549,-0.0675221,0
756,0.590401,-0.593601,0.0672384,-0.0676056,0
757,0.590401,-0.593601,0.0673385,-0.0677057,0
758,0.592001,-0.595201,0.067422,-0.0677892,0
759,0.592001,-0.595201,0.0675221,-0.0678893,0
760,0.593601,-0.596801,0.0676056,-0.0679728,0
761,0.593601,-0.596801,0.0677057,-0.0680729,0
762,0.595201,-0.598401,0.0677892,-0.0681564,0
763,0.595201,-0.598401,0.0678893,-0.0682565,0
764,0.596801,-0.600001,0.0679728,-0.06834,0
765,0.596801,-0.600001,0.0680729,-0.0684401,0
766,0.598401,-0.601601,0.0681564,-0.0685236,0
767,0.598401,-0.601601,0.0682565,-0.0686237,0
768,0.600001,-0.603201,0.06834,-0.0687072,0
769,0.600001,-0.603201,0.0684401,-0.0688073,0
770,0.601601,-0.604801,0.0685236,-0.0688908,0
771,0.601601,-0.604801,0.0686237,-0.0689909,0
772,0.603201,-0.606401,0.0687072,-0.0690744,0
773,0.603201,-0.606401,0.0688073,-0.0691745,0
774,0.604801,-0.608001,0.0688908,-0.069258,0
775,0.604801,-0.608001,0.0689909,-0.0693581,0
776,0.606401,-0.609601,0.0690744,-0.0694416,0
777,0.606401,-0.609601,0.0691745,-0.0695417,0
778,0.608001,-0.611201,0.069258,-0.0696252,0
779,0.608001,-0.611201,0.0693581,-0.0697253,0
780,0.609601,-0.612801,0.0694416,-0.0698088,0
781,0.609601,-0.612801,0.0695417,-0.0699089,0
782,0.611201,-0.614401,0.0696252,-0.0699924,0
783,0.611201,-0.614401,0.0697253,-0.0700925,0
784,0.612801,-0.616001,0.0698088,-0.070176,0
785,0.612801,-0.616001,0.0699089,-0.0702761,0
786,0.614401,-0.617601,0.0699924,-0.0703595,0
787,0.614401,-0.617601,0.0700925,-0.0704597,0
788,0.616001,-0.619201,0.070176,-0.0705431,0
789,0.616001,-0.619201,0.0702761,-0.0706432,0
790,0.617601,-0.620801,0.0703595,-0.0707267,0
791,0.617601,-0.620801,0.0704597,-0.0708268,0
792,0.619201,-0.622401,0.0705431,-0.0709103,0
793,0.619201,-0.622401,0.0706432,-0.0710104,0
794,0.620801,-0.624001,0.0707267,-0.0710939,0
795,0.620801,-0.624001,0.0708268,-0.071194,0
796,0.622401,-0.625601,0.0709103,-0.0712774,0
797,0.622401,-0.625601,0.0710104,-0.0713776,0
798,0.624001,-0.627201,0.0710939,-0.071461,0
799,0.624001,-0.627201,0.071194,-0.0715611,0
800,0.625601,-0.628801,0.0712774,-0.0716446,0
801,0.625601,-0.628801,0.0713776,-0.0717447,0
802,0.627201,-0.630401,0.071461,-0.0718282,0
803,0.627201,-0.630401,0.0715611,-0.0719283,0
804,0.628801,-0.632002,0.0716446,-0.0720117,0
805,0.628801,-0.632002,0.0717447,-0.0721119,0
806,0.630401,-0.633602,0.0718282,-0.0721953,0
807,0.630401,-0.633602,0.0719283,-0.0722954,0
808,0.632002,-0.635202,0.0720117,-0.0723789,0
809,0.632002,-0.635202,0.0721119,-0.072479,0
810,0.633602,-0.636802,0.0721953,-0.0725624,0
811,0.633602,-0.636802,0.0722954,-0.0726626,0
812,0.635202,-0.638402,0.0723789,-0.072746,0
813,0.635202,-0.638402,0.072479,-0.0728461,0
814,0.636802,-0.640002,0.0725624,-0.0729296,0
815,0.636802,-0.640002,0.0726626,-0.0730297,0
816,0.638402,-0.641602,0.072746,-0.0731132,0
817,0.638402,-0.641602,0.0728461,-0.0732133,0
818,0.640002,-0.643202,0.0729296,-0.0732967,0
819,0.640002,-0.643202,0.0730297,-0.0733968,0
820,0.641602,-0.644802,0.0731132,-0.0734803,0
821,0.641602,-0.644802,0.0732133,-0.0735804,0
822,0.643202,-0.646402,0.0732967,-0.0736638,0
823,0.643202,-0.646402,0.0733968,-0.0737639,0
824,0.644802,-0.648002,0.0734803,-0.0738474,0
825,0.644802,-0.648002,0.0735804,-0.0739475,0
826,0.646402,-0.649602,0.0736638,-0.074031,0
827,0.646402,-0.649602,0.0737639,-0.0741311,0
828,0.648002,-0.651202,0.0738474,-0.0742145,0
829,0.648002,-0.651202,0.0739475,-0.0743146,0
830,0.649602,-0.652802,0.074031,-0.0743981,0
831,0.649602,-0.652802,0.0741311,-0.0744982,0
832,0.651202,-0.654402,0.0742145,-0.0745816,0
833,0.651202,-0.654402,0.0743146,-0.0746817,0
834,0.652802,-0.656002,0.0743981,-0.0747652,0
835,0.652802,-0.656002,0.0744982,-0.0748653,0
836,0.654402,-0.657602,0.0745816,-0.0749487,0
837,0.654402,-0.657602,0.0746817,-0.0750488,0
838,0.656002,-0.659202,0.0747652,-0.0751323,0
839,0.656002,-0.659202,0.0748653,-0.0752324,0
840,0.657602,-0.660802,0.0749487,-0.0753158,0
841,0.657602,-0.660802,0.0750488,-0.0754159,0
842,0.659202,-0.662402,0.0751323,-0.0754994,0
843,0.659202,-0.662402,0.0752324,-0.0755995,0
844,0.660802,-0.664002,0.0753158,-0.0756829,0
845,0.660802,-0.664002,0.0754159,-0.075783,0
846,0.662402,-0.665602,0.0754994,-0.0758665,0
847,0.662402,-0.665602,0.0755995,-0.0759666,0
848,0.664002,-0.667202,0.0756829,-0.07605,0
849,0.664002,-0.667202,0.075783,-0.0761501,0
850,0.665602,-0.668802,0.0758665,-0.0762336,0
851,0.665602,-0.668802,0.0759666,-0.0763337,0
852,0.667202,-0.670402,0.07605,-0.0764171,0
853,0.667202,-0.670402,0.0761501,-0.0765172,0
854,0.668802,-0.672002,0.0762336,-0.0766006,0
855,0.668802,-0.672002,0.0763337,-0.0767007,0
856,0.670402,-0.673602,0.0764171,-0.0767842,0
857,0.670402,-0.673602,0.0765172,-0.0768843,0
858,0.672002,-0.675202,0.0766006,-0.0769677,0
859,0.672002,-0.675202,0.0767007,-0.0770678,0
860,0.673602,-0.676802,0.0767842,-0.0771512,0
861,0.673602,-0.676802,0.0768843,-0.0772513,0
862,0.675202,-0.678402,0.0769677,-0.0773348,0
863,0.675202,-0.678402,0.0770678,-0.0774349,0
864,0.676802,-0.680002,0.0771512,-0.0775183,0
865,0.676802,-0.680002,0.0772513,-0.0776184,0
866,0.678402,-0.681602,0.0773348,-0.0777018,0
867,0.678402,-0.681602,0.0774349,-0.0778019,0
868,0.680002,-0.683202,0.0775183,-0.0778854,0
869,0.680002,-0.683202,0.0776184,-0.0779855,0
870,0.681602,-0.684802,0.0777018,-0.0780689,0
871,0.681602,-0.684802,0.0778019,-0.078169,0
872,0.683202,-0.686402,0.0778854,-0.0782524,0
873,0.683202,-0.686402,0.0779855,-0.0783525,0
874,0.684802,-0.688002,0.0780689,-0.0784359,0
875,0.684802,-0.688002,0.078169,-0.078536,0
876,0.686402,-0.689602,0.0782524,-0.0786195,0
877,0.686402,-0.689602,0.0783525,-0.0787196,0
878,0.688002,-0.691203,0.0784359,-0.078803,0
879,0.688002,-0.691203,0.078536,-0.0789031,0
880,0.689602,-0.692803,0.0786195,-0.0789865,0
881,0.689602,-0.692803,0.0787196,-0.0790866,0
882,0.691203,-0.694403,0.078803,-0.07917,0
883,0.691203,-0.694403,0.0789031,-0.0792701,0
884,0.692803,-0.696003,0.0789865,-0.0793536,0
885,0.692803,-0.696003,0.0790866,-0.0794537,0
886,0.694403,-0.697603,0.07917,-0.0795371,0
887,0.694403,-0.697603,0.0792701,-0.0796372,0
888,0.696003,-0.699203,0.0793536,-0.0797206,0
889,0.696003,-0.699203,0.0794537,-0.0798207,0
890,0.697603,-0.700803,0.0795371,-0.0799041,0
891,0.697603,-0.700803,0.0796372,-0.0800042,0
892,0.699203,-0.702403,0.0797206,-0.0800876,0
893,0.699203,-0.702403,0.0798207,-0.0801877,0
894,0.700803,-0.704003,0.0799041,-0.0802711,0
895,0.700803,-0.704003,0.0800042,-0.0803712,0
896,0.702403,-0.705603,0.0800876,-0.0804546,0
897,0.702403,-0.705603,0.0801877,-0.0805547,0
898,0.704003,-0.707203,0.0802711,-0.0806382,0
899,0.704003,-0.707203,0.0803712,-0.0807382,0
900,0.705603,-0.708803,0.0804546,-0.0808217,0
901,0.705603,-0.708803,0.0805547,-0.0809217,0
902,0.707203,-0.710403,0.0806382,-0.0810052,0
903,0.707203,-0.710403,0.0807382,-0.0811053,0
904,0.708803,-0.712003,0.0808217,-0.0811887,0
905,0.708803,-0.712003,0.0809217,-0.0812888,0
906,0.710403,-0.713603,0.0810052,-0.0813722,0
907,0.710403,-0.713603,0.0811053,-0.0814723,0
908,0.712003,-0.715203,0.0811887,-0.0815557,0
909,0.712003,-0.715203,0.0812888,-0.0816558,0
910,0.713603,-0.716803,0.0813722,-0.0817392,0
911,0.713603,-0.716803,0.0814723,-0.0818393,0
912,0.715203,-0.718403,0.0815557,-0.0819227,0
913,0.715203,-0.718403,0.0816558,-0.0820228,0
914,0.716803,-0.720003,0.0817392,-0.0821062,0
915,0.716803,-0.720003,0.0818393,-0.0822063,0
916,0.718403,-0.721603,0.0819227,-0.0822897,0
917,0.718403,-0.721603,0.0820228,-0.0823898,0
918,0.720003,-0.723203,0.0821062,-0.0824732,0
919,0.720003,-0.723203,0.0822063,-0.0825733,0
920,0.721603,-0.724803,0.0822897,-0.0826567,0
921,0.721603,-0.724803,0.0823898,-0.0827568,0
922,0.723203,-0.726403,0.0824732,-0.0828402,0
923,0.723203,-0.726403,0.0825733,-0.0829403,0
924,0.724803,-0.728003,0.0826567,-0.0830237,0
925,0.724803,-0.728003,0.0827568,-0.0831237,0
926,0.726403,-0.729603,0.0828402,-0.0832072,0
927,0.726403,-0.729603,0.0829403,-0.0833072,0
928,0.728003,-0.731203,0.0830237,-0.0833906,0
929,0.728003,-0.731203,0.0831237,-0.0834907,0
930,0.729603,-0.732803,0.0832072,-0.0835741,0
931,0.729603,-0.732803,0.0833072,-0.0836742,0
932,0.731203,-0.734403,0.0833906,-0.0837576,0
933,0.731203,-0.734403,0.0834907,-0.0838577,0
934,0.732803,-0.736003,0.0835741,-0.0839411,0
935,0.732803,-0.736003,0.0836742,-0.0840412,0
936,0.734403,-0.737603,0.0837576,-0.0841246,0
937,0.734403,-0.737603,0.0838577,-0.0842247,0
938,0.736003,-0.739203,0.0839411,-0.0843081,0
939,0.736003,-0.739203,0.0840412,-0.0844081,0
940,0.737603,-0.740803,0.0841246,-0.0844916,0
941,0.737603,-0.740803,0.0842247,-0.0845916,0
942,0.739203,-0.742403,0.0843081,-0.084675,0
943,0.739203,-0.742403,0.0844081,-0.0847751,0
944,0.740803,-0.744003,0.0844916,-0.0848585,0
945,0.740803,-0.744003,0.0845916,-0.0849586,0
946,0.742403,-0.745603,0.084675,-0.085042,0
947,0.742403,-0.745603,0.0847751,-0.0851421,0
948,0.744003,-0.747203,0.0848585,-0.0852255,0
949,0.744003,-0.747203,0.0849586,-0.0853255,0
950,0.745603,-0.748803,0.085042,-0.0854089,0
951,0.745603,-0.748803,0.0851421,-0.085509,0
952,0.747203,-0.750404,0.0852255,-0.0855924,0
953,0.747203,-0.750404,0.0853255,-0.0856925,0
954,0.748803,-0.752004,0.0854089,-0.0857759,0
955,0.748803,-0.752004,0.085509,-0.085876,0
956,0.750404,-0.753604,0.0855924,-0.0859594,0
957,0.750404,-0.753604,0.0856925,-0.0860594,0
958,0.752004,-0.755204,0.0857759,-0.0861428,0
959,0.752004,-0.755204,0.085876,-0.0862429,0
960,0.753604,-0.756804,0.0859594,-0.0863263,0
961,0.753604,-0.756804,0.0860594,-0.0864264,0
962,0.755204,-0.758404,0.0861428,-0.0865098,0
963,0.755204,-0.758404,0.0862429,-0.0866098,0
964,0.756804,-0.760004,0.0863263,-0.0866932,0
965,0.756804,-0.760004,0.0864264,-0.0867933,0
966,0.758404,-0.761604,0.0865098,-0.0868767,0
967,0.758404,-0.761604,0.0866098,-0.0869768,0
968,0.760004,-0.763204,0.0866932,-0.0870602,0
969,0.760004,-0.763204,0.0867933,-0.0871602,0
970,0.761604,-0.764804,0.0868767,-0.0872436,0
971,0.761604,-0.764804,0.0869768,-0.0873437,0
972,0.763204,-0.766404,0.0870602,-0.0874271,0
973,0.763204,-0.766404,0.0871602,-0.0875271,0
974,0.764804,-0.768004,0.0872436,-0.0876105,0
975,0.764804,-0.768004,0.0873437,-0.0877106,0
976,0.766404,-0.769604,0.0874271,-0.087794,0
977,0.766404,-0.769604,0.0875271,-0.087894,0
978,0.768004,-0.771204,0.0876105,-0.0879774,0
979,0.768004,-0.771204,0.0877106,-0.0880775,0
980,0.769604,-0.772804,0.087794,-0.0881609,0
981,0.769604,-0.772804,0.087894,-0.0882609,0
982,0.771204,-0.774404,0.0879774,-0.0883443,0
983,0.771204,-0.774404,0.0880775,-0.0884444,0
984,0.772804,-0.776004,0.0881609,-0.0885278,0
985,0.772804,-0.776004,0.0882609,-0.0886279,0
986,0.774404,-0.777604,0.0883443,-0.0887112,0
987,0.774404,-0.777604,0.0884444,-0.0888113,0
988,0.776004,-0.779204,0.0885278,-0.0888947,0
989,0.776004,-0.779204,0.0886279,-0.0889947,0
990,0.777604,-0.780804,0.0887112,-0.0890781,0
991,0.777604,-0.780804,0.0888113,-0.0891782,0
992,0.779204,-0.782404,0.0888947,-0.0892616,0
993,0.779204,-0.782404,0.0889947,-0.0893616,0
994,0.780804,-0.784004,0.0890781,-0.089445,0
995,0.780804,-0.784004,0.0891782,-0.0895451,0
996,0.782404,-0.785604,0.0892616,-0.0896285,0
997,0.782404,-0.785604,0.0893616,-0.0897285,0
998,0.784004,-0.787204,0.089445,-0.0898119,0
999,0.784004,-0.787204,0.0895451,-0.089912,0
1000,0.785604,-0.788804,0.0896285,-0.0899954,0
1001,0.785604,-0.788804,0.0897285,-0.0900954,0
1002,0.787204,-0.790404,0.0898119,-0.0901788,0
1003,0.787204,-0.790404,0.089912,-0.0902789,0
1004,0.788804,-0.792004,0.0899954,-0.0903622,0
1005,0.788804,-0.792004,0.0900954,-0.0904623,0
1006,0.790404,-0.793604,0.0901788,-0.0905457,0
1007,0.790404,-0.793604,0.0902789,-0.0906457,0
1008,0.792004,-0.795204,0.0903622,-0.0907291,0
1009,0.792004,-0.795204,0.0904623,-0.0908292,0
1010,0.793604,-0.796804,0.0905457,-0.0909126,0
1011,0.793604,-0.796804,0.0906457,-0.0910126,0
1012,0.795204,-0.798404,0.0907291,-0.091096,0
1013,0.795204,-0.798404,0.0908292,-0.091196,0
1014,0.796804,-0.800004,0.0909126,-0.0912794,0
1015,0.796804,-0.800004,0.0910126,-0.0913795,0
1016,0.798404,-0.801604,0.091096,-0.0914629,0
1017,0.798404,-0.801604,0.091196,-0.0915629,0
1018,0.800004,-0.803204,0.0912794,-0.0916463,0
1019,0.800004,-0.803204,0.0913795,-0.0917463,0
1020,0.801604,-0.804804,0.0914629,-0.0918297,0
1021,0.801604,-0.804804,0.0915629,-0.0919297,0
1022,0.803204,-0.806404,0.0916463,-0.0920131,0
1023,0.803204,-0.806404,0.0917463,-0.0921132,0
1024,0.804804,-0.808004,0.0918297,-0.0921966,0
1025,0.804804,-0.808004,0.0919297,-0.0922966,0
1026,0.806404,-0.809605,0.0920131,-0.09238,0
1027,0.806404,-0.809605,0.0921132,-0.09248,0
1028,0.808004,-0.811205,0.0921966,-0.0925634,0
1029,0.808004,-0.811205,0.0922966,-0.0926634,0
1030,0.809605,-0.812805,0.09238,-0.0927468,0
1031,0.809605,-0.812805,0.09248,-0.0928469,0
1032,0.811205,-0.814405,0.0925634,-0.0929302,0
1033,0.811205,-0.814405,0.0926634,-0.0930303,0
1034,0.812805,-0.816005,0.0927468,-0.0931137,0
1035,0.812805,-0.816005,0.0928469,-0.0932137,0
1036,0.814405,-0.817605,0.0929302,-0.0932971,0
1037,0.814405,-0.817605,0.0930303,-0.0933971,0
1038,0.816005,-0.819205,0.0931137,-0.0934805,0
1039,0.816005,-0.819205,0.0932137,-0.0935805,0
1040,0.817605,-0.820805,0.0932971,-0.0936639,0
1041,0.817605,-0.820805,0.0933971,-0.0937639,0
1042,0.819205,-0.822405,0.0934805,-0.0938473,0
1043,0.819205,-0.822405,0.0935805,-0.0939474,0
1044,0.820805,-0.824005,0.0936639,-0.0940307,0
1045,0.820805,-0.824005,0.0937639,-0.0941308,0
1046,0.822405,-0.825605,0.0938473,-0.0942141,0
1047,0.822405,-0.825605,0.0939474,-0.0943142,0
1048,0.824005,-0.827205,0.0940307,-0.0943976,0
1049,0.824005,-0.827205,0.0941308,-0.0944976,0
1050,0.825605,-0.828805,0.0942141,-0.094581,0
1051,0.825605,-0.828805,0.0943142,-0.094681,0
1052,0.827205,-0.830405,0.0943976,-0.0947644,0
1053,0.827205,-0.830405,0.0944976,-0.0948644,0
1054,0.828805,-0.832005,0.094581,-0.0949478,0
1055,0.828805,-0.832005,0.094681,-0.0950478,0
1056,0.830405,-0.833605,0.0947644,-0.0951312,0
1057,0.830405,-0.833605,0.0948644,-0.0952312,0
1058,0.832005,-0.835205,0.0949478,-0.0953146,0
1059,0.832005,-0.835205,0.0950478,-0.0954146,0
1060,0.833605,-0.836805,0.0951312,-0.095498,0
1061,0.833605,-0.836805,0.0952312,-0.095598,0
1062,0.835205,-0.838405,0.0953146,-0.0956814,0
1063,0.835205,-0.838405,0.0954146,-0.0957814,0
1064,0.836805,-0.840005,0.095498,-0.0958648,0
1065,0.836805,-0.840005,0.095598,-0.0959648,0
1066,0.838405,-0.841605,0.0956814,-0.0960482,0
1067,0.838405,-0.841605,0.0957814,-0.0961482,0
1068,0.840005,-0.843205,0.0958648,-0.0962316,0
1069,0.840005,-0.843205,0.0959648,-0.0963316,0
1070,0.841605,-0.844805,0.0960482,-0.0964149,0
1071,0.841605,-0.844805,0.0961482,-0.096515,0
1072,0.843205,-0.846405,0.0962316,-0.0965983,0
1073,0.843205,-0.846405,0.0963316,-0.0966984,0
1074,0.844805,-0.848005,0.0964149,-0.0967817,0
1075,0.844805,-0.848005,0.096515,-0.0968817,0
1076,0.846405,-0.849605,0.0965983,-0.0969651,0
1077,0.846405,-0.849605,0.0966984,-0.0970651,0
1078,0.848005,-0.851205,0.0967817,-0.0971485,0
1079,0.848005,-0.851205,0.0968817,-0.0972485,0
1080,0.849605,-0.852805,0.0969651,-0.0973319,0
1081,0.849605,-0.852805,0.0970651,-0.0974319,0
1082,0.851205,-0.854405,0.0971485,-0.0975153,0
1083,0.851205,-0.854405,0.0972485,-0.0976153,0
1084,0.852805,-0.856005,0.0973319,-0.0976987,0
1085,0.852805,-0.856005,0.0974319,-0.0977987,0
1086,0.854405,-0.857605,0.0975153,-0.0978821,0
1087,0.854405,-0.857605,0.0976153,-0.0979821,0
1088,0.856005,-0.859205,0.0976987,-0.0980654,0
1089,0.856005,-0.859205,0.0977987,-0.0981655,0
1090,0.857605,-0.860805,0.0978821,-0.0982488,0
1091,0.857605,-0.860805,0.0979821,-0.0983489,0
1092,0.859205,-0.862405,0.0980654,-0.0984322,0
1093,0.859205,-0.862405,0.0981655,-0.0985322,0
1094,0.860805,-0.864005,0.0982488,-0.0986156,0
1095,0.860805,-0.864005,0.0983489,-0.0987156,0
1096,0.862405,-0.865605,0.0984322,-0.098799,0
1097,0.862405,-0.865605,0.0985322,-0.098899,0
1098,0.864005,-0.867206,0.0986156,-0.0989823,0
1099,0.864005,-0.867206,0.0987156,-0.0990824,0
1100,0.865605,-0.868806,0.098799,-0.0991657,0
1101,0.865605,-0.868806,0.098899,-0.0992657,0
1102,0.867206,-0.870406,0.0989823,-0.0993491,0
1103,0.867206,-0.870406,0.0990824,-0.0994491,0
1104,0.868806,-0.872006,0.0991657,-0.0995324,0
1105,0.868806,-0.872006,0.0992657,-0.0996325,0
1106,0.870406,-0.873606,0.0993491,-0.0997158,0
1107,0.870406,-0.873606,0.0994491,-0.0998158,0
1108,0.872006,-0.875206,0.0995324,-0.0998992,0
1109,0.872006,-0.875206,0.0996325,-0.0999992,0
1110,0.873606,-0.876806,0.0997158,-0.100083,0
1111,0.873606,-0.876806,0.0998158,-0.100183,0
1112,0.875206,-0.878406,0.0998992,-0.100266,0
1113,0.875206,-0.878406,0.0999992,-0.100366,0
1114,0.876806,-0.880006,0.100083,-0.100449,0
1115,0.876806,-0.880006,0.100183,-0.100549,0
1116,0.878406,-0.881606,0.100266,-0.100633,0
1117,0.878406,-0.881606,0.100366,-0.100733,0
1118,0.880006,-0.883206,0.100449,-0.100816,0
1119,0.880006,-0.883206,0.100549,-0.100916,0
1120,0.881606,-0.884806,0.100633,-0.100999,0
1121,0.881606,-0.884806,0.100733,-0.101099,0
1122,0.883206,-0.886406,0.100816,-0.101183,0
1123,0.883206,-0.886406,0.100916,-0.101283,0
1124,0.884806,-0.888006,0.100999,-0.101366,0
1125,0.884806,-0.888006,0.101099,-0.101466,0
1126,0.886406,-0.889606,0.101183,-0.101549,0
1127,0.886406,-0.889606,0.101283,-0.101649,0
1128,0.888006,-0.891206,0.101366,-0.101733,0
1129,0.888006,-0.891206,0.101466,-0.101833,0
1130,0.889606,-0.892806,0.101549,-0.101916,0
1131,0.889606,-0.892806,0.101649,-0.102016,0
1132,0.891206,-0.894406,0.101733,-0.1021,0
1133,0.891206,-0.894406,0.101833,-0.1022,0
1134,0.892806,-0.896006,0.101916,-0.102283,0
1135,0.892806,-0.896006,0.102016,-0.102383,0
1136,0.894406,-0.897606,0.1021,-0.102466,0
1137,0.894406,-0.897606,0.1022,-0.102566,0
1138,0.896006,-0.899206,0.102283,-0.10265,0
1139,0.896006,-0.899206,0.102383,-0.10275,0
1140,0.897606,-0.900806,0.102466,-0.102833,0
1141,0.897606,-0.900806,0.102566,-0.102933,0
1142,0.899206,-0.902406,0.10265,-0.103016,0
1143,0.899206,-0.902406,0.10275,-0.103116,0
1144,0.900806,-0.904006,0.102833,-0.1032,0
1145,0.900806,-0.904006,0.102933,-0.1033,0
1146,0.902406,-0.905606,0.103016,-0.103383,0
1147,0.902406,-0.905606,0.103116,-0.103483,0
1148,0.904006,-0.907206,0.1032,-0.103566,0
1149,0.904006,-0.907206,0.1033,-0.103666,0
1150,0.905606,-0.908806,0.103383,-0.10375,0
1151,0.905606,-0.908806,0.103483,-0.10385,0
1152,0.907206,-0.910406,0.103566,-0.103933,0
1153,0.907206,-0.910406,0.103666,-0.104033,0
1154,0.908806,-0.912006,0.10375,-0.104116,0
1155,0.908806,-0.912006,0.10385,-0.104216,0
1156,0.910406,-0.913606,0.103933,-0.1043,0
1157,0.910406,-0.913606,0.104033,-0.1044,0
1158,0.912006,-0.915206,0.104116,-0.104483,0
1159,0.912006,-0.915206,0.104216,-0.104583,0
1160,0.913606,-0.916806,0.1043,-0.104666,0
1161,0.913606,-0.916806,0.1044,-0.104766,0
1162,0.915206,-0.918406,0.104483,-0.10485,0
1163,0.915206,-0.918406,0.104583,-0.10495,0
1164,0.916806,-0.920006,0.104666,-0.105033,0
1165,0.916806,-0.920006,0.104766,-0.105133,0
1166,0.918406,-0.921606,0.10485,-0.105216,0
1167,0.918406,-0.921606,0.10495,-0.105316,0
1168,0.920006,-0.923206,0.105033,-0.1054,0
1169,0.920006,-0.923206,0.105133,-0.1055,0
1170,0.921606,-0.924806,0.105216,-0.105583,0
1171,0.921606,-0.924806,0.105316,-0.105683,0
1172,0.923206,-0.926407,0.1054,-0.105766,0
1173,0.923206,-0.926407,0.1055,-0.105866,0
1174,0.924806,-0.928007,0.105583,-0.10595,0
1175,0.924806,-0.928007,0.105683,-0.10605,0
1176,0.926407,-0.929607,0.105766,-0.106133,0
1177,0.926407,-0.929607,0.105866,-0.106233,0
1178,0.928007,-0.931207,0.10595,-0.106316,0
1179,0.928007,-0.931207,0.10605,-0.106416,0
1180,0.929607,-0.932807,0.106133,-0.1065,0
1181,0.929607,-0.932807,0.106233,-0.1066,0
1182,0.931207,-0.934407,0.106316,-0.106683,0
1183,0.931207,-0.934407,0.106416,-0.106783,0
1184,0.932807,-0.936007,0.1065,-0.106866,0
1185,0.932807,-0.936007,0.1066,-0.106966,0
1186,0.934407,-0.937607,0.106683,-0.10705,0
1187,0.934407,-0.937607,0.106783,-0.107149,0
1188,0.936007,-0.939207,0.106866,-0.107233,0
1189,0.936007,-0.939207,0.106966,-0.107333,0
1190,0.937607,-0.940807,0.10705,-0.107416,0
1191,0.937607,-0.940807,0.107149,-0.107516,0
1192,0.939207,-0.942407,0.107233,-0.107599,0
1193,0.939207,-0.942407,0.107333,-0.107699,0
1194,0.940807,-0.944007,0.107416,-0.107783,0
1195,0.940807,-0.944007,0.107516,-0.107883,0
1196,0.942407,-0.945607,0.107599,-0.107966,0
1197,0.942407,-0.945607,0.107699,-0.108066,0
1198,0.944007,-0.947207,0.107783,-0.108149,0
1199,0.944007,-0.947207,0.107883,-0.108249,0
1200,1.0028,-1.006,0.107966,-0.108333,0
1201,1.0028,-1.006,0.109158,-0.109524,0
1202,1.0044,-1.0076,0.110151,-0.110517,0
1203,1.0044,-1.0076,0.111009,-0.111376,0
1204,1.006,-1.0664,0.111724,-0.112091,0
1205,1.006,-1.0664,0.112351,-0.113809,0
1206,1.0076,-1.068,0.112873,-0.115241,0
1207,1.0076,-1.068,0.113339,-0.116464,0
1208,1.0092,-1.0696,0.113727,-0.117484,0
1209,1.0092,-1.0696,0.114081,-0.118365,0
1210,1.0108,-1.0712,0.114376,-0.119098,0
1211,1.0108,-1.0712,0.114652,-0.11974,0
1212,1.06959,-1.12999,0.114882,-0.120275,0
1213,1.06959,-1.12999,0.116196,-0.121843,0
1214,1.07119,-1.13159,0.117291,-0.123149,0
1215,1.07119,-1.13159,0.118234,-0.124268,0
1216,1.12999,-1.19038,0.11902,-0.125201,0
1217,1.12999,-1.19038,0.120797,-0.1271,0
1218,1.18745,-1.24543,0.122278,-0.128682,0
1219,1.18745,-1.24543,0.124608,-0.131051,0
1220,1.48745,-1.54543,0.12655,-0.133025,0
1221,1.48745,-1.54543,0.133892,-0.140393,0
1222,1.23893,-1.29558,0.140009,-0.146532,0
1223,1.23893,-1.29558,0.140365,-0.146881,0
1224,1.28902,-1.34498,0.140663,-0.147172,0
1225,1.28902,-1.34498,0.141866,-0.148357,0
1226,1.58902,-1.64498,0.142868,-0.149345,0
1227,1.58902,-1.64498,0.149425,-0.155888,0
1228,1.32092,-1.37672,0.154888,-0.16134,0
1229,1.32092,-1.37672,0.154328,-0.160767,0
1230,1.36683,-1.42272,0.15386,-0.16029,0
1231,1.36683,-1.42272,0.154347,-0.16077,0
1232,1.66683,-1.72272,0.154752,-0.161169,0
1233,1.66683,-1.72272,0.16081,-0.167222,0
1234,1.40519,-1.46125,0.165857,-0.172265,0
1235,1.40519,-1.46125,0.165074,-0.171481,0
1236,1.45662,-1.22134,0.164421,-0.170829,0
1237,1.45662,-1.22134,0.164858,-0.165712,0
1238,1.75662,-1.52134,0.165222,-0.161448,0
1239,1.75662,-1.52134,0.171245,-0.163614,0
1240,1.49899,-1.55719,0.176262,-0.16542,0
1241,1.49899,-1.55719,0.175531,-0.167607,0
1242,1.26071,-1.61665,0.174923,-0.16943,0
1243,1.26071,-1.61665,0.169873,-0.172082,0
1244,1.56071,-1.91665,0.165666,-0.174291,0
1245,1.56071,-1.91665,0.16788,-0.18185,0
1246,1.59683,-1.61665,0.169724,-0.188147,0
1247,1.59683,-1.61665,0.171949,-0.187676,0
1248,1.6561,-1.73397,0.173803,-0.187283,0
1249,1.6561,-1.73397,0.176477,-0.189192,0
1250,1.9561,-2.03397,0.178705,-0.190782,0
1251,1.9561,-2.03397,0.186279,-0.197823,0
1252,1.6561,-1.76436,0.192588,-0.203688,0
1253,1.6561,-1.76436,0.192127,-0.203438,0
1254,1.77283,-1.52087,0.191744,-0.203229,0
1255,1.77283,-1.52087,0.193648,-0.198417,0
1256,2.07283,-1.82087,0.195235,-0.194407,0
1257,2.07283,-1.82087,0.202273,-0.196783,0
1258,1.77283,-1.84958,0.208135,-0.198762,0
1259,1.77283,-1.84958,0.207303,-0.200957,0
1260,1.85297,-1.61383,0.206611,-0.202786,0
1261,1.85297,-1.61383,0.207561,-0.199819,0
1262,2.15297,-1.91383,0.208352,-0.197346,0
1263,2.15297,-1.91383,0.214725,-0.201002,0
1264,1.85297,-1.68271,0.220033,-0.204047,0
1265,1.85297,-1.68271,0.218742,-0.202181,0
1266,1.94157,-1.97034,0.217666,-0.200627,0
1267,1.94157,-1.97034,0.218457,-0.204812,0
1268,2.24157,-2.27034,0.219117,-0.208297,0
1269,2.24157,-2.27034,0.225378,-0.216915,0
1270,1.94157,-1.97034,0.230594,-0.224092,0
1271,1.94157,-1.97034,0.229227,-0.224358,0
1272,1.74647,-2.08641,0.228088,-0.22458,0
1273,1.74647,-2.08641,0.223424,-0.226975,0
1274,2.04647,-2.38641,0.219539,-0.22897,0
1275,2.04647,-2.38641,0.222015,-0.236343,0
1276,2.08095,-2.08641,0.224078,-0.242483,0
1277,2.08095,-2.08641,0.226452,-0.241888,0
1278,1.85028,-1.86437,0.22843,-0.241392,0
1279,1.85028,-1.86437,0.225686,-0.236752,0
1280,2.15028,-2.16437,0.2234,-0.232887,0
1281,2.15028,-2.16437,0.227208,-0.235378,0
1282,1.91864,-1.89855,0.23038,-0.237453,0
1283,1.91864,-1.89855,0.228612,-0.234122,0
1284,1.97218,-2.1899,0.227139,-0.231346,0
1285,1.97218,-2.1899,0.226931,-0.234581,0
1286,2.27218,-2.4899,0.226758,-0.237275,0
1287,2.27218,-2.4899,0.232326,-0.24523,0
1288,2.03008,-2.1899,0.236964,-0.251855,0
1289,2.03008,-2.1899,0.236218,-0.251663,0
1290,2.32626,-2.03215,0.235596,-0.251504,0
1291,2.32626,-2.03215,0.240717,-0.248369,0
1292,2.62626,-2.33215,0.244981,-0.245757,0
1293,2.62626,-2.33215,0.254243,-0.249292,0
1294,2.32626,-2.06347,0.261956,-0.252236,0
1295,2.32626,-2.06347,0.262671,-0.249574,0
1296,2.13038,-2.11732,0.263267,-0.247358,0
1297,2.13038,-2.11732,0.260036,-0.246536,0
1298,2.43038,-2.41732,0.257345,-0.245852,0
1299,2.43038,-2.41732,0.260812,-0.250992,0
1300,2.15115,-2.17819,0.2637,-0.255272,0
1301,2.15115,-2.17819,0.260792,-0.254287,0
1302,2.19979,-2.24532,0.25837,-0.253466,0
1303,2.19979,-2.24532,0.257279,-0.25406,0
1304,2.49979,-2.54532,0.256369,-0.254555,0
1305,2.49979,-2.54532,0.26132,-0.260675,0
1306,2.26072,-2.29556,0.265443,-0.265773,0
1307,2.26072,-2.29556,0.264329,-0.265266,0
1308,2.32921,-2.3524,0.263401,-0.264844,0
1309,2.32921,-2.3524,0.263931,-0.265574,0
1310,2.62921,-2.6524,0.264372,-0.266182,0
1311,2.62921,-2.6524,0.270447,-0.272395,0
1312,2.38086,-2.39476,0.275506,-0.27757,0
1313,2.38086,-2.39476,0.274996,-0.276979,0
1314,2.43856,-2.4481,0.27457,-0.276486,0
1315,2.43856,-2.4481,0.275314,-0.277091,0
1316,2.73856,-2.7481,0.275933,-0.277594,0
1317,2.73856,-2.7481,0.282154,-0.28372,0
1318,2.48125,-2.4895,0.287335,-0.28882,0
1319,2.48125,-2.4895,0.286757,-0.28815,0
1320,2.5347,-2.54313,0.286275,-0.287592,0
1321,2.5347,-2.54313,0.28689,-0.288147,0
1322,2.8347,-2.84313,0.287402,-0.28861,0
1323,2.8347,-2.84313,0.293533,-0.294699,0
1324,2.5347,-2.54313,0.298639,-0.29977,0
1325,2.5347,-2.54313,0.297187,-0.298289,0
1326,2.63151,-2.64113,0.295977,-0.297056,0
1327,2.63151,-2.64113,0.296811,-0.297892,0
1328,2.93151,-2.94113,0.297505,-0.298588,0
1329,2.93151,-2.94113,0.303787,-0.304871,0
1330,2.6734,-2.68329,0.309017,-0.310103,0
1331,2.6734,-2.68329,0.308466,-0.309558,0
1332,2.43842,-2.73991,0.308007,-0.309105,0
1333,2.43842,-2.73991,0.303159,-0.309803,0
1334,2.73842,-3.03991,0.299121,-0.310385,0
1335,2.73842,-3.03991,0.301461,-0.316571,0
1336,2.77274,-2.73991,0.30341,-0.321722,0
1337,2.77274,-2.73991,0.305685,-0.32031,0
1338,2.83212,-2.83588,0.307581,-0.319136,2.71284e-06
1339,2.83212,-2.83588,0.310296,-0.319989,1.24644e-05
1340,3.13212,-3.13588,0.312588,-0.320731,3.78589e-05
1341,3.13212,-3.13588,0.320262,-0.327113,8.96642e-05
1342,2.83212,-2.83588,0.326803,-0.332579,0.000201319
1343,2.83212,-2.83588,0.326824,-0.331705,0.000339911
1344,2.94835,-2.93502,0.327134,-0.33127,0.000456271
1345,2.94835,-2.93502,0.329848,-0.333039,0.000562282
1346,3.24835,-3.23502,0.332348,-0.334752,0.000675645
1347,3.24835,-3.23502,0.340383,-0.342131,0.000809457
1348,2.94835,-2.93502,0.347405,-0.348607,0.000998803
1349,2.94835,-2.93502,0.347997,-0.348745,0.00121196
1350,3.02505,-3.02903,0.348947,-0.349316,0.00140061
1351,3.02505,-3.02903,0.351602,-0.351985,0.00157609
1352,3.32505,-3.32903,0.354203,-0.354598,0.00175379
1353,3.32505,-3.32903,0.36246,-0.362864,0.00194824
1354,3.02505,-3.02903,0.369798,-0.37021,0.00219553
1355,3.02505,-3.02903,0.370784,-0.371203,0.00246466
1356,2.80647,-2.81808,0.372185,-0.372609,0.00270786
1357,2.80647,-2.81808,0.36973,-0.370303,0.00292149
1358,3.10647,-3.11808,0.368127,-0.368825,0.00308451
1359,3.10647,-3.11808,0.372826,-0.373627,0.00322686
1360,3.1268,-2.84699,0.37707,-0.377958,0.00339559
1361,3.1268,-2.84699,0.381375,-0.376804,0.00357644
1362,2.88164,-2.89499,0.385355,-0.376238,0.0037485
1363,2.88164,-2.89499,0.384394,-0.377056,0.00390913
1364,3.18164,-3.19499,0.383936,-0.378079,0.00404801
1365,3.18164,-3.19499,0.389545,-0.384922,0.00418668
1366,2.93404,-3.23907,0.394549,-0.390953,0.0043662
1367,2.93404,-3.23907,0.394433,-0.397227,0.0045693
1368,2.97532,-3.00381,0.394788,-0.402901,0.00477494
1369,2.97532,-3.00381,0.396324,-0.40362,0.00497724
1370,3.27532,-3.30381,0.398041,-0.404656,0.00516368
1371,3.27532,-3.30381,0.405568,-0.411616,0.00535404
1372,3.02027,-3.0413,0.412285,-0.41786,0.00558813
1373,3.02027,-3.0413,0.413577,-0.418618,0.00583973
1374,3.0726,-2.77849,0.415196,-0.419791,0.00606804
1375,3.0726,-2.77849,0.418032,-0.41628,0.00627427
1376,3.3726,-3.07849,0.420831,-0.413795,0.00645023
1377,3.3726,-3.07849,0.429227,-0.417791,0.00661992
1378,3.0726,-3.10656,0.436615,-0.421518,0.00682611
1379,3.0726,-3.10656,0.437553,-0.425626,0.007051
1380,3.15055,-3.15888,0.438828,-0.429541,0.00727031
1381,3.15055,-3.15888,0.441851,-0.434277,0.00748879
1382,3.45055,-3.45888,0.444857,-0.438709,0.00771539
1383,3.45055,-3.45888,0.453551,-0.448591,0.00796284
1384,3.17716,-3.21551,0.461373,-0.457402,0.00826591
1385,3.17716,-3.21551,0.4634,-0.460821,0.00859489
1386,2.92781,-2.9602,0.465806,-0.464385,0.00890653
1387,2.92781,-2.9602,0.463768,-0.463199,0.00919272
1388,3.22781,-3.2602,0.462672,-0.462811,0.00942607
1389,3.22781,-3.2602,0.467937,-0.468667,0.00963708
1390,3.2461,-3.26829,0.472804,-0.474025,0.00987313
1391,3.2461,-3.26829,0.477736,-0.479174,0.0101274
1392,2.99748,-3.01177,0.482416,-0.484032,0.010396
1393,2.99748,-3.01177,0.482204,-0.483821,0.0106618
1394,3.29748,-3.31177,0.482594,-0.484211,0.0108907
1395,3.29748,-3.31177,0.489091,-0.490708,0.0111086
1396,3.04676,-3.05619,0.495003,-0.49662,0.0113595
1397,3.04676,-3.05619,0.495749,-0.497274,0.0116206
1398,3.32025,-3.32794,0.496932,-0.49838,0.0118541
1399,3.32025,-3.32794,0.5036,-0.504951,0.0120817
1400,3.62025,-3.62794,0.509676,-0.510946,0.0123423
1401,3.62025,-3.62794,0.521005,-0.522208,0.0126411
1402,3.32025,-3.32794,0.53114,-0.532287,0.0130079
1403,3.32025,-3.32794,0.534744,-0.535844,0.0134071
1404,3.11006,-3.11809,0.538618,-0.539679,0.0137879
1405,3.11006,-3.11809,0.538701,-0.539737,0.0141446
1406,3.41006,-3.41809,0.539532,-0.540546,0.0144552
1407,3.41006,-3.41809,0.546567,-0.547563,0.014748
1408,3.11773,-3.12625,0.553091,-0.554072,0.0150691
1409,3.11773,-3.12625,0.553716,-0.554694,0.015395
1410,3.14974,-3.15855,0.554936,-0.555912,0.015684
1411,3.14974,-3.15855,0.557182,-0.558161,0.0159483
1412,3.44974,-3.45855,0.559628,-0.56061,0.0161992
1413,3.44974,-3.45855,0.567888,-0.568872,0.0164557
1414,3.14974,-3.15855,0.575361,-0.576347,0.0167569
1415,3.14974,-3.15855,0.576598,-0.577585,0.0170742
1416,3.23623,-3.24518,0.578312,-0.579301,0.0173616
1417,3.23623,-3.24518,0.581998,-0.58299,0.0176319
1418,3.53623,-3.54518,0.585665,-0.586661,0.0179018
1419,3.53623,-3.54518,0.594986,-0.595984,0.0181863
1420,3.26492,-3.27385,0.603408,-0.604408,0.0185219
1421,3.26492,-3.27385,0.606059,-0.60706,0.0188795
1422,3.0151,-3.024,0.609045,-0.610047,0.0192153
1423,3.0151,-3.024,0.607546,-0.608549,0.0195227
1424,3.3151,-3.324,0.606945,-0.607948,0.0197756
1425,3.3151,-3.324,0.612647,-0.613651,0.0200048
1426,3.03769,-3.04655,0.617918,-0.618922,0.020258
1427,3.03769,-3.04655,0.617639,-0.618642,0.0205139
1428,3.31589,-3.32474,0.61795,-0.618953,0.0207336
1429,3.31589,-3.32474,0.623935,-0.624937,0.0209415
1430,3.61589,-3.62474,0.629396,-0.630398,0.0211789
1431,3.61589,-3.62474,0.640147,-0.641148,0.0214523
1432,3.31589,-3.32474,0.649744,-0.650744,0.0217916
1433,3.31589,-3.32474,0.652851,-0.653851,0.0221623
1434,3.12016,-3.12899,0.656247,-0.657246,0.0225137
1435,3.12016,-3.12899,0.65615,-0.657149,0.0228413
1436,3.42016,-3.42899,0.656768,-0.657767,0.023125
1437,3.42016,-3.42899,0.663554,-0.664552,0.0233926
1438,3.13209,-3.1409,0.669814,-0.670811,0.0236894
1439,3.13209,-3.1409,0.670261,-0.671258,0.023992
1440,3.16863,-3.17742,0.671282,-0.672278,0.0242591
1441,3.16863,-3.17742,0.673397,-0.674392,0.0245028
1442,3.46863,-3.47742,0.67569,-0.676685,0.0247345
1443,3.46863,-3.47742,0.683767,-0.684761,0.0249728
1444,3.20716,-3.17742,0.691048,-0.692041,0.0252564
1445,3.20716,-3.17742,0.692826,-0.693092,0.0255576
1446,2.96585,-3.26802,0.694958,-0.694619,0.0258327
1447,2.96585,-3.26802,0.69278,-0.698196,0.0260852
1448,3.26585,-3.56802,0.691509,-0.701717,0.0263112
1449,3.26585,-3.56802,0.696598,-0.710794,0.0265335
1450,3.28862,-3.29746,0.701351,-0.718866,0.0267938
1451,3.28862,-3.29746,0.706331,-0.72108,0.0270744
1452,3.33662,-3.05004,0.711098,-0.723543,0.0273523
1453,3.33662,-3.05004,0.716586,-0.721545,0.027623
1454,3.63662,-3.35004,0.721742,-0.72047,0.0278747
1455,3.63662,-3.35004,0.732239,-0.725778,0.028128
1456,3.33662,-3.36491,0.741564,-0.730785,0.028423
1457,3.33662,-3.36491,0.744346,-0.735906,0.02874
1458,3.41967,-3.118,0.747362,-0.740869,0.0290529
1459,3.41967,-3.118,0.752129,-0.74104,0.0293584
1460,3.71967,-3.418,0.756764,-0.741849,0.0296472
1461,3.71967,-3.418,0.766905,-0.748807,0.0299392
1462,3.41967,-3.4576,0.77602,-0.755274,0.030274
1463,3.41967,-3.4576,0.778721,-0.762164,0.0306321
1464,3.17175,-3.20376,0.781761,-0.768692,0.0309886
1465,3.17175,-3.20376,0.780414,-0.770136,0.0313311
1466,3.47175,-3.50376,0.780024,-0.77207,0.0316291
1467,3.47175,-3.50376,0.785988,-0.779968,0.0319105
1468,3.18656,-3.23849,0.791594,-0.787185,0.0322207
1469,3.18656,-3.23849,0.791593,-0.7889,0.0325371
1470,3.22814,-3.26723,0.792273,-0.791008,0.0328201
1471,3.22814,-3.26723,0.794234,-0.793916,0.0330809
1472,3.52814,-3.56723,0.796437,-0.796909,0.0333307
1473,3.52814,-3.56723,0.804466,-0.805594,0.0335875
1474,3.27206,-3.29522,0.811747,-0.813421,0.0338898
1475,3.27206,-3.29522,0.81368,-0.81551,0.0342108
1476,3.03479,-3.33905,0.815987,-0.817946,0.0345087
1477,3.03479,-3.33905,0.814093,-0.821449,0.0347851
1478,3.33479,-3.63905,0.813112,-0.824959,0.0350328
1479,3.33479,-3.63905,0.818474,-0.83406,0.0352753
1480,3.35736,-3.33905,0.823499,-0.842196,0.0355545
1481,3.35736,-3.33905,0.828742,-0.843963,0.0358525
1482,3.40535,-3.40516,0.833763,-0.846091,0.0361446
1483,3.40535,-3.40516,0.839491,-0.84975,0.0364352
1484,3.70535,-3.70516,0.844907,-0.853444,0.0367321
1485,3.70535,-3.70516,0.855717,-0.862819,0.0370485
1486,3.40535,-3.40516,0.865449,-0.871358,0.0374191
1487,3.40535,-3.40516,0.868758,-0.873674,0.0378125
1488,3.48471,-3.46786,0.872369,-0.876458,0.0381809
1489,3.48471,-3.46786,0.877672,-0.880758,0.0385349
1490,3.78471,-3.76786,0.88287,-0.885123,0.038888
1491,3.78471,-3.76786,0.893614,-0.895173,0.0392553
1492,3.48471,-3.46786,0.903404,-0.904385,0.0396731
1493,3.48471,-3.46786,0.906866,-0.907367,0.0401109
1494,3.23111,-3.23327,0.910702,-0.910802,0.0405218
1495,3.23111,-3.23327,0.910032,-0.910156,0.040901
1496,3.53111,-3.53327,0.91028,-0.910424,0.0412241
1497,3.53111,-3.53327,0.91681,-0.91697,0.0415225
1498,3.24076,-3.24828,0.922921,-0.923095,0.0418437
1499,3.24076,-3.24828,0.92328,-0.923566,0.0421663
1500,3.2782,-3.28858,0.92427,-0.924649,0.0424505
1501,3.2782,-3.28858,0.926409,-0.92692,0.0427092
1502,3.5782,-3.58858,0.928756,-0.929376,0.0429548
1503,3.5782,-3.58858,0.936878,-0.937589,0.0432062
1504,3.31671,-3.32712,0.944224,-0.945011,0.043502
1505,3.31671,-3.32712,0.946109,-0.946958,0.0438158
1506,3.36931,-3.08767,0.948358,-0.949261,0.0441067
1507,3.36931,-3.08767,0.951852,-0.94732,0.0443762
1508,3.66931,-3.38767,0.955341,-0.946283,0.0446177
1509,3.66931,-3.38767,0.964395,-0.951572,0.0448544
1510,3.36931,-3.40735,0.97248,-0.956522,0.0451279
1511,3.36931,-3.40735,0.974206,-0.961635,0.0454204
1512,3.44116,-3.45591,0.976288,-0.966535,0.0457068
1513,3.44116,-3.45591,0.98,-0.972158,0.0459919
1514,3.74116,-3.75591,0.983727,-0.977475,0.0462838
1515,3.74116,-3.75591,0.993103,-0.988175,0.0465954
1516,3.44116,-3.45591,1.00163,-0.997807,0.0469613
1517,3.44116,-3.45591,1.00394,-1.00104,0.0473502
1518,3.50372,-3.53581,1.00672,-1.00457,0.0477144
1519,3.50372,-3.53581,1.01099,-1.00981,0.0480642
1520,3.80372,-3.83581,1.01532,-1.01494,0.0484133
1521,3.80372,-3.83581,1.02532,-1.02561,0.0487765
1522,3.50372,-3.53581,1.03449,-1.03532,0.0491901
1523,3.50372,-3.53581,1.03743,-1.03873,0.0496239
1524,3.26831,-3.28273,1.04083,-1.04251,0.0500308
1525,3.26831,-3.28273,1.04014,-1.0418,0.050406
1526,3.56831,-3.58273,1.04036,-1.04202,0.0507254
1527,3.56831,-3.58273,1.04684,-1.04849,0.0510201
1528,3.28201,-3.29126,1.05291,-1.05455,0.0513375
1529,3.28201,-3.29126,1.05331,-1.05485,0.0516563
1530,3.32323,-3.32975,1.05433,-1.05578,0.0519365
1531,3.32323,-3.32975,1.05655,-1.05788,0.0521913
1532,3.62323,-3.62975,1.05896,-1.06019,0.0524331
1533,3.62323,-3.62975,1.06711,-1.06825,0.0526806
1534,3.36051,-3.36691,1.07447,-1.07554,0.0529726
1535,3.36051,-3.36691,1.07634,-1.07736,0.0532824
1536,3.41352,-3.12901,1.07858,-1.07954,0.0535691
1537,3.41352,-3.12901,1.08205,-1.07754,0.0538345
1538,3.71352,-3.42901,1.08552,-1.07643,0.0540721
1539,3.71352,-3.42901,1.09453,-1.08165,0.0543048
1540,3.41352,-3.44801,1.10257,-1.08652,0.0545744
1541,3.41352,-3.44801,1.10427,-1.09155,0.0548627
1542,3.48386,-3.49792,1.10631,-1.09637,0.0551452
1543,3.48386,-3.49792,1.10996,-1.10194,0.0554262
1544,3.78386,-3.79792,1.11361,-1.10721,0.055714
1545,3.78386,-3.79792,1.12291,-1.11784,0.0560214
1546,3.48386,-3.49792,1.13136,-1.12741,0.056383
1547,3.48386,-3.49792,1.13362,-1.13059,0.0567675
1548,3.54558,-3.57752,1.13633,-1.13407,0.0571273
1549,3.54558,-3.57752,1.14053,-1.13924,0.0574729
1550,3.84558,-3.87752,1.14479,-1.14432,0.0578175
1551,3.84558,-3.87752,1.1547,-1.15491,0.0581763
1552,3.54558,-3.57752,1.16378,-1.16455,0.0585852
1553,3.54558,-3.57752,1.16666,-1.1679,0.0590141
1554,3.30963,-3.32381,1.17,-1.17162,0.0594163
1555,3.30963,-3.32381,1.16924,-1.17086,0.0597869
1556,3.60963,-3.62381,1.1694,-1.17101,0.0601017
1557,3.60963,-3.62381,1.17581,-1.17742,0.0603917
1558,3.32194,-3.33091,1.1818,-1.1834,0.0607045
1559,3.32194,-3.33091,1.18212,-1.18362,0.0610184
1560,3.36398,-3.37019,1.18306,-1.18447,0.0612936
1561,3.36398,-3.37019,1.18521,-1.18651,0.0615433
1562,3.66398,-3.67019,1.18756,-1.18875,0.0617801
1563,3.66398,-3.67019,1.19562,-1.19673,0.0620226
1564,3.36398,-3.37019,1.20291,-1.20395,0.0623094
1565,3.36398,-3.37019,1.20402,-1.205,0.0626123
1566,3.45555,-3.46218,1.20561,-1.20654,0.0628857
1567,3.45555,-3.46218,1.20923,-1.21013,0.0631426
1568,3.75555,-3.76218,1.21281,-1.21368,0.0634
1569,3.75555,-3.76218,1.22196,-1.22281,0.0636726
1570,3.47901,-3.48628,1.23021,-1.23104,0.063996
1571,3.47901,-3.48628,1.23266,-1.23349,0.0643413
1572,3.23385,-3.24158,1.23545,-1.23628,0.0646646
1573,3.23385,-3.24158,1.23391,-1.23474,0.0649595
1574,3.53385,-3.54158,1.23325,-1.23408,0.0652012
1575,3.53385,-3.54158,1.2388,-1.23964,0.06542
1576,3.54194,-3.54994,1.24393,-1.24477,0.0656627
1577,3.54194,-3.54994,1.24889,-1.24974,0.0659226
1578,3.29561,-3.30361,1.25361,-1.25446,0.0661956
1579,3.29561,-3.30361,1.25355,-1.25441,0.0664651
1580,3.59561,-3.60361,1.25408,-1.25495,0.0666987
1581,3.59561,-3.60361,1.26061,-1.26149,0.0669218
1582,3.33502,-3.34301,1.26657,-1.26744,0.0671776
1583,3.33502,-3.34301,1.26725,-1.26813,0.0674433
1584,3.61968,-3.62768,1.26839,-1.26927,0.0676806
1585,3.61968,-3.62768,1.27515,-1.27603,0.0679118
1586,3.91968,-3.92768,1.28132,-1.2822,0.0681768
1587,3.91968,-3.92768,1.29264,-1.29353,0.0684806
1588,3.61968,-3.62768,1.30279,-1.30367,0.068852
1589,3.61968,-3.62768,1.30649,-1.30738,0.0692557
1590,3.40551,-3.4135,1.31046,-1.31135,0.0696416
1591,3.40551,-3.4135,1.31062,-1.31151,0.0700038
1592,3.70551,-3.7135,1.31153,-1.31242,0.07032
1593,3.70551,-3.7135,1.31855,-1.31944,0.0706184
1594,3.40551,-3.4135,1.32508,-1.32597,0.0709442
1595,3.40551,-3.4135,1.32566,-1.32655,0.0712741
1596,3.14866,-3.15667,1.32685,-1.32774,0.0715662
1597,3.14866,-3.15667,1.32369,-1.32458,0.0718184
1598,3.44866,-3.45667,1.32158,-1.32246,0.0720076
1599,3.44866,-3.45667,1.32579,-1.32668,0.0721669
1600,3.46982,-3.47784,1.32967,-1.33056,0.0723454
1601,3.46982,-3.47784,1.3337,-1.33459,0.0725382
1602,3.52732,-3.53536,1.33748,-1.33837,0.072744
1603,3.52732,-3.53536,1.34217,-1.34306,0.0729615
1604,3.82732,-3.83536,1.34656,-1.34745,0.0731949
1605,3.82732,-3.83536,1.35632,-1.35721,0.0734543
1606,3.52732,-3.53536,1.36505,-1.36595,0.0737723
1607,3.52732,-3.53536,1.36748,-1.36837,0.0741164
1608,3.61651,-3.62457,1.37024,-1.37113,0.0744383
1609,3.61651,-3.62457,1.37491,-1.3758,0.0747486
1610,3.91651,-3.92457,1.37948,-1.38037,0.0750625
1611,3.91651,-3.92457,1.38956,-1.39045,0.0753936
1612,3.61651,-3.62457,1.39872,-1.39961,0.0757768
1613,3.61651,-3.62457,1.40164,-1.40253,0.0761816
1614,3.66081,-3.66888,1.40495,-1.40584,0.0765609
1615,3.66081,-3.66888,1.40935,-1.41025,0.0769241
1616,3.96081,-3.96888,1.41382,-1.41472,0.0772814
1617,3.96081,-3.96888,1.42391,-1.4248,0.0776492
1618,3.66081,-3.66888,1.43315,-1.43404,0.0780644
1619,3.66081,-3.66888,1.4362,-1.4371,0.0784978
1620,3.40943,-3.41752,1.43969,-1.44058,0.0789032
1621,3.40943,-3.41752,1.43881,-1.43971,0.079276
1622,3.70943,-3.71752,1.43887,-1.43976,0.0795915
1623,3.70943,-3.71752,1.44516,-1.44606,0.0798812
1624,3.41478,-3.41752,1.45106,-1.45195,0.0801926
1625,3.41478,-3.41752,1.45119,-1.45199,0.0805041
1626,3.16445,-3.46603,1.45197,-1.45268,0.0807755
1627,3.16445,-3.46603,1.44855,-1.45474,0.0810133
1628,3.46445,-3.76603,1.44621,-1.45697,0.0812135
1629,3.46445,-3.76603,1.45026,-1.46481,0.0814018
1630,3.48873,-3.49683,1.45406,-1.47178,0.0816218
1631,3.48873,-3.49683,1.45819,-1.47308,0.0818579
1632,3.54953,-3.26038,1.46214,-1.47469,0.0820887
1633,3.54953,-3.26038,1.46706,-1.47214,0.0823113
1634,3.84953,-3.56038,1.47165,-1.47051,0.0825159
1635,3.84953,-3.56038,1.48148,-1.47516,0.0827226
1636,3.54953,-3.57286,1.49014,-1.47952,0.0829709
1637,3.54953,-3.57286,1.49235,-1.48395,0.0832412
1638,3.63732,-3.62612,1.4948,-1.48823,0.0835075
1639,3.63732,-3.62612,1.49904,-1.49337,0.0837743
1640,3.93732,-3.92612,1.50318,-1.49825,0.0840506
1641,3.93732,-3.92612,1.5128,-1.50849,0.0843483
1642,3.63732,-3.62612,1.5215,-1.5177,0.0847011
1643,3.63732,-3.62612,1.52399,-1.52062,0.0850777
1644,3.38852,-3.41388,1.52688,-1.52387,0.0854304
1645,3.38852,-3.41388,1.52544,-1.5234,0.0857545
1646,3.68852,-3.71388,1.52493,-1.52371,0.086027
1647,3.68852,-3.71388,1.53065,-1.5301,0.0862778
1648,3.68645,-3.41482,1.53598,-1.53599,0.0865531
1649,3.68645,-3.41482,1.541,-1.53598,0.0868379
1650,3.4382,-3.70158,1.5458,-1.53658,0.0871091
1651,3.4382,-3.70158,1.54579,-1.543,0.0873714
1652,3.7382,-4.00158,1.54636,-1.54892,0.0876296
1653,3.7382,-4.00158,1.55297,-1.55998,0.0878997
1654,3.47022,-3.70158,1.55909,-1.56981,0.0882181
1655,3.47022,-3.70158,1.55996,-1.57316,0.0885562
1656,3.51151,-3.48673,1.56141,-1.57669,0.0888699
1657,3.51151,-3.48673,1.56407,-1.57632,0.0891618
1658,3.81151,-3.78673,1.56691,-1.57665,0.0894262
1659,3.81151,-3.78673,1.5754,-1.58306,0.0896859
1660,3.51151,-3.48673,1.58307,-1.58899,0.0899823
1661,3.51151,-3.48673,1.58458,-1.58904,0.0902892
1662,3.5885,-3.52212,1.58649,-1.58974,0.0905633
1663,3.5885,-3.52212,1.5901,-1.59158,0.0908165
1664,3.8885,-3.82212,1.59366,-1.59366,0.0910624
1665,3.8885,-3.82212,1.60271,-1.60149,0.0913177
1666,3.60059,-3.54799,1.61085,-1.6086,0.0916196
1667,3.60059,-3.54799,1.61298,-1.61014,0.0919402
1668,3.64462,-3.31122,1.61545,-1.61211,0.0922361
1669,3.64462,-3.31122,1.61897,-1.61001,0.0925094
1670,3.94462,-3.61122,1.62248,-1.60886,0.0927536
1671,3.94462,-3.61122,1.63148,-1.61397,0.0929919
1672,3.64462,-3.62065,1.63953,-1.61879,0.0932659
1673,3.64462,-3.62065,1.6413,-1.62359,0.0935576
1674,3.40248,-3.38015,1.64341,-1.62823,0.0938422
1675,3.40248,-3.38015,1.64132,-1.62827,0.0941095
1676,3.70248,-3.68015,1.64014,-1.62886,0.094332
1677,3.70248,-3.68015,1.64519,-1.63538,0.0945375
1678,3.70191,-3.41466,1.64986,-1.64128,0.0947709
1679,3.70191,-3.41466,1.65426,-1.64181,0.0950171
1680,3.45857,-3.70452,1.65847,-1.6428,0.0952544
1681,3.45857,-3.70452,1.658,-1.6495,0.0954864
1682,3.75857,-4.00452,1.65811,-1.65559,0.0957174
1683,3.75857,-4.00452,1.66427,-1.66671,0.0959626
1684,3.49262,-3.70452,1.66997,-1.67655,0.0962575
1685,3.49262,-3.70452,1.67047,-1.67987,0.0965732
1686,3.53789,-3.48228,1.67158,-1.68331,0.0968657
1687,3.53789,-3.48228,1.67397,-1.68271,0.097137
1688,3.83789,-3.78228,1.67655,-1.6828,0.0973811
1689,3.83789,-3.78228,1.68477,-1.68894,0.0976208
1690,3.56283,-3.48228,1.69216,-1.69461,0.0978971
1691,3.56283,-3.48228,1.69386,-1.69441,0.0981848
1692,3.61589,-3.51221,1.6959,-1.69487,0.0984419
1693,3.61589,-3.51221,1.69913,-1.69635,0.0986792
1694,3.91589,-3.81221,1.70234,-1.69811,0.0989076
1695,3.91589,-3.81221,1.71105,-1.70562,0.0991446
1696,3.62724,-3.53715,1.71886,-1.71242,0.0994274
1697,3.62724,-3.53715,1.72067,-1.71365,0.0997283
1698,3.37996,-3.30207,1.72284,-1.71533,0.100004
1699,3.37996,-3.30207,1.72067,-1.71298,0.10025
1700,3.67996,-3.60207,1.71938,-1.71154,0.100442
1701,3.67996,-3.60207,1.72424,-1.71628,0.100611
1702,3.67974,-3.61112,1.72868,-1.72062,0.100804
1703,3.67974,-3.61112,1.73281,-1.72483,0.101013
1704,3.43685,-3.66399,1.73672,-1.72881,0.101234
1705,3.43685,-3.66399,1.73598,-1.73359,0.101458
1706,3.73685,-3.96399,1.73586,-1.73806,0.101673
1707,3.73685,-3.96399,1.74177,-1.74779,0.101895
1708,3.76156,-3.66399,1.74721,-1.75641,0.102162
1709,3.76156,-3.66399,1.7528,-1.75866,0.102453
1710,3.51534,-3.73717,1.7581,-1.76118,0.102744
1711,3.51534,-3.73717,1.75861,-1.76527,0.103029
1712,3.81534,-4.03717,1.75966,-1.76929,0.103299
1713,3.81534,-4.03717,1.76666,-1.77877,0.103572
1714,3.83072,-3.73717,1.77312,-1.78729,0.103887
1715,3.83072,-3.73717,1.77949,-1.78956,0.104226
1716,3.57528,-3.48136,1.78555,-1.79221,0.10456
1717,3.57528,-3.48136,1.78662,-1.79043,0.10488
1718,3.87528,-3.78136,1.78819,-1.78963,0.105154
1719,3.87528,-3.78136,1.79561,-1.79508,0.10541
1720,3.59047,-3.48184,1.80238,-1.8002,0.105694
1721,3.59047,-3.48184,1.8034,-1.79959,0.105983
1722,3.62266,-3.52772,1.80487,-1.79969,0.106236
1723,3.62266,-3.52772,1.80723,-1.80117,0.106465
1724,3.92266,-3.82772,1.80969,-1.8029,0.106682
1725,3.92266,-3.82772,1.81775,-1.81034,0.106905
1726,3.6348,-3.55589,1.82498,-1.81706,0.107173
1727,3.6348,-3.55589,1.8263,-1.81826,0.107457
1728,3.68359,-3.61466,1.82802,-1.81987,0.107717
1729,3.68359,-3.61466,1.83091,-1.82286,0.10796
1730,3.98359,-3.91466,1.83385,-1.82588,0.1082
1731,3.98359,-3.91466,1.84236,-1.83446,0.108451
1732,3.69235,-3.62832,1.85003,-1.84218,0.108751
1733,3.69235,-3.62832,1.85173,-1.84402,0.109069
1734,3.44662,-3.67542,1.85384,-1.84624,0.109363
1735,3.44662,-3.67542,1.85171,-1.84959,0.109634
1736,3.74662,-3.97542,1.85051,-1.85297,0.109875
1737,3.74662,-3.97542,1.85557,-1.86182,0.11011
1738,3.74489,-3.67542,1.86032,-1.86974,0.110379
1739,3.74489,-3.67542,1.86485,-1.87141,0.110666
1740,3.79369,-3.72359,1.86925,-1.87344,0.110945
1741,3.79369,-3.72359,1.87443,-1.87662,0.11122
1742,4.09369,-4.02359,1.87935,-1.87989,0.111499
1743,4.09369,-4.02359,1.88959,-1.88874,0.111795
1744,3.79369,-3.72359,1.8988,-1.8968,0.112142
1745,3.79369,-3.72359,1.90173,-1.89879,0.112511
1746,3.56735,-3.76888,1.90498,-1.90124,0.112855
1747,3.56735,-3.76888,1.90427,-1.90486,0.113176
1748,3.86735,-4.06888,1.90437,-1.90857,0.113469
1749,3.86735,-4.06888,1.91061,-1.91781,0.113756
1750,3.85043,-3.76888,1.91646,-1.92616,0.114079
1751,3.85043,-3.76888,1.92176,-1.92833,0.11442
1752,3.59783,-3.51997,1.92691,-1.93088,0.114751
1753,3.59783,-3.51997,1.92728,-1.92916,0.115062
1754,3.89783,-3.81997,1.92826,-1.92838,0.115327
1755,3.89783,-3.81997,1.93515,-1.93382,0.115572
1756,3.61682,-3.51997,1.94144,-1.93891,0.115844
1757,3.61682,-3.51997,1.94213,-1.93824,0.116119
1758,3.65461,-3.56556,1.94329,-1.93827,0.116359
1759,3.65461,-3.56556,1.94546,-1.93965,0.116575
1760,3.95461,-3.86556,1.94774,-1.94127,0.116779
1761,3.95461,-3.86556,1.9556,-1.94858,0.11699
1762,3.66784,-3.59057,1.96264,-1.95516,0.117245
1763,3.66784,-3.59057,1.96381,-1.95617,0.117517
1764,3.42725,-3.6495,1.96538,-1.95759,0.117764
1765,3.42725,-3.6495,1.9628,-1.9604,0.117989
1766,3.72725,-3.9495,1.96113,-1.96321,0.118184
1767,3.72725,-3.9495,1.96567,-1.97149,0.118375
1768,3.72747,-3.6495,1.9699,-1.97882,0.118601
1769,3.72747,-3.6495,1.97393,-1.97993,0.118845
1770,3.78009,-3.71083,1.97783,-1.98139,0.119081
1771,3.78009,-3.71083,1.98256,-1.98425,0.119315
1772,4.08009,-4.01083,1.98702,-1.98716,0.119554
1773,4.08009,-4.01083,1.99677,-1.99562,0.119811
1774,3.78009,-3.71353,2.00549,-2.00326,0.120121
1775,3.78009,-3.71353,2.00795,-2.00487,0.120453
1776,3.84957,-3.46785,2.01072,-2.00693,0.120761
1777,3.84957,-3.46785,2.01497,-2.00481,0.121047
1778,4.14957,-3.76785,2.01913,-2.00366,0.121305
1779,4.14957,-3.76785,2.02865,-2.00877,0.121559
1780,3.84957,-3.47087,2.03716,-2.01361,0.121849
1781,3.84957,-3.47087,2.0394,-2.01285,0.122149
1782,3.58665,-3.77087,2.0419,-2.01286,0.122417
1783,3.58665,-3.77087,2.03975,-2.01895,0.122663
1784,3.88665,-4.07087,2.03849,-2.02455,0.122895
1785,3.88665,-4.07087,2.04345,-2.03523,0.123132
1786,3.8722,-3.77087,2.04813,-2.04467,0.123412
1787,3.8722,-3.77087,2.05241,-2.04767,0.123714
1788,3.62505,-3.55949,2.05663,-2.05083,0.124012
1789,3.62505,-3.55949,2.05627,-2.05024,0.124294
1790,3.92505,-3.85949,2.05657,-2.05034,0.124534
1791,3.92505,-3.85949,2.06283,-2.05645,0.12476
1792,3.6496,-3.55949,2.06856,-2.06205,0.125014
1793,3.6496,-3.55949,2.06886,-2.06179,0.125275
1794,3.69384,-3.58509,2.06967,-2.06212,0.125502
1795,3.69384,-3.58509,2.07163,-2.06336,0.125706
1796,3.99384,-3.88509,2.07372,-2.06484,0.125899
1797,3.99384,-3.88509,2.08137,-2.07199,0.126098
1798,3.69384,-3.6012,2.08821,-2.07841,0.126341
1799,3.69384,-3.6012,2.08896,-2.07911,0.1266
1800,3.76342,-3.6575,2.09015,-2.08025,0.126833
1801,3.76342,-3.6575,2.09291,-2.08273,0.127049
1802,4.06342,-3.9575,2.09569,-2.08527,0.127261
1803,4.06342,-3.9575,2.10397,-2.09336,0.127486
1804,3.76846,-3.66635,2.11139,-2.10061,0.127759
1805,3.76846,-3.66635,2.11278,-2.10195,0.128051
1806,3.81657,-3.71566,2.11458,-2.10369,0.128318
1807,3.81657,-3.71566,2.11753,-2.10662,0.128569
1808,4.11657,-4.01566,2.12054,-2.10961,0.128815
1809,4.11657,-4.01566,2.12909,-2.11814,0.129072
1810,3.81657,-3.71566,2.1368,-2.12584,0.129376
1811,3.81657,-3.71566,2.13841,-2.12745,0.129698
1812,3.86228,-3.76329,2.14046,-2.12948,0.129994
1813,3.86228,-3.76329,2.14364,-2.13269,0.130272
1814,4.16228,-4.06329,2.1469,-2.13598,0.130544
1815,4.16228,-4.06329,2.15571,-2.1448,0.130827
1816,3.86228,-3.76329,2.16369,-2.1528,0.131155
1817,3.86228,-3.76329,2.16559,-2.15472,0.131502
1818,3.61171,-3.5129,2.16793,-2.15707,0.131821
1819,3.61171,-3.5129,2.16598,-2.15513,0.132109
1820,3.91171,-3.8129,2.16497,-2.15413,0.13234
1821,3.91171,-3.8129,2.17009,-2.15926,0.132546
1822,3.61171,-3.80066,2.17483,-2.16401,0.132774
1823,3.61171,-3.80066,2.1738,-2.16825,0.133009
1824,3.65588,-3.5547,2.17346,-2.17229,0.133228
1825,3.65588,-3.5547,2.17446,-2.17164,0.133431
1826,3.95588,-3.8547,2.17572,-2.17153,0.13361
1827,3.95588,-3.8547,2.18265,-2.17731,0.133785
1828,3.67702,-3.57496,2.18883,-2.18253,0.133997
1829,3.67702,-3.57496,2.18935,-2.18224,0.134222
1830,3.73802,-3.6192,2.19027,-2.18249,0.134418
1831,3.73802,-3.6192,2.19258,-2.18392,0.134597
1832,4.03802,-3.9192,2.19489,-2.18551,0.13477
1833,4.03802,-3.9192,2.20267,-2.1927,0.134954
1834,3.74628,-3.63332,2.20959,-2.19912,0.135184
1835,3.74628,-3.63332,2.21055,-2.19977,0.135433
1836,3.79689,-3.68977,2.21188,-2.20084,0.135658
1837,3.79689,-3.68977,2.2144,-2.20326,0.135866
1838,4.09689,-3.98977,2.21696,-2.20572,0.136071
1839,4.09689,-3.98977,2.22503,-2.21372,0.136288
1840,3.79731,-3.69499,2.23225,-2.22088,0.136552
1841,3.79731,-3.69499,2.23339,-2.22206,0.136835
1842,3.84439,-3.45276,2.23495,-2.22365,0.137092
1843,3.84439,-3.45276,2.23767,-2.22111,0.137326
1844,4.14439,-3.75276,2.24043,-2.21949,0.137529
1845,4.14439,-3.75276,2.24865,-2.22406,0.137727
1846,3.84439,-3.74471,2.25594,-2.22833,0.137958
1847,3.84439,-3.74471,2.25707,-2.23226,0.138207
1848,3.88924,-3.79566,2.25855,-2.23608,0.138447
1849,3.88924,-3.79566,2.26113,-2.24072,0.138683
1850,4.18924,-4.09566,2.2638,-2.2451,0.138922
1851,4.18924,-4.09566,2.27203,-2.25476,0.139179
1852,3.88924,-3.79566,2.27948,-2.2634,0.139486
1853,3.88924,-3.79566,2.28091,-2.26582,0.139814
1854,3.64044,-3.85678,2.28281,-2.26854,0.140118
1855,3.64044,-3.85678,2.28052,-2.27259,0.140399
1856,3.94044,-4.15678,2.27921,-2.27656,0.140652
1857,3.94044,-4.15678,2.28415,-2.28589,0.140899
1858,3.92913,-3.85678,2.28882,-2.29422,0.141181
1859,3.92913,-3.85678,2.29315,-2.29632,0.14148
1860,3.6862,-3.5866,2.29741,-2.29873,0.14177
1861,3.6862,-3.5866,2.29716,-2.29644,0.142041
1862,3.9862,-3.8866,2.29752,-2.29511,0.142265
1863,3.9862,-3.8866,2.30377,-2.29995,0.142469
1864,3.7048,-3.5866,2.30945,-2.30444,0.1427
1865,3.7048,-3.5866,2.30955,-2.30324,0.142934
1866,3.74788,-3.62096,2.31014,-2.30272,0.143131
1867,3.74788,-3.62096,2.31184,-2.30335,0.143306
1868,4.04788,-3.92096,2.31363,-2.30425,0.143468
1869,4.04788,-3.92096,2.32095,-2.31082,0.143637
1870,3.75571,-3.64024,2.32744,-2.3167,0.143849
1871,3.75571,-3.64024,2.328,-2.31696,0.144078
1872,3.8092,-3.702,2.32896,-2.31766,0.144281
1873,3.8092,-3.702,2.33118,-2.31982,0.144468
1874,4.1092,-4.002,2.33343,-2.32202,0.144651
1875,4.1092,-4.002,2.34118,-2.32973,0.144846
1876,3.80995,-3.70872,2.34809,-2.33661,0.145089
1877,3.80995,-3.70872,2.34895,-2.33754,0.145351
1878,3.56782,-3.76048,2.35022,-2.33889,0.145587
1879,3.56782,-3.76048,2.34739,-2.34146,0.145799
1880,3.86782,-4.06048,2.34548,-2.34406,0.145983
1881,3.86782,-4.06048,2.34975,-2.35208,0.14616
1882,3.85811,-3.76048,2.35372,-2.35917,0.146373
1883,3.85811,-3.76048,2.35733,-2.36009,0.146602
1884,3.91082,-3.80417,2.36084,-2.36136,0.146823
1885,3.91082,-3.80417,2.36521,-2.3637,0.14704
1886,4.21082,-4.10417,2.36933,-2.36613,0.14726
1887,4.21082,-4.10417,2.37871,-2.3741,0.147497
1888,3.91082,-3.80417,2.38708,-2.3813,0.147785
1889,3.91082,-3.80417,2.38924,-2.38249,0.148095
1890,3.97236,-3.84644,2.39171,-2.38414,0.14838
1891,3.97236,-3.84644,2.3955,-2.38691,0.148649
1892,4.27236,-4.14644,2.39925,-2.38981,0.148914
1893,4.27236,-4.14644,2.40842,-2.39828,0.149191
1894,3.97236,-3.84644,2.4167,-2.40596,0.149515
1895,3.97236,-3.84644,2.41886,-2.40764,0.149858
1896,3.70231,-3.88639,2.42141,-2.40977,0.150173
1897,3.70231,-3.88639,2.4193,-2.41296,0.150464
1898,4.00232,-4.18639,2.41817,-2.41625,0.150722
1899,4.00232,-4.18639,2.42324,-2.42499,0.150971
1900,3.98015,-3.88639,2.42804,-2.43284,0.151253
1901,3.98015,-3.88639,2.43227,-2.43456,0.15155
1902,3.732,-3.62736,2.43643,-2.43664,0.151836
1903,3.732,-3.62736,2.43602,-2.43428,0.152102
1904,4.032,-3.92736,2.43623,-2.43288,0.152319
1905,4.032,-3.92736,2.44233,-2.43764,0.152518
1906,3.7456,-3.62736,2.44786,-2.44205,0.152741
1907,3.7456,-3.62736,2.44776,-2.44077,0.152968
1908,3.7884,-3.66435,2.44815,-2.44019,0.153159
1909,3.7884,-3.66435,2.44967,-2.44078,0.153326
1910,4.0884,-3.96435,2.45129,-2.44164,0.153481
1911,4.0884,-3.96435,2.45844,-2.44815,0.153642
1912,3.79356,-3.68064,2.46477,-2.45395,0.153847
1913,3.79356,-3.68064,2.46515,-2.45409,0.154068
1914,3.55634,-3.74226,2.46594,-2.45468,0.154262
1915,3.55634,-3.74226,2.4627,-2.45671,0.154434
1916,3.85634,-4.04226,2.46037,-2.45877,0.154577
1917,3.85634,-4.04226,2.46419,-2.46624,0.154715
1918,3.84797,-3.74577,2.4677,-2.47278,0.154888
1919,3.84797,-3.74577,2.47086,-2.47323,0.155079
1920,3.90375,-3.5062,2.47392,-2.47403,0.155261
1921,3.90375,-3.5062,2.47787,-2.47074,0.155434
1922,4.20375,-3.8062,2.48153,-2.46837,0.155587
1923,4.20375,-3.8062,2.49037,-2.47219,0.155741
1924,3.92334,-3.79472,2.49808,-2.47573,0.155934
1925,3.92334,-3.79472,2.49985,-2.47891,0.156149
1926,3.67487,-3.8496,2.5018,-2.48203,0.156359
1927,3.67487,-3.8496,2.49937,-2.48609,0.15656
1928,3.97487,-4.1496,2.49778,-2.4899,0.156743
1929,3.97487,-4.1496,2.50231,-2.49893,0.156927
1930,3.95142,-3.8496,2.50651,-2.50687,0.157151
1931,3.95142,-3.8496,2.51009,-2.50854,0.157396
1932,3.70645,-3.91313,2.51361,-2.51047,0.157633
1933,3.70645,-3.91313,2.51261,-2.51375,0.15786
1934,4.00645,-4.21313,2.51228,-2.51698,0.158069
1935,4.00645,-4.21313,2.5179,-2.52557,0.158278
1936,4.01258,-3.91313,2.52307,-2.5332,0.158528
1937,4.01258,-3.91313,2.52805,-2.53468,0.158798
1938,3.76611,-3.93612,2.53279,-2.5365,0.159063
1939,3.76611,-3.93612,2.53285,-2.53902,0.15932
1940,4.06611,-4.23612,2.53345,-2.54168,0.159554
1941,4.06611,-4.23612,2.53991,-2.54984,0.159789
1942,3.77145,-3.93612,2.54583,-2.55718,0.160061
1943,3.77145,-3.93612,2.54603,-2.55846,0.160347
1944,3.80986,-3.67275,2.54681,-2.56015,0.160602
1945,3.80986,-3.67275,2.5487,-2.55732,0.160829
1946,4.10986,-3.97275,2.55077,-2.55545,0.161022
1947,4.10986,-3.97275,2.55834,-2.55975,0.161206
1948,4.10081,-3.67275,2.56507,-2.56375,0.161422
1949,4.10081,-3.67275,2.571,-2.56214,0.161653
1950,3.85866,-3.71255,2.57644,-2.5613,0.161874
1951,3.85866,-3.71255,2.57706,-2.5618,0.162082
1952,4.15866,-4.01255,2.57802,-2.56268,0.162269
1953,4.15866,-4.01255,2.58467,-2.56925,0.162455
1954,3.85866,-3.72814,2.59064,-2.57515,0.162679
1955,3.85866,-3.72814,2.59068,-2.57542,0.162915
1956,3.58974,-3.79125,2.59122,-2.57615,0.163122
1957,3.58974,-3.79125,2.58724,-2.57835,0.163303
1958,3.88974,-4.09125,2.5843,-2.58056,0.163452
1959,3.88974,-4.09125,2.58762,-2.58816,0.163592
1960,3.87886,-3.79125,2.5907,-2.59481,0.163766
1961,3.87886,-3.79125,2.59348,-2.59531,0.163955
1962,3.93696,-3.84147,2.5962,-2.59613,0.164136
1963,3.93696,-3.84147,2.59992,-2.59813,0.164312
1964,4.23697,-4.14147,2.6034,-2.60018,0.164491
1965,4.23697,-4.14147,2.61214,-2.60773,0.164689
1966,3.95683,-3.84147,2.61988,-2.61448,0.164937
1967,3.95683,-3.84147,2.62182,-2.61523,0.165208
1968,3.71037,-3.58864,2.62402,-2.61645,0.165456
1969,3.71037,-3.58864,2.62192,-2.61341,0.165675
1970,4.01037,-3.88864,2.62063,-2.61134,0.165841
1971,4.01037,-3.88864,2.62534,-2.6154,0.165984
1972,3.98441,-3.87247,2.62958,-2.61911,0.16615
1973,3.98441,-3.87247,2.63303,-2.62228,0.166331
1974,3.73759,-3.63311,2.6363,-2.62532,0.166519
1975,3.73759,-3.63311,2.63497,-2.62394,0.166701
1976,4.03759,-3.93311,2.63424,-2.62317,0.166846
1977,4.03759,-3.93311,2.63938,-2.62827,0.16698
1978,4.0388,-3.93953,2.64397,-2.63283,0.167144
1979,4.0388,-3.93953,2.64819,-2.63712,0.167331
1980,3.79275,-3.69551,2.65212,-2.64111,0.167533
1981,3.79275,-3.69551,2.6514,-2.64047,0.167735
1982,4.09275,-3.99551,2.65122,-2.64037,0.167903
1983,4.09275,-3.99551,2.65687,-2.64607,0.168063
1984,4.08925,-3.99261,2.66194,-2.65119,0.168256
1985,4.08925,-3.99261,2.66654,-2.65584,0.168471
1986,3.83861,-3.74165,2.67085,-2.6602,0.168702
1987,3.83861,-3.74165,2.67042,-2.65981,0.168932
1988,4.13861,-4.04165,2.67056,-2.65996,0.169128
1989,4.13861,-4.04165,2.67652,-2.66594,0.169314
1990,3.83908,-4.0333,2.68191,-2.67135,0.169532
1991,3.83908,-4.0333,2.68147,-2.6762,0.169765
1992,3.87903,-3.77929,2.68162,-2.68075,0.169989
1993,3.87903,-3.77929,2.68296,-2.68043,0.1702
1994,4.17903,-4.07929,2.68452,-2.68061,0.170388
1995,4.17903,-4.07929,2.69166,-2.6866,0.170575
1996,3.87903,-3.77929,2.69804,-2.69203,0.170799
1997,3.87903,-3.77929,2.69844,-2.69163,0.171036
1998,3.93223,-3.81492,2.69927,-2.6918,0.171241
1999,3.93223,-3.81492,2.70137,-2.69302,0.171426
2000,4.23223,-4.11492,2.70352,-2.69445,0.171603
2001,4.23223,-4.11492,2.71112,-2.70145,0.171788
2002,3.93223,-3.81492,2.71789,-2.70772,0.172018
2003,3.93223,-3.81492,2.71862,-2.70804,0.172265
2004,3.97244,-3.86703,2.71977,-2.70884,0.172485
2005,3.97244,-3.86703,2.72192,-2.71091,0.172687
2006,4.27244,-4.16703,2.72415,-2.71309,0.172883
2007,4.27244,-4.16703,2.73187,-2.72076,0.173088
2008,3.97244,-3.86703,2.73877,-2.72762,0.17334
2009,3.97244,-3.86703,2.73968,-2.72849,0.173609
2010,4.00579,-3.61641,2.74101,-2.72979,0.173851
2011,4.00579,-3.61641,2.74324,-2.72686,0.174069
2012,4.30579,-3.91641,2.74556,-2.72489,0.174255
2013,4.30579,-3.91641,2.75332,-2.72908,0.174433
2014,4.00579,-3.89642,2.76018,-2.73297,0.174644
2015,4.00579,-3.89642,2.76096,-2.73633,0.17487
2016,4.0386,-3.94726,2.7621,-2.73963,0.175087
2017,4.0386,-3.94726,2.76412,-2.74376,0.175298
2018,4.3386,-4.24726,2.76626,-2.74767,0.17551
2019,4.3386,-4.24726,2.77394,-2.75682,0.175738
2020,4.0386,-3.94726,2.78087,-2.76497,0.176016
2021,4.0386,-3.94726,2.78185,-2.76697,0.176315
2022,4.07077,-3.99811,2.78332,-2.76928,0.176588
2023,4.07077,-3.99811,2.78571,-2.77272,0.176845
2024,4.37077,-4.29811,2.78827,-2.77615,0.177097
2025,4.37077,-4.29811,2.79637,-2.78497,0.177358
2026,4.07077,-3.99811,2.80372,-2.79292,0.177665
2027,4.07077,-3.99811,2.80512,-2.79482,0.17799
2028,3.80994,-4.00993,2.80699,-2.79711,0.178288
2029,3.80994,-4.00993,2.80449,-2.79987,0.17856
2030,4.10994,-4.30993,2.80298,-2.80275,0.178798
2031,4.10994,-4.30993,2.80766,-2.81108,0.179026
2032,3.80994,-4.00993,2.81208,-2.81853,0.179286
2033,3.80994,-4.00993,2.81093,-2.81991,0.179553
2034,3.84181,-3.7342,2.81054,-2.82162,0.179786
2035,3.84181,-3.7342,2.8113,-2.81858,0.179989
2036,4.14181,-4.0342,2.81235,-2.81647,0.180155
2037,4.14181,-4.0342,2.819,-2.82048,0.180308
2038,3.8483,-3.7342,2.82488,-2.82418,0.180492
2039,3.8483,-3.7342,2.82491,-2.82226,0.180683
2040,3.90779,-3.76429,2.82533,-2.82107,0.180839
2041,3.90779,-3.76429,2.82709,-2.82095,0.180974
2042,4.20779,-4.06429,2.82884,-2.82114,0.181099
2043,4.20779,-4.06429,2.83598,-2.82699,0.181231
2044,3.90779,-3.77466,2.84225,-2.83218,0.181407
2045,3.90779,-3.77466,2.84246,-2.83168,0.181601
2046,3.95128,-3.83935,2.84305,-2.83168,0.181767
2047,3.95128,-3.83935,2.84469,-2.8332,0.181917
2048,4.25128,-4.13935,2.84638,-2.83479,0.182063
2049,4.25128,-4.13935,2.85351,-2.84185,0.182219
2050,3.95128,-3.83935,2.85983,-2.84811,0.182422
2051,3.95128,-3.83935,2.86014,-2.84837,0.182644
2052,3.98773,-3.8909,2.86088,-2.84906,0.182839
2053,3.98773,-3.8909,2.86257,-2.85099,0.183018
2054,4.28773,-4.1909,2.86437,-2.85299,0.18319
2055,4.28773,-4.1909,2.87166,-2.86044,0.183372
2056,3.98773,-3.8909,2.87815,-2.86707,0.183601
2057,3.98773,-3.8909,2.87868,-2.86771,0.183847
2058,4.02479,-3.92924,2.87964,-2.86877,0.184066
2059,4.02479,-3.92924,2.88159,-2.87082,0.184268
2060,4.32479,-4.22924,2.88365,-2.87296,0.184462
2061,4.32479,-4.22924,2.8912,-2.88058,0.184665
2062,4.02479,-3.92924,2.89796,-2.8874,0.184914
2063,4.02479,-3.92924,2.89875,-2.88825,0.18518
2064,3.76505,-3.6679,2.89998,-2.88952,0.185418
2065,3.76505,-3.6679,2.89685,-2.88638,0.185625
2066,4.06505,-3.9679,2.89466,-2.8842,0.185775
2067,4.06505,-3.9679,2.89855,-2.88809,0.185899
2068,3.76505,-3.94355,2.90207,-2.89162,0.186043
2069,3.76505,-3.94355,2.89993,-2.89445,0.186194
2070,4.06505,-3.70266,2.89847,-2.89712,0.186329
2071,4.06505,-3.70266,2.90295,-2.8953,0.186453
2072,4.36505,-4.00266,2.90696,-2.89406,0.186573
2073,4.36505,-4.00266,2.91596,-2.89869,0.186706
2074,4.06505,-4.00254,2.92377,-2.90288,0.186885
2075,4.06505,-4.00254,2.92528,-2.90677,0.187091
2076,3.84191,-3.7596,2.927,-2.91047,0.187295
2077,3.84191,-3.7596,2.92487,-2.90962,0.187487
2078,4.14191,-4.0596,2.92349,-2.90932,0.18764
2079,4.14191,-4.0596,2.92807,-2.91479,0.187779
2080,4.10667,-3.76048,2.9322,-2.91967,0.187947
2081,4.10667,-3.76048,2.93539,-2.91873,0.188128
2082,3.85925,-3.80429,2.93845,-2.91835,0.188296
2083,3.85925,-3.80429,2.9369,-2.91918,0.18845
2084,4.15925,-4.10429,2.93593,-2.9202,0.18858
2085,4.15925,-4.10429,2.94081,-2.92672,0.188708
2086,3.86105,-4.09106,2.94517,-2.93246,0.188873
2087,3.86105,-4.09106,2.94382,-2.93738,0.189057
2088,3.90794,-3.85482,2.9431,-2.94188,0.189233
2089,3.90794,-3.85482,2.94373,-2.94176,0.1894
2090,4.20794,-4.15482,2.94461,-2.94202,0.189547
2091,4.20794,-4.15482,2.95106,-2.94795,0.189695
2092,3.90794,-3.85482,2.95678,-2.95323,0.189882
2093,3.90794,-3.85482,2.95658,-2.95267,0.190083
2094,3.96612,-3.87854,2.95684,-2.95262,0.190253
2095,3.96612,-3.87854,2.95846,-2.95338,0.190404
2096,4.26612,-4.17854,2.96014,-2.95433,0.190547
2097,4.26612,-4.17854,2.96725,-2.96084,0.190697
2098,3.96612,-3.87854,2.97352,-2.96662,0.190893
2099,3.96612,-3.87854,2.9738,-2.96648,0.191105
2100,4.00629,-3.92346,2.97449,-2.96682,0.191291
2101,4.00629,-3.92346,2.97619,-2.96831,0.191459
2102,4.30629,-4.22346,2.97796,-2.96992,0.19162
2103,4.30629,-4.22346,2.98519,-2.97701,0.19179
2104,4.00629,-3.92346,2.99161,-2.98331,0.192006
2105,4.00629,-3.92346,2.99206,-2.98366,0.192239
2106,4.03949,-3.67073,2.99293,-2.98445,0.192446
2107,4.03949,-3.67073,2.9947,-2.98102,0.192628
2108,4.33949,-3.97073,2.99656,-2.97854,0.192778
2109,4.33949,-3.97073,3.00382,-2.98219,0.192921
2110,4.03949,-3.94737,3.01019,-2.98556,0.193096
2111,4.03949,-3.94737,3.01051,-2.98835,0.193286
2112,3.77621,-4.00055,3.01118,-2.99109,0.193467
2113,3.77621,-4.00055,3.00741,-2.99472,0.193634
2114,4.07621,-4.30055,3.00463,-2.9981,0.19378
2115,4.07621,-4.30055,3.00802,-3.00662,0.193923
2116,4.05041,-4.00055,3.01118,-3.01404,0.194104
2117,4.05041,-4.00055,3.01377,-3.01525,0.194304
2118,3.81234,-4.05028,3.01635,-3.0167,0.194495
2119,3.81234,-4.05028,3.01465,-3.01921,0.194676
2120,4.11234,-4.35028,3.01362,-3.02169,0.194837
2121,4.11234,-4.35028,3.0185,-3.0295,0.194998
2122,4.11212,-4.05028,3.02295,-3.03637,0.195198
2123,4.11212,-4.05028,3.0271,-3.03716,0.195419
2124,3.86942,-4.06322,3.03105,-3.03831,0.195634
2125,3.86942,-4.06322,3.03044,-3.03997,0.195839
2126,4.16942,-4.36322,3.03038,-3.04179,0.196022
2127,4.16942,-4.36322,3.03612,-3.04909,0.196204
2128,3.86942,-4.06322,3.04132,-3.0556,0.196425
2129,3.86942,-4.06322,3.04076,-3.05612,0.196657
2130,4.16942,-3.79333,3.04079,-3.05706,0.196858
2131,4.16942,-3.79333,3.04664,-3.05343,0.197039
2132,4.46942,-4.09333,3.0519,-3.05079,0.197206
2133,4.46942,-4.09333,3.06203,-3.05435,0.197378
2134,4.16942,-4.06589,3.07086,-3.05773,0.197593
2135,4.16942,-4.06589,3.07332,-3.06053,0.197829
2136,3.9169,-3.82586,3.07589,-3.06339,0.19806
2137,3.9169,-3.82586,3.07401,-3.06197,0.198274
2138,4.2169,-4.12586,3.07288,-3.06123,0.198444
2139,4.2169,-4.12586,3.07769,-3.06636,0.198597
2140,3.9169,-3.83147,3.08205,-3.07098,0.198778
2141,3.9169,-3.83147,3.0807,-3.06996,0.198963
2142,3.91669,-3.88017,3.07997,-3.06949,0.199112
2143,3.91669,-3.88017,3.07967,-3.0703,0.199238
2144,4.21669,-4.18017,3.07969,-3.07124,0.199349
2145,4.21669,-4.18017,3.08534,-3.07764,0.199465
2146,3.91669,-3.88017,3.09031,-3.08326,0.199623
2147,3.91669,-3.88017,3.08944,-3.08291,0.199795
2148,3.97258,-3.93114,3.08908,-3.08299,0.19994
2149,3.97258,-3.93114,3.09009,-3.08428,0.200066
2150,4.27258,-4.23114,3.09121,-3.08563,0.200187
2151,4.27258,-4.23114,3.09779,-3.0924,0.200318
2152,3.97258,-3.93114,3.10358,-3.09835,0.200496
2153,3.97258,-3.93114,3.10343,-3.09834,0.200691
2154,4.0182,-3.96804,3.10373,-3.09875,0.20086
2155,4.0182,-3.96804,3.10515,-3.10011,0.201012
2156,4.3182,-4.26804,3.10667,-3.10157,0.201157
2157,4.3182,-4.26804,3.11364,-3.10849,0.201312
2158,4.0182,-3.96804,3.1198,-3.11462,0.201513
2159,4.0182,-3.96804,3.12002,-3.11481,0.20173
2160,4.0536,-4.00148,3.12067,-3.11543,0.201922
2161,4.0536,-4.00148,3.12225,-3.11696,0.202095
2162,4.3536,-4.30148,3.12395,-3.11861,0.202261
2163,4.3536,-4.30148,3.13111,-3.12573,0.202436
2164,4.0536,-4.00148,3.13748,-3.13207,0.202655
2165,4.0536,-4.00148,3.13791,-3.13247,0.202891
2166,3.78931,-3.73812,3.13877,-3.13331,0.2031
2167,3.78931,-3.73812,3.1352,-3.12974,0.203277
2168,4.08931,-4.03812,3.13259,-3.12713,0.203397
2169,4.08931,-4.03812,3.13603,-3.13057,0.203491
2170,4.06045,-4.00991,3.13912,-3.13366,0.203605
2171,4.06045,-4.00991,3.14143,-3.13598,0.203733
2172,3.82097,-3.77062,3.14365,-3.1382,0.203865
2173,3.82097,-3.77062,3.14149,-3.13606,0.20399
2174,4.12097,-4.07062,3.13995,-3.13452,0.204077
2175,4.12097,-4.07062,3.14422,-3.1388,0.204154
2176,4.11646,-4.06617,3.14796,-3.14255,0.20426
2177,4.11646,-4.06617,3.15125,-3.14584,0.204388
2178,3.87492,-3.8248,3.15427,-3.14888,0.204531
2179,3.87492,-3.8248,3.15279,-3.1474,0.204672
2180,4.17492,-4.1248,3.15184,-3.14646,0.20478
2181,4.17492,-4.1248,3.15665,-3.15127,0.204879
2182,4.16244,-4.11276,3.1609,-3.15553,0.205012
2183,4.16244,-4.11276,3.16452,-3.15916,0.205166
2184,3.91519,-3.86547,3.16788,-3.16253,0.205335
2185,3.91519,-3.86547,3.16663,-3.16128,0.205501
2186,4.21519,-4.16547,3.16594,-3.1606,0.205634
2187,4.21519,-4.16547,3.17101,-3.16568,0.205758
2188,3.91519,-4.14878,3.17553,-3.1702,0.205913
2189,3.91519,-4.14878,3.17428,-3.17402,0.206083
2190,3.95013,-3.89861,3.1736,-3.17758,0.206243
2191,3.95013,-3.89861,3.17402,-3.1764,0.206391
2192,4.25013,-4.19861,3.17468,-3.17574,0.206515
2193,4.25013,-4.19861,3.18086,-3.18082,0.206638
2194,4.23174,-3.89861,3.18631,-3.18535,0.206798
2195,4.23174,-3.89861,3.19088,-3.18412,0.206976
2196,3.99598,-3.92987,3.19507,-3.18348,0.207147
2197,3.99598,-3.92987,3.19472,-3.18389,0.207308
2198,4.29598,-4.22987,3.19477,-3.18457,0.207447
2199,4.29598,-4.22987,3.20048,-3.19081,0.207587
2200,3.99598,-3.92987,3.20556,-3.19633,0.207764
2201,3.99598,-3.92987,3.20484,-3.19597,0.207955
2202,4.01488,-3.97699,3.20463,-3.19607,0.208115
2203,4.01488,-3.97699,3.20514,-3.19734,0.208255
2204,4.31489,-4.27699,3.20587,-3.1987,0.208385
2205,4.31489,-4.27699,3.21213,-3.20549,0.208523
2206,4.01488,-3.97699,3.21768,-3.21147,0.208704
2207,4.01488,-3.97699,3.21734,-3.2115,0.208902
2208,4.05332,-4.01142,3.21748,-3.21194,0.209072
2209,4.05332,-4.01142,3.21866,-3.21329,0.209224
2210,4.35332,-4.31142,3.21996,-3.21475,0.209369
2211,4.35332,-4.31142,3.22674,-3.22165,0.209522
2212,4.05332,-4.01142,3.23274,-3.22775,0.20972
2213,4.05332,-4.01142,3.23283,-3.22793,0.209935
2214,4.08597,-4.03812,3.23336,-3.22853,0.210122
2215,4.08597,-4.03812,3.23479,-3.22992,0.210292
2216,4.38597,-4.33812,3.23635,-3.23144,0.210454
2217,4.38597,-4.33812,3.24337,-3.23843,0.210623
2218,4.08597,-4.03812,3.24961,-3.24464,0.210836
2219,4.08597,-4.03812,3.24993,-3.24494,0.211066
2220,4.11365,-4.06267,3.25069,-3.24569,0.211268
2221,4.11365,-4.06267,3.25226,-3.24718,0.211453
2222,4.41365,-4.36267,3.25397,-3.24883,0.211628
2223,4.41365,-4.36267,3.26113,-3.25594,0.21181
2224,4.11365,-4.06267,3.26752,-3.2623,0.212036
2225,4.11365,-4.06267,3.268,-3.26274,0.212278
2226,3.84381,-4.08703,3.26892,-3.26363,0.212493
2227,3.84381,-4.08703,3.26533,-3.26527,0.212682
2228,4.14381,-4.38703,3.26273,-3.26703,0.212838
2229,4.14381,-4.38703,3.26626,-3.27419,0.212983
2230,4.11088,-4.08703,3.26955,-3.28049,0.21316
2231,4.11088,-4.08703,3.2721,-3.28078,0.213351
2232,3.8703,-3.81502,3.27463,-3.28143,0.213531
2233,3.8703,-3.81502,3.27284,-3.27751,0.21369
2234,4.1703,-4.11502,3.27167,-3.27457,0.2138
2235,4.1703,-4.11502,3.27628,-3.2777,0.213892
2236,4.16161,-3.81502,3.28033,-3.28053,0.214008
2237,4.16161,-3.81502,3.28382,-3.27779,0.214134
2238,3.91774,-4.11311,3.28699,-3.27578,0.214247
2239,3.91774,-4.11311,3.28552,-3.27968,0.214352
2240,4.21774,-4.41311,3.28452,-3.28316,0.214454
2241,4.21774,-4.41311,3.28928,-3.29164,0.21457
2242,3.91774,-4.11311,3.29353,-3.29898,0.214733
2243,3.91774,-4.11311,3.29209,-3.30011,0.214915
2244,4.21774,-3.88522,3.29128,-3.30144,0.215072
2245,4.21774,-3.88522,3.29629,-3.29882,0.215212
2246,4.51774,-4.18523,3.30078,-3.29694,0.215346
2247,4.51774,-4.18523,3.31016,-3.30102,0.215488
2248,4.21774,-4.14225,3.31831,-3.30477,0.215676
2249,4.21774,-4.14225,3.32017,-3.30756,0.215887
2250,3.96942,-3.89599,3.32218,-3.31034,0.216093
2251,3.96942,-3.89599,3.31988,-3.30871,0.216282
2252,4.26942,-4.19599,3.31836,-3.30775,0.216428
2253,4.26942,-4.19599,3.32275,-3.31261,0.216558
2254,3.96942,-3.89599,3.3267,-3.31696,0.216714
2255,3.96942,-3.89599,3.325,-3.31558,0.216875
2256,3.96951,-3.9364,3.32392,-3.31476,0.217
2257,3.96951,-3.9364,3.32328,-3.31507,0.217101
2258,4.26951,-4.2364,3.32296,-3.31553,0.217186
2259,4.26951,-4.2364,3.32823,-3.32146,0.217276
2260,3.96951,-3.9364,3.33285,-3.32662,0.217407
2261,3.96951,-3.9364,3.33164,-3.32587,0.217553
2262,4.02226,-3.98243,3.33094,-3.32555,0.21767
2263,4.02226,-3.98243,3.33155,-3.32635,0.21777
2264,4.32226,-4.28243,3.33227,-3.32723,0.217863
2265,4.32226,-4.28243,3.33843,-3.33353,0.217966
2266,4.02226,-3.98243,3.34381,-3.33902,0.218114
2267,4.02226,-3.98243,3.34329,-3.33859,0.21828
2268,4.06422,-4.0169,3.3432,-3.33858,0.21842
2269,4.06422,-4.0169,3.34418,-3.33949,0.218543
2270,4.36422,-4.31691,3.34526,-3.34051,0.218659
2271,4.36422,-4.31691,3.35176,-3.34697,0.218784
2272,4.06422,-4.0169,3.35748,-3.35264,0.218954
2273,4.06422,-4.0169,3.35728,-3.35241,0.219141
2274,4.09458,-4.04587,3.35752,-3.35262,0.219301
2275,4.09458,-4.04587,3.3586,-3.35365,0.219445
2276,4.39458,-4.34587,3.35981,-3.35482,0.219579
2277,4.39458,-4.34587,3.36646,-3.36144,0.219721
2278,4.09458,-4.04587,3.37234,-3.3673,0.219908
2279,4.09458,-4.04587,3.37231,-3.36725,0.220111
2280,3.82806,-4.07165,3.37273,-3.36764,0.220288
2281,3.82806,-4.07165,3.3687,-3.36881,0.220439
2282,4.12806,-4.37165,3.36566,-3.3701,0.220557
2283,4.12806,-4.37165,3.36872,-3.37676,0.220665
2284,4.09562,-4.07165,3.37154,-3.38257,0.220806
2285,4.09562,-4.07165,3.37362,-3.38238,0.220961
2286,4.14939,-4.09659,3.3757,-3.38256,0.221104
2287,4.14939,-4.09659,3.37869,-3.38346,0.221241
2288,4.44939,-4.39659,3.38149,-3.38452,0.221379
2289,4.44939,-4.39659,3.38948,-3.39105,0.221531
2290,4.14939,-4.09659,3.39649,-3.39686,0.221733
2291,4.14939,-4.09659,3.39744,-3.39681,0.221954
2292,4.19346,-3.8274,3.39871,-3.39724,0.22215
2293,4.19346,-3.8274,3.40098,-3.39323,0.222324
2294,4.49346,-4.1274,3.40323,-3.39026,0.222466
2295,4.49346,-4.1274,3.41075,-3.39343,0.2226
2296,4.19346,-4.09522,3.41732,-3.39639,0.222768
2297,4.19346,-4.09522,3.41784,-3.39866,0.222951
2298,4.19861,-3.85728,3.41866,-3.40096,0.223123
2299,4.19861,-3.85728,3.41982,-3.399,0.223282
2300,4.49861,-4.15728,3.42112,-3.39771,0.223416
2301,4.49861,-4.15728,3.42783,-3.40227,0.223547
2302,4.19861,-4.14738,3.43373,-3.40637,0.223714
2303,4.19861,-4.14738,3.43368,-3.41,0.223899
2304,3.91943,-3.9046,3.43404,-3.41343,0.224077
2305,3.91943,-3.9046,3.42976,-3.41234,0.224237
2306,4.21943,-4.20461,3.42653,-3.41176,0.224351
2307,4.21943,-4.20461,3.42941,-3.41686,0.224446
2308,3.91943,-3.90461,3.43204,-3.42133,0.224566
2309,3.91943,-3.90461,3.42915,-3.41998,0.22469
2310,4.21846,-4.20419,3.42701,-3.41911,0.224778
2311,4.21846,-4.20419,3.43073,-3.4239,0.224854
2312,4.51846,-4.50419,3.43401,-3.42807,0.22496
2313,4.51846,-4.50419,3.44233,-3.43714,0.225102
2314,4.21846,-4.20419,3.44961,-3.44503,0.225308
2315,4.21846,-4.20419,3.45081,-3.44675,0.225545
2316,3.98807,-3.94583,3.45233,-3.44869,0.225764
2317,3.98807,-3.94583,3.44996,-3.44619,0.225959
2318,4.28807,-4.24583,3.4484,-3.4445,0.226106
2319,4.28807,-4.24583,3.45274,-3.44875,0.226232
2320,3.98807,-3.94583,3.45665,-3.45257,0.226383
2321,3.98807,-3.94583,3.4549,-3.45076,0.226536
2322,3.99525,-3.94451,3.45377,-3.44957,0.226652
2323,3.99525,-3.94451,3.45319,-3.44879,0.226742
2324,4.29525,-4.24451,3.4529,-3.44833,0.226813
2325,4.29525,-4.24451,3.45815,-3.45345,0.226886
2326,3.99525,-3.94451,3.4627,-3.45789,0.226999
2327,3.99525,-3.94451,3.46142,-3.45651,0.227125
2328,4.04386,-3.99459,3.46061,-3.45562,0.227222
2329,4.04386,-3.99459,3.46101,-3.45598,0.227301
2330,4.34386,-4.29459,3.46151,-3.45644,0.227373
2331,4.34386,-4.29459,3.46742,-3.46233,0.227454
2332,4.04386,-3.99459,3.47255,-3.46743,0.227581
2333,4.04386,-3.99459,3.47178,-3.46665,0.227725
2334,4.08206,-4.0345,3.47144,-3.46629,0.227843
2335,4.08206,-4.0345,3.47209,-3.46696,0.227944
2336,4.38206,-4.3345,3.47285,-3.46773,0.228037
2337,4.38206,-4.3345,3.47902,-3.47392,0.228141
2338,4.08206,-4.0345,3.48441,-3.47932,0.228289
2339,4.08206,-4.0345,3.48392,-3.47883,0.228455
2340,4.11109,-4.0641,3.48385,-3.47877,0.228594
2341,4.11109,-4.0641,3.48461,-3.47955,0.228716
2342,4.41109,-4.3641,3.48551,-3.48046,0.228829
2343,4.41109,-4.3641,3.49184,-3.4868,0.22895
2344,4.11109,-4.0641,3.4974,-3.49237,0.229116
2345,4.11109,-4.0641,3.49708,-3.49206,0.229298
2346,4.13759,-4.08898,3.4972,-3.49219,0.229453
2347,4.13759,-4.08898,3.4981,-3.49307,0.22959
2348,4.43759,-4.38898,3.49915,-3.4941,0.229718
2349,4.43759,-4.38898,3.50564,-3.50057,0.229853
2350,4.13759,-4.08898,3.51137,-3.50628,0.230032
2351,4.13759,-4.08898,3.51121,-3.50612,0.230227
2352,3.86784,-4.11318,3.5115,-3.5064,0.230395
2353,3.86784,-4.11318,3.5073,-3.50742,0.230538
2354,4.16784,-4.41318,3.50411,-3.50856,0.230647
2355,4.16784,-4.41318,3.50701,-3.51508,0.230747
2356,4.13233,-4.11318,3.50966,-3.52074,0.230878
2357,4.13233,-4.11318,3.51154,-3.52042,0.231023
2358,4.18615,-3.84113,3.51342,-3.52047,0.231156
2359,4.18615,-3.84113,3.51624,-3.51597,0.231276
2360,4.48615,-4.14113,3.51883,-3.51247,0.231373
2361,4.48615,-4.14113,3.52652,-3.5151,0.231466
2362,4.18615,-4.10475,3.53315,-3.51751,0.231597
2363,4.18615,-4.10475,3.53364,-3.51918,0.231745
2364,4.22755,-3.86826,3.53437,-3.52089,0.231884
2365,4.22755,-3.86826,3.53602,-3.51841,0.232011
2366,4.52755,-4.16826,3.53766,-3.51662,0.232118
2367,4.52755,-4.16826,3.54458,-3.52069,0.232224
2368,4.22755,-4.15846,3.55061,-3.52434,0.232369
2369,4.22755,-4.15846,3.55062,-3.52754,0.232533
2370,3.94098,-3.91853,3.551,-3.53056,0.232691
2371,3.94098,-3.91853,3.54657,-3.52916,0.232832
2372,4.24098,-4.21853,3.54316,-3.52827,0.232926
2373,4.24098,-4.21853,3.54585,-3.53305,0.233002
2374,4.20032,-4.19706,3.54826,-3.53722,0.233104
2375,4.20032,-4.19706,3.54979,-3.54054,0.233222
2376,3.96129,-3.94768,3.55133,-3.54357,0.233347
2377,3.96129,-3.94768,3.54864,-3.54194,0.233466
2378,4.26129,-4.24768,3.54665,-3.54083,0.233549
2379,4.26129,-4.24768,3.55048,-3.5454,0.233621
2380,3.96129,-3.94768,3.55385,-3.54938,0.233723
2381,3.96129,-3.94768,3.55157,-3.54761,0.233832
2382,4.01208,-4.2432,3.54989,-3.54635,0.233908
2383,4.01208,-4.2432,3.54955,-3.55071,0.233968
2384,4.31208,-4.5432,3.5494,-3.55447,0.234039
2385,4.31208,-4.5432,3.55477,-3.5631,0.234132
2386,4.29149,-4.2432,3.55948,-3.57052,0.23428
2387,4.29149,-4.2432,3.56339,-3.57171,0.234458
2388,4.06078,-3.98666,3.56703,-3.5731,0.234637
2389,4.06078,-3.98666,3.56637,-3.5701,0.234804
2390,4.36078,-4.28666,3.56616,-3.56795,0.234932
2391,4.36078,-4.28666,3.57158,-3.57175,0.235047
2392,4.06078,-3.98666,3.57636,-3.57519,0.23519
2393,4.06078,-3.98666,3.57534,-3.57305,0.235339
2394,4.07592,-3.9868,3.5748,-3.57158,0.235454
2395,4.07592,-3.9868,3.57486,-3.5706,0.235544
2396,4.37592,-4.2868,3.5751,-3.56997,0.235618
2397,4.37592,-4.2868,3.58079,-3.57493,0.235695
2398,4.07592,-3.9868,3.58571,-3.57926,0.235812
2399,4.07592,-3.9868,3.58476,-3.57781,0.235944
2400,4.10567,-4.03745,3.58424,-3.57688,0.236047
2401,4.10567,-4.03745,3.58456,-3.57721,0.236131
2402,4.40567,-4.33745,3.585,-3.57768,0.236207
2403,4.40567,-4.33745,3.59086,-3.58356,0.236292
2404,4.10567,-4.03745,3.59595,-3.58866,0.236422
2405,4.10567,-4.03745,3.59517,-3.58789,0.236568
2406,4.13349,-4.07427,3.59483,-3.58756,0.236688
2407,4.13349,-4.07427,3.59529,-3.58819,0.236791
2408,4.43349,-4.37427,3.5959,-3.58894,0.236885
2409,4.43349,-4.37427,3.60194,-3.59509,0.236988
2410,4.13349,-4.07427,3.60721,-3.60047,0.237135
2411,4.13349,-4.07427,3.60663,-3.59996,0.237299
2412,4.15846,-4.09908,3.60649,-3.59989,0.237436
2413,4.15846,-4.09908,3.6071,-3.60056,0.237555
2414,4.45846,-4.39909,3.60788,-3.60138,0.237665
2415,4.45846,-4.39909,3.61408,-3.60762,0.237782
2416,4.15846,-4.09908,3.61953,-3.6131,0.237943
2417,4.15846,-4.09908,3.61912,-3.61272,0.238121
2418,4.18032,-4.11968,3.61915,-3.61277,0.238271
2419,4.18032,-4.11968,3.61989,-3.6135,0.238403
2420,4.48032,-4.41968,3.62079,-3.6144,0.238524
2421,4.48032,-4.41968,3.62713,-3.62073,0.238653
2422,4.18032,-4.11968,3.63271,-3.62631,0.238825
2423,4.18032,-4.11968,3.63243,-3.62604,0.239012
2424,4.20123,-4.13867,3.6326,-3.6262,0.239173
2425,4.20123,-4.13867,3.63346,-3.62702,0.239315
2426,4.50123,-4.43867,3.63448,-3.62802,0.239446
2427,4.50123,-4.43867,3.64094,-3.63445,0.239584
2428,4.20123,-4.13867,3.64664,-3.64013,0.239765
2429,4.20123,-4.13867,3.64649,-3.63996,0.239962
2430,3.92627,-4.15777,3.64678,-3.64024,0.240132
2431,3.92627,-4.15777,3.64251,-3.64117,0.240276
2432,4.22627,-4.45777,3.63926,-3.64225,0.240385
2433,4.22627,-4.45777,3.6421,-3.64869,0.240484
2434,4.18687,-4.15777,3.6447,-3.65428,0.240614
2435,4.18687,-4.15777,3.64646,-3.65393,0.240757
2436,3.94882,-4.17453,3.64824,-3.65394,0.240889
2437,3.94882,-4.17453,3.64579,-3.65453,0.241006
2438,4.24882,-4.47453,3.64399,-3.65527,0.241099
2439,4.24882,-4.47453,3.64801,-3.6614,0.241189
2440,4.23333,-4.17453,3.65158,-3.66672,0.241316
2441,4.23333,-4.17453,3.65457,-3.66613,0.24146
2442,3.9921,-4.192,3.65737,-3.66595,0.241597
2443,3.9921,-4.192,3.65573,-3.66641,0.241723
2444,4.2921,-4.492,3.65463,-3.66706,0.241827
2445,4.2921,-4.492,3.65925,-3.67314,0.24193
2446,4.26682,-4.192,3.66335,-3.67845,0.24207
2447,4.26682,-4.192,3.66664,-3.67788,0.242228
2448,4.01821,-3.92133,3.66972,-3.67774,0.242378
2449,4.01821,-3.92133,3.66821,-3.67317,0.242511
2450,4.31821,-4.22133,3.66721,-3.66963,0.242597
2451,4.31821,-4.22133,3.67187,-3.67217,0.242664
2452,4.01821,-4.18324,3.67592,-3.67444,0.242757
2453,4.01821,-4.18324,3.67418,-3.67588,0.24286
2454,4.31216,-3.94716,3.67296,-3.67729,0.242947
2455,4.31216,-3.94716,3.67733,-3.67447,0.243026
2456,4.61216,-4.24716,3.68115,-3.6723,0.243101
2457,4.61216,-4.24716,3.6898,-3.67597,0.243189
2458,4.31216,-3.94716,3.69722,-3.67925,0.243324
2459,4.31216,-3.94716,3.69841,-3.67699,0.243477
2460,4.05047,-4.24716,3.69972,-3.67542,0.243605
2461,4.05047,-4.24716,3.69644,-3.67971,0.243716
2462,4.35047,-4.54716,3.69396,-3.68352,0.243817
2463,4.35047,-4.54716,3.69743,-3.69222,0.243926
2464,4.05047,-4.24716,3.70058,-3.69973,0.244078
2465,4.05047,-4.24716,3.69825,-3.70103,0.244246
2466,4.047,-4.01808,3.69666,-3.70246,0.244388
2467,4.047,-4.01808,3.69558,-3.69989,0.244504
2468,4.347,-4.31808,3.69492,-3.698,0.244588
2469,4.347,-4.31808,3.69986,-3.7019,0.244663
2470,4.047,-4.01808,3.70415,-3.70534,0.244771
2471,4.047,-4.01808,3.70266,-3.70314,0.244886
2472,4.347,-4.01256,3.70166,-3.70155,0.244969
2473,4.347,-4.01256,3.70631,-3.70029,0.245035
2474,4.647,-4.31256,3.71032,-3.6994,0.245109
2475,4.647,-4.31256,3.71915,-3.70413,0.245203
2476,4.347,-4.01256,3.72673,-3.70831,0.245348
2477,4.347,-4.01256,3.72807,-3.70683,0.245516
2478,4.10579,-4.05782,3.72954,-3.70595,0.245661
2479,4.10579,-4.05782,3.72682,-3.70633,0.245785
2480,4.40579,-4.35782,3.7248,-3.7069,0.245882
2481,4.40579,-4.35782,3.72864,-3.71289,0.245974
2482,4.10579,-4.05782,3.73205,-3.7181,0.2461
2483,4.10579,-4.05782,3.72988,-3.71742,0.246236
2484,3.80631,-4.09197,3.72836,-3.71714,0.246341
2485,3.80631,-4.09197,3.72201,-3.71773,0.246417
2486,4.10631,-4.39197,3.71687,-3.71836,0.246456
2487,4.10631,-4.39197,3.71797,-3.72427,0.246483
2488,4.08201,-4.09197,3.71896,-3.72926,0.246539
2489,4.08201,-4.09197,3.7195,-3.72825,0.246609
2490,4.14965,-4.11144,3.72009,-3.72755,0.246667
2491,4.14965,-4.11144,3.72191,-3.72744,0.246719
2492,4.44965,-4.41144,3.72353,-3.72746,0.246773
2493,4.44965,-4.41144,3.73032,-3.73291,0.246841
2494,4.15112,-4.11144,3.73614,-3.73762,0.246959
2495,4.15112,-4.11144,3.73599,-3.73652,0.247096
2496,4.20451,-4.13259,3.73615,-3.73589,0.24721
2497,4.20451,-4.13259,3.73748,-3.73599,0.247309
2498,4.50451,-4.43259,3.73879,-3.73628,0.247401
2499,4.50451,-4.43259,3.74539,-3.74203,0.247503
2500,4.20451,-4.13259,3.75114,-3.74707,0.24765
2501,4.20451,-4.13259,3.75097,-3.74631,0.247815
2502,3.91997,-3.86562,3.75117,-3.74602,0.247954
2503,3.91997,-3.86562,3.7466,-3.74135,0.248061
2504,4.21997,-4.16562,3.743,-3.73767,0.24811
2505,4.21997,-4.16562,3.74539,-3.73999,0.248132
2506,4.17565,-4.12788,3.74744,-3.74199,0.248174
2507,4.17565,-4.12788,3.74847,-3.74309,0.248228
2508,4.22865,-4.18471,3.74944,-3.74412,0.248284
2509,4.22865,-4.18471,3.75132,-3.74611,0.248346
2510,4.52865,-4.48471,3.75302,-3.74791,0.248417
2511,4.52865,-4.48471,3.75991,-3.75488,0.24851
2512,4.22865,-4.18471,3.76588,-3.76092,0.248657
2513,4.22865,-4.18471,3.76589,-3.76098,0.248827
2514,4.27016,-3.93326,3.76626,-3.7614,0.248975
2515,4.27016,-3.93326,3.76763,-3.75762,0.249102
2516,4.57016,-4.23326,3.76902,-3.75474,0.249202
2517,4.57016,-4.23326,3.7757,-3.75786,0.249295
2518,4.27016,-4.18501,3.78148,-3.76068,0.249423
2519,4.27016,-4.18501,3.78129,-3.76247,0.249566
2520,3.98202,-3.9439,3.78144,-3.76427,0.249698
2521,3.98202,-3.9439,3.77676,-3.7618,0.24981
2522,4.28202,-4.2439,3.77308,-3.75995,0.249873
2523,4.28202,-4.2439,3.77544,-3.76384,0.249915
2524,4.23641,-4.22196,3.77751,-3.76718,0.249982
2525,4.23641,-4.22196,3.77859,-3.76974,0.250064
2526,3.99753,-4.27161,3.77967,-3.77205,0.250153
2527,3.99753,-4.27161,3.77655,-3.77505,0.250241
2528,4.29753,-4.57161,3.77414,-3.77774,0.250318
2529,4.29753,-4.57161,3.7776,-3.78544,0.250399
2530,4.28061,-4.27161,3.78069,-3.79205,0.250523
2531,4.28061,-4.27161,3.78325,-3.79255,0.25067
2532,4.04279,-4.29013,3.78571,-3.79329,0.250811
2533,4.04279,-4.29013,3.78386,-3.79454,0.250944
2534,4.34279,-4.59013,3.7826,-3.79586,0.251057
2535,4.34279,-4.59013,3.7871,-3.8025,0.251169
2536,4.31703,-4.29013,3.79111,-3.8083,0.25132
2537,4.31703,-4.29013,3.79435,-3.80818,0.251489
2538,4.07019,-3.99374,3.79741,-3.80845,0.251651
2539,4.07019,-3.99374,3.79596,-3.80379,0.251795
2540,4.37019,-4.29374,3.79503,-3.8002,0.251891
2541,4.37019,-4.29374,3.79976,-3.80271,0.251967
2542,4.07019,-4.2473,3.80387,-3.80498,0.252068
2543,4.07019,-4.2473,3.80223,-3.80628,0.252177
2544,4.36217,-4.00746,3.8011,-3.80759,0.25227
2545,4.36217,-4.00746,3.80551,-3.80465,0.252353
2546,4.66217,-4.30746,3.80936,-3.80238,0.252433
2547,4.66217,-4.30746,3.81804,-3.80597,0.252523
2548,4.36217,-4.00746,3.8255,-3.80918,0.25266
2549,4.36217,-4.00746,3.82672,-3.80688,0.252815
2550,4.09424,-4.05146,3.82807,-3.8053,0.252945
2551,4.09424,-4.05146,3.82474,-3.80503,0.253051
2552,4.39424,-4.35146,3.82218,-3.80502,0.253127
2553,4.39424,-4.35146,3.82551,-3.81047,0.253194
2554,4.09424,-4.32492,3.82844,-3.81518,0.253295
2555,4.09424,-4.32492,3.82582,-3.81886,0.25341
2556,4.08533,-4.09236,3.8239,-3.82217,0.253516
2557,4.08533,-4.09236,3.82236,-3.82105,0.253608
2558,4.38533,-4.39236,3.82127,-3.82031,0.253676
2559,4.38533,-4.39236,3.82581,-3.82513,0.25374
2560,4.08533,-4.09236,3.82974,-3.8293,0.25384
2561,4.08533,-4.09236,3.82796,-3.82772,0.253952
2562,4.13312,-4.0998,3.8267,-3.82663,0.254033
2563,4.13312,-4.0998,3.82667,-3.82601,0.254093
2564,4.43312,-4.3998,3.82677,-3.82563,0.254142
2565,4.43312,-4.3998,3.83225,-3.83072,0.254198
2566,4.4,-4.0998,3.83696,-3.8351,0.254297
2567,4.4,-4.0998,3.84053,-3.83368,0.254417
2568,4.16447,-4.128,3.84377,-3.83277,0.254533
2569,4.16447,-4.128,3.84256,-3.83276,0.254639
2570,4.46447,-4.428,3.84178,-3.83298,0.254725
2571,4.46447,-4.428,3.8466,-3.83864,0.254812
2572,4.16447,-4.128,3.85084,-3.84356,0.254937
2573,4.16447,-4.128,3.84936,-3.84266,0.255075
2574,4.16998,-4.1541,3.84841,-3.8422,0.255183
2575,4.16998,-4.1541,3.84795,-3.8425,0.255272
2576,4.46998,-4.4541,3.84776,-3.84294,0.255348
2577,4.46998,-4.4541,3.85305,-3.84876,0.255429
2578,4.16998,-4.1541,3.85766,-3.85381,0.255552
2579,4.16998,-4.1541,3.8565,-3.85301,0.255691
2580,4.19822,-4.17261,3.85582,-3.85264,0.255802
2581,4.19822,-4.17261,3.85599,-3.85289,0.255895
2582,4.49822,-4.47261,3.85633,-3.8533,0.255978
2583,4.49822,-4.47261,3.86208,-3.85911,0.256067
2584,4.19822,-4.17261,3.8671,-3.86417,0.2562
2585,4.19822,-4.17261,3.86629,-3.8634,0.256349
2586,4.22036,-4.18882,3.86593,-3.86308,0.256471
2587,4.22036,-4.18882,3.86628,-3.86335,0.256574
2588,4.52036,-4.48882,3.86679,-3.8638,0.256667
2589,4.52036,-4.48882,3.87271,-3.86966,0.256766
2590,4.22036,-4.18882,3.87789,-3.87479,0.256909
2591,4.22036,-4.18882,3.87723,-3.8741,0.257067
2592,4.23643,-4.2044,3.87703,-3.87386,0.257198
2593,4.23643,-4.2044,3.87741,-3.87422,0.25731
2594,4.53643,-4.5044,3.87798,-3.87475,0.257412
2595,4.53643,-4.5044,3.88396,-3.88071,0.257519
2596,4.23643,-4.2044,3.8892,-3.88593,0.257669
2597,4.23643,-4.2044,3.88862,-3.88534,0.257835
2598,4.25174,-4.22068,3.88849,-3.8852,0.257973
2599,4.25174,-4.22068,3.88895,-3.88566,0.258093
2600,4.55174,-4.52068,3.88959,-3.8863,0.258201
2601,4.55174,-4.52068,3.89564,-3.89236,0.258316
2602,4.25174,-4.22068,3.90096,-3.89768,0.258472
2603,4.25174,-4.22068,3.90046,-3.89719,0.258645
2604,3.9724,-3.9418,3.90041,-3.89714,0.25879
2605,3.9724,-3.9418,3.89576,-3.89249,0.258902
2606,4.2724,-4.2418,3.89209,-3.88884,0.258956
2607,4.2724,-4.2418,3.89443,-3.89118,0.258982
2608,4.22802,-4.19739,3.89644,-3.8932,0.259027
2609,4.22802,-4.19739,3.89744,-3.8942,0.259083
2610,3.99034,-3.96021,3.89839,-3.89516,0.259141
2611,3.99034,-3.96021,3.89513,-3.89191,0.259189
2612,4.29034,-4.26021,3.8925,-3.88928,0.2592
2613,4.29034,-4.26021,3.8956,-3.8924,0.259199
2614,4.27118,-4.24043,3.8982,-3.895,0.259227
2615,4.27118,-4.24043,3.90011,-3.8969,0.259276
2616,4.03299,-4.00284,3.9018,-3.89859,0.259336
2617,4.03299,-4.00284,3.89916,-3.89595,0.259393
2618,4.33299,-4.30284,3.89706,-3.89386,0.259418
2619,4.33299,-4.30284,3.90064,-3.89745,0.259433
2620,4.30624,-4.27623,3.90368,-3.90049,0.259481
2621,4.30624,-4.27623,3.90586,-3.90267,0.25955
2622,4.06347,-4.03338,3.90783,-3.90465,0.259631
2623,4.06347,-4.03338,3.90537,-3.9022,0.259708
2624,4.36347,-4.33338,3.90348,-3.9003,0.259752
2625,4.36347,-4.33338,3.90727,-3.9041,0.259786
2626,4.33235,-4.30237,3.91053,-3.90736,0.259852
2627,4.33235,-4.30237,3.91284,-3.90968,0.259938
2628,4.08749,-4.05711,3.91497,-3.91181,0.260035
2629,4.08749,-4.05711,3.91265,-3.90948,0.260128
2630,4.38749,-4.35711,3.9109,-3.90773,0.260187
2631,4.38749,-4.35711,3.91484,-3.91167,0.260236
2632,4.35479,-4.3246,3.91825,-3.91508,0.260316
2633,4.35479,-4.3246,3.92071,-3.91753,0.260416
2634,4.10818,-4.07827,3.92298,-3.9198,0.260526
2635,4.10818,-4.07827,3.92077,-3.9176,0.260631
2636,4.40818,-4.37827,3.91914,-3.91598,0.260702
2637,4.40818,-4.37827,3.92321,-3.92005,0.260762
2638,4.10818,-4.34447,3.92676,-3.9236,0.260853
2639,4.10818,-4.34447,3.92464,-3.92617,0.260958
2640,4.40587,-4.09694,3.92309,-3.92854,0.261051
2641,4.40587,-4.09694,3.92726,-3.92634,0.261137
2642,4.70587,-4.39694,3.93091,-3.92471,0.261221
2643,4.70587,-4.39694,3.93943,-3.92882,0.261318
2644,4.40587,-4.09694,3.94675,-3.93249,0.261462
2645,4.40587,-4.09694,3.94791,-3.93059,0.261625
2646,4.14094,-4.39292,3.94921,-3.92936,0.261763
2647,4.14094,-4.39292,3.94592,-3.93384,0.261885
2648,4.44094,-4.69292,3.94345,-3.93784,0.261995
2649,4.44094,-4.69292,3.94692,-3.94669,0.262113
2650,4.14094,-4.39292,3.95009,-3.95434,0.262274
2651,4.14094,-4.39292,3.94782,-3.95579,0.262451
2652,4.421,-4.12619,3.94631,-3.95738,0.2626
2653,4.421,-4.12619,3.9503,-3.95432,0.262731
2654,4.721,-4.42619,3.95391,-3.95206,0.262849
2655,4.721,-4.42619,3.96245,-3.95572,0.262972
2656,4.421,-4.12619,3.96985,-3.95906,0.263137
2657,4.421,-4.12619,3.97111,-3.95694,0.263317
2658,4.16213,-4.10983,3.97254,-3.95556,0.263469
2659,4.16213,-4.10983,3.9695,-3.95445,0.263595
2660,4.46213,-4.40983,3.96723,-3.95378,0.263685
2661,4.46213,-4.40983,3.9708,-3.95869,0.263763
2662,4.16213,-4.10983,3.97396,-3.96296,0.263871
2663,4.16213,-4.10983,3.97157,-3.96149,0.263986
2664,4.14867,-4.14758,3.96981,-3.9605,0.264068
2665,4.14867,-4.14758,3.96827,-3.96051,0.264126
2666,4.44867,-4.44758,3.96711,-3.96064,0.26417
2667,4.44867,-4.44758,3.97152,-3.96611,0.264217
2668,4.14867,-4.14758,3.97532,-3.9708,0.264304
2669,4.14867,-4.14758,3.97341,-3.96963,0.264407
2670,4.18813,-4.17167,3.97203,-3.96887,0.264481
2671,4.18813,-4.17167,3.97173,-3.96881,0.264537
2672,4.48813,-4.47167,3.9716,-3.96888,0.264584
2673,4.48813,-4.47167,3.97687,-3.97432,0.264638
2674,4.18813,-4.17167,3.98141,-3.97899,0.264737
2675,4.18813,-4.17167,3.98014,-3.97784,0.264852
2676,3.92651,-4.18931,3.97932,-3.97711,0.26494
2677,3.92651,-4.18931,3.97422,-3.97701,0.265003
2678,4.22651,-4.48931,3.97009,-3.97704,0.265034
2679,4.22651,-4.48931,3.97199,-3.9824,0.265055
2680,4.18551,-4.18931,3.97364,-3.98692,0.265108
2681,4.18551,-4.18931,3.97442,-3.98554,0.265175
2682,4.24416,-4.2063,3.97521,-3.98453,0.265231
2683,4.24416,-4.2063,3.97702,-3.98411,0.26528
2684,4.54416,-4.5063,3.97863,-3.98387,0.265329
2685,4.54416,-4.5063,3.98537,-3.98906,0.265392
2686,4.24416,-4.2063,3.99114,-3.99354,0.265504
2687,4.24416,-4.2063,3.99093,-3.99227,0.265635
2688,4.28139,-4.22451,3.99103,-3.99148,0.265743
2689,4.28139,-4.22451,3.992,-3.99137,0.265834
2690,4.58139,-4.52451,3.99301,-3.99148,0.265917
2691,4.58139,-4.52451,3.9993,-3.99703,0.266009
2692,4.28139,-4.22451,4.00477,-4.00188,0.266145
2693,4.28139,-4.22451,4.00436,-4.00096,0.266297
2694,4.28014,-3.95161,4.00434,-4.00051,0.266424
2695,4.28014,-3.95161,4.00458,-3.99561,0.266525
2696,4.58014,-4.25162,4.00497,-3.99173,0.266591
2697,4.58014,-4.25162,4.01071,-3.99391,0.266646
2698,4.28014,-4.20797,4.01562,-3.99586,0.266731
2699,4.28014,-4.20797,4.01464,-3.99692,0.266829
2700,4.28666,-4.26439,4.01403,-3.99802,0.266915
2701,4.28666,-4.26439,4.01382,-4.0001,0.266993
2702,4.58666,-4.56439,4.01382,-4.00201,0.26707
2703,4.58666,-4.56439,4.01926,-4.00905,0.267161
2704,4.28666,-4.26439,4.02402,-4.01513,0.267298
2705,4.28666,-4.26439,4.02304,-4.01525,0.267455
2706,4.00687,-4.0054,4.02254,-4.01567,0.267587
2707,4.00687,-4.0054,4.0175,-4.01175,0.267688
2708,4.30687,-4.30541,4.01349,-4.00868,0.267734
2709,4.30687,-4.30541,4.0155,-4.01148,0.267754
2710,4.26311,-4.24948,4.01724,-4.01386,0.267795
2711,4.26311,-4.24948,4.01801,-4.01496,0.267847
2712,4.02856,-4.29825,4.01877,-4.01599,0.267902
2713,4.02856,-4.29825,4.0154,-4.01783,0.267953
2714,4.32856,-4.59825,4.0127,-4.01946,0.26799
2715,4.32856,-4.59825,4.0158,-4.02618,0.268032
2716,4.30721,-4.29825,4.01851,-4.03188,0.268115
2717,4.30721,-4.29825,4.02058,-4.03155,0.268219
2718,4.07052,-4.32604,4.02253,-4.03151,0.268317
2719,4.07052,-4.32604,4.02021,-4.03217,0.268407
2720,4.37052,-4.62604,4.01847,-4.03292,0.268477
2721,4.37052,-4.62604,4.02244,-4.03895,0.268548
2722,4.34007,-4.32604,4.02593,-4.04416,0.268657
2723,4.34007,-4.32604,4.02855,-4.04347,0.268784
2724,4.3865,-4.32586,4.03101,-4.04318,0.268905
2725,4.3865,-4.32586,4.03414,-4.0432,0.26902
2726,4.6865,-4.62586,4.03699,-4.04347,0.269136
2727,4.6865,-4.62586,4.0449,-4.04922,0.269265
2728,4.3865,-4.32586,4.0518,-4.05433,0.269443
2729,4.3865,-4.32586,4.05268,-4.05372,0.269639
2730,4.39512,-4.04274,4.05383,-4.05363,0.269811
2731,4.39512,-4.04274,4.05531,-4.04895,0.269959
2732,4.69512,-4.34274,4.05685,-4.04537,0.270073
2733,4.69512,-4.34274,4.06364,-4.04789,0.270176
2734,4.39512,-4.29548,4.06953,-4.05024,0.27031
2735,4.39512,-4.29548,4.06948,-4.05167,0.270457
2736,4.09512,-4.05793,4.06975,-4.05318,0.270591
2737,4.09512,-4.05793,4.065,-4.05056,0.270703
2738,4.39512,-4.35793,4.06126,-4.04859,0.270766
2739,4.39512,-4.35793,4.06354,-4.05234,0.270808
2740,4.09512,-4.05793,4.06554,-4.05557,0.270872
2741,4.09512,-4.05793,4.06209,-4.05314,0.270939
2742,4.38267,-4.35793,4.05934,-4.05124,0.270969
2743,4.38267,-4.35793,4.06216,-4.05498,0.270988
2744,4.68267,-4.65793,4.06456,-4.05815,0.271034
2745,4.68267,-4.65793,4.07195,-4.06618,0.271116
2746,4.38267,-4.35793,4.07831,-4.07308,0.271259
2747,4.38267,-4.35793,4.07869,-4.0739,0.271433
2748,4.13737,-4.10802,4.07937,-4.07495,0.271589
2749,4.13737,-4.10802,4.07597,-4.07178,0.271722
2750,4.43737,-4.40802,4.0734,-4.0694,0.271806
2751,4.43737,-4.40802,4.0767,-4.07285,0.271869
2752,4.13737,-4.34401,4.0796,-4.07588,0.271957
2753,4.13737,-4.34401,4.07695,-4.07748,0.272052
2754,4.13491,-4.09537,4.07494,-4.07902,0.27213
2755,4.13491,-4.09537,4.07339,-4.07609,0.272189
2756,4.43491,-4.39537,4.07222,-4.07377,0.27222
2757,4.43491,-4.39537,4.07656,-4.07716,0.272244
2758,4.13491,-4.09537,4.08026,-4.08005,0.272301
2759,4.13491,-4.09537,4.0782,-4.07734,0.272368
2760,4.43491,-4.11999,4.07662,-4.07521,0.272404
2761,4.43491,-4.11999,4.08064,-4.07393,0.272425
2762,4.73491,-4.41999,4.08403,-4.07292,0.272456
2763,4.73491,-4.41999,4.0922,-4.07743,0.272509
2764,4.43491,-4.11999,4.09915,-4.08132,0.272615
2765,4.43491,-4.11999,4.09992,-4.07956,0.272744
2766,4.18373,-4.15814,4.10083,-4.07836,0.272851
2767,4.18373,-4.15814,4.09741,-4.07826,0.272938
2768,4.48373,-4.45814,4.09474,-4.07835,0.272997
2769,4.48373,-4.45814,4.0979,-4.08382,0.273051
2770,4.18373,-4.15814,4.10067,-4.0885,0.273138
2771,4.18373,-4.15814,4.09792,-4.08734,0.273234
2772,4.17113,-4.18256,4.09582,-4.08657,0.2733
2773,4.17113,-4.18256,4.09399,-4.08649,0.273344
2774,4.47113,-4.48256,4.09255,-4.08651,0.273373
2775,4.47113,-4.48256,4.09668,-4.09185,0.273405
2776,4.17113,-4.18256,4.10021,-4.09639,0.273478
2777,4.17113,-4.18256,4.09806,-4.09509,0.273566
2778,4.21099,-4.19607,4.09645,-4.09418,0.273626
2779,4.21099,-4.19607,4.09593,-4.09378,0.273667
2780,4.51099,-4.49608,4.09558,-4.09353,0.273698
2781,4.51099,-4.49608,4.10062,-4.09865,0.273737
2782,4.21099,-4.19607,4.10493,-4.10303,0.273819
2783,4.21099,-4.19607,4.10345,-4.10161,0.273917
2784,3.94907,-4.21087,4.10242,-4.10062,0.273988
2785,3.94907,-4.21087,4.09711,-4.10021,0.274035
2786,4.24907,-4.51087,4.09277,-4.09995,0.274048
2787,4.24907,-4.51087,4.09445,-4.10502,0.274052
2788,4.20536,-4.21087,4.09587,-4.10926,0.274088
2789,4.20536,-4.21087,4.09638,-4.10762,0.274137
2790,4.2653,-4.22713,4.0969,-4.10635,0.274175
2791,4.2653,-4.22713,4.09847,-4.10566,0.274206
2792,4.5653,-4.52713,4.09984,-4.10516,0.274237
2793,4.5653,-4.52713,4.10632,-4.11007,0.274282
2794,4.2653,-4.22713,4.11184,-4.11429,0.274376
2795,4.2653,-4.22713,4.1114,-4.11277,0.274489
2796,4.3011,-4.24509,4.11126,-4.11173,0.274578
2797,4.3011,-4.24509,4.11197,-4.11138,0.274651
2798,4.6011,-4.54509,4.11271,-4.11123,0.274716
2799,4.6011,-4.54509,4.11873,-4.11652,0.27479
2800,4.3011,-4.24509,4.12393,-4.12111,0.274907
2801,4.3011,-4.24509,4.12328,-4.11995,0.275042
2802,4.29917,-4.26323,4.12302,-4.11926,0.27515
2803,4.29917,-4.26323,4.12299,-4.11924,0.275239
2804,4.59917,-4.56323,4.12316,-4.11941,0.275317
2805,4.59917,-4.56323,4.12873,-4.12498,0.275401
2806,4.29917,-4.26323,4.13358,-4.12983,0.275526
2807,4.29917,-4.26323,4.13265,-4.12889,0.275666
2808,4.01105,-4.27765,4.13217,-4.12841,0.27578
2809,4.01105,-4.27765,4.12695,-4.1285,0.275867
2810,4.31105,-4.57765,4.12278,-4.12875,0.275919
2811,4.31105,-4.57765,4.12467,-4.13431,0.275959
2812,4.26276,-4.27765,4.12635,-4.13905,0.27603
2813,4.26276,-4.27765,4.12708,-4.13791,0.276113
2814,4.31902,-4.28665,4.12785,-4.13713,0.276184
2815,4.31902,-4.28665,4.12964,-4.13679,0.276247
2816,4.61902,-4.58665,4.13126,-4.13664,0.276308
2817,4.61902,-4.58665,4.13801,-4.14192,0.276382
2818,4.31902,-4.28665,4.14382,-4.14651,0.276504
2819,4.31902,-4.28665,4.14368,-4.14535,0.276645
2820,4.05924,-4.29826,4.14387,-4.14469,0.276762
2821,4.05924,-4.29826,4.13971,-4.14459,0.276854
2822,4.35924,-4.59827,4.13644,-4.14469,0.276915
2823,4.35924,-4.59827,4.1391,-4.15015,0.276967
2824,4.30117,-4.29826,4.14144,-4.15483,0.27705
2825,4.30117,-4.29826,4.14258,-4.15367,0.277147
2826,4.05957,-4.0185,4.14373,-4.15291,0.277232
2827,4.05957,-4.0185,4.14063,-4.14755,0.277295
2828,4.35957,-4.3185,4.13816,-4.1432,0.277309
2829,4.35957,-4.3185,4.14137,-4.14485,0.277304
2830,4.33005,-4.27022,4.14405,-4.14622,0.277322
2831,4.33005,-4.27022,4.14582,-4.14657,0.277355
2832,4.38108,-4.0356,4.14736,-4.14694,0.277394
2833,4.38108,-4.0356,4.14963,-4.14322,0.277433
2834,4.68108,-4.3356,4.1516,-4.14021,0.277459
2835,4.68108,-4.3356,4.15855,-4.14301,0.277492
2836,4.38108,-4.31392,4.16443,-4.14544,0.277566
2837,4.38108,-4.31392,4.16424,-4.14727,0.277662
2838,4.39661,-4.07856,4.1643,-4.149,0.277754
2839,4.39661,-4.07856,4.16482,-4.14651,0.277837
2840,4.69661,-4.37856,4.16543,-4.14461,0.277899
2841,4.69661,-4.37856,4.17132,-4.14842,0.277962
2842,4.39661,-4.3462,4.17638,-4.15176,0.278062
2843,4.39661,-4.3462,4.17558,-4.1542,0.278181
2844,4.388,-4.10204,4.17517,-4.15649,0.278292
2845,4.388,-4.10204,4.17492,-4.15437,0.278392
2846,4.688,-4.40204,4.17491,-4.1528,0.278467
2847,4.688,-4.40204,4.18032,-4.15691,0.278539
2848,4.388,-4.36251,4.18501,-4.16051,0.278647
2849,4.388,-4.36251,4.1839,-4.16308,0.278772
2850,4.10206,-4.11453,4.18326,-4.16548,0.278887
2851,4.10206,-4.11453,4.17796,-4.16338,0.278983
2852,4.40206,-4.41453,4.17373,-4.16182,0.279031
2853,4.40206,-4.41453,4.17556,-4.16586,0.27906
2854,4.35299,-4.37115,4.17716,-4.16931,0.279113
2855,4.35299,-4.37115,4.17775,-4.17154,0.27918
2856,4.11779,-4.12163,4.1784,-4.17355,0.279253
2857,4.11779,-4.12163,4.17498,-4.17101,0.279316
2858,4.41779,-4.42163,4.17226,-4.16902,0.279344
2859,4.41779,-4.42163,4.17529,-4.17266,0.279359
2860,4.11779,-4.37991,4.17787,-4.17575,0.279404
2861,4.11779,-4.37991,4.17487,-4.1777,0.279462
2862,4.41779,-4.13218,4.17249,-4.17944,0.279507
2863,4.41779,-4.13218,4.17586,-4.17664,0.279545
2864,4.71779,-4.43218,4.17875,-4.1744,0.27958
2865,4.71779,-4.43218,4.18649,-4.17786,0.279628
2866,4.41779,-4.39209,4.19307,-4.18088,0.279723
2867,4.41779,-4.39209,4.19351,-4.18292,0.279843
2868,4.17899,-4.14679,4.19415,-4.18489,0.279959
2869,4.17899,-4.14679,4.19075,-4.18248,0.280061
2870,4.47899,-4.44679,4.18812,-4.18067,0.280121
2871,4.47899,-4.44679,4.1913,-4.18454,0.280167
2872,4.41327,-4.14679,4.19407,-4.18788,0.280241
2873,4.41327,-4.14679,4.19539,-4.18557,0.280324
2874,4.1664,-4.16327,4.19667,-4.18383,0.280393
2875,4.1664,-4.16327,4.19356,-4.18282,0.280445
2876,4.4664,-4.46327,4.19107,-4.18207,0.28047
2877,4.4664,-4.46327,4.19429,-4.18675,0.280491
2878,4.1664,-4.4234,4.19704,-4.19071,0.280546
2879,4.1664,-4.4234,4.19421,-4.19345,0.280619
2880,4.18976,-4.18944,4.19202,-4.19588,0.280681
2881,4.18976,-4.18944,4.19073,-4.19394,0.280731
2882,4.48976,-4.48944,4.18975,-4.19242,0.280759
2883,4.48976,-4.48944,4.19425,-4.19647,0.280786
2884,4.18976,-4.18944,4.19808,-4.19991,0.28085
2885,4.18976,-4.18944,4.19616,-4.19769,0.280926
2886,4.48976,-4.19424,4.19472,-4.19598,0.280972
2887,4.48976,-4.19424,4.19886,-4.19474,0.281005
2888,4.78976,-4.49424,4.20239,-4.19378,0.281046
2889,4.78976,-4.49424,4.21068,-4.19833,0.281109
2890,4.48976,-4.45163,4.21774,-4.2023,0.281225
2891,4.48976,-4.45163,4.21865,-4.20513,0.281369
2892,4.2286,-4.21715,4.21972,-4.2078,0.281512
2893,4.2286,-4.21715,4.21635,-4.20624,0.281643
2894,4.5286,-4.51715,4.21382,-4.2052,0.281733
2895,4.5286,-4.51715,4.21714,-4.20977,0.281808
2896,4.2286,-4.21715,4.22009,-4.21376,0.281911
2897,4.2286,-4.21715,4.21754,-4.21206,0.282019
2898,4.20926,-4.22154,4.21563,-4.21087,0.282093
2899,4.20926,-4.22154,4.21385,-4.21011,0.282142
2900,4.50926,-4.52154,4.21246,-4.20957,0.282173
2901,4.50926,-4.52154,4.21663,-4.21443,0.282205
2902,4.20926,-4.22154,4.22018,-4.21857,0.282275
2903,4.20926,-4.22154,4.21806,-4.21694,0.282358
2904,4.24355,-4.23935,4.21646,-4.21574,0.282413
2905,4.24355,-4.23935,4.21584,-4.21517,0.282448
2906,4.54355,-4.53935,4.2154,-4.21476,0.282473
2907,4.54355,-4.53935,4.22033,-4.21973,0.282505
2908,4.24355,-4.23935,4.22454,-4.22396,0.28258
2909,4.24355,-4.23935,4.22297,-4.22242,0.282671
2910,4.26699,-4.25512,4.22184,-4.22131,0.282735
2911,4.26699,-4.25512,4.22145,-4.2208,0.282781
2912,4.56699,-4.55512,4.22122,-4.22047,0.282817
2913,4.56699,-4.55512,4.22635,-4.22552,0.282859
2914,4.26699,-4.25512,4.23075,-4.22985,0.282944
2915,4.26699,-4.25512,4.22936,-4.2284,0.283046
2916,4.28172,-4.26938,4.22841,-4.22741,0.28312
2917,4.28172,-4.26938,4.22803,-4.22698,0.283176
2918,4.58172,-4.56938,4.22784,-4.22674,0.283221
2919,4.58172,-4.56938,4.23302,-4.23189,0.283273
2920,4.28172,-4.26938,4.23747,-4.23632,0.283366
2921,4.28172,-4.26938,4.23615,-4.23498,0.283475
2922,4.29313,-4.28236,4.23528,-4.23408,0.283557
2923,4.29313,-4.28236,4.23492,-4.23374,0.283621
2924,4.59313,-4.58236,4.23476,-4.23358,0.283673
2925,4.59313,-4.58236,4.23998,-4.23882,0.283731
2926,4.29313,-4.28236,4.24448,-4.24333,0.28383
2927,4.29313,-4.28236,4.24322,-4.24207,0.283946
2928,4.30287,-4.29351,4.2424,-4.24126,0.284034
2929,4.30287,-4.29351,4.24208,-4.24096,0.284103
2930,4.60287,-4.59351,4.24196,-4.24086,0.284161
2931,4.60287,-4.59351,4.24723,-4.24615,0.284224
2932,4.30287,-4.29351,4.25178,-4.25072,0.284328
2933,4.30287,-4.29351,4.25056,-4.24952,0.284448
2934,4.31545,-4.01147,4.2498,-4.24877,0.284541
2935,4.31545,-4.01147,4.24959,-4.24341,0.284608
2936,4.61545,-4.31147,4.24953,-4.23907,0.28464
2937,4.61545,-4.31147,4.25479,-4.24077,0.284661
2938,4.31545,-4.26209,4.25923,-4.24224,0.284713
2939,4.31545,-4.26209,4.2578,-4.24273,0.284777
2940,4.32305,-4.31935,4.25675,-4.24328,0.284828
2941,4.32305,-4.31935,4.25612,-4.24484,0.284872
2942,4.62305,-4.61935,4.25568,-4.24623,0.284915
2943,4.62305,-4.61935,4.26067,-4.25274,0.28497
2944,4.32305,-4.31935,4.26497,-4.25831,0.285073
2945,4.32305,-4.31935,4.26354,-4.25794,0.285195
2946,4.0412,-4.35033,4.26261,-4.25788,0.285292
2947,4.0412,-4.35033,4.25712,-4.25859,0.285367
2948,4.3412,-4.65033,4.25269,-4.25932,0.285408
2949,4.3412,-4.65033,4.25432,-4.26525,0.285441
2950,4.29377,-4.35033,4.25578,-4.27028,0.285505
2951,4.29377,-4.35033,4.25632,-4.26937,0.285584
2952,4.3514,-4.34427,4.25693,-4.26878,0.28565
2953,4.3514,-4.34427,4.25859,-4.26833,0.285709
2954,4.6514,-4.64427,4.2601,-4.26808,0.285766
2955,4.6514,-4.64427,4.26674,-4.27325,0.285836
2956,4.3514,-4.34427,4.27244,-4.27773,0.285952
2957,4.3514,-4.34427,4.27221,-4.27649,0.286088
2958,4.38416,-4.05331,4.27231,-4.27575,0.286198
2959,4.38416,-4.05331,4.2732,-4.27028,0.286285
2960,4.68416,-4.35331,4.27411,-4.26589,0.286339
2961,4.68416,-4.35331,4.28022,-4.26759,0.286384
2962,4.38416,-4.30405,4.28542,-4.26913,0.286459
2963,4.38416,-4.30405,4.28468,-4.26973,0.286549
2964,4.08416,-4.07028,4.28426,-4.27041,0.286626
2965,4.08416,-4.07028,4.27883,-4.26706,0.286681
2966,4.38416,-4.37028,4.2744,-4.26437,0.286688
2967,4.38416,-4.37028,4.27596,-4.26736,0.286674
2968,4.32473,-4.34324,4.27723,-4.26984,0.286684
2969,4.32473,-4.34324,4.27729,-4.27146,0.286708
2970,4.08746,-4.39774,4.27739,-4.27287,0.286737
2971,4.08746,-4.39774,4.27339,-4.27505,0.286765
2972,4.38746,-4.69774,4.27012,-4.27693,0.28678
2973,4.38746,-4.69774,4.27267,-4.28376,0.286801
2974,4.36079,-4.39774,4.27487,-4.28952,0.286864
2975,4.36079,-4.39774,4.27639,-4.28923,0.286949
2976,4.12731,-4.41152,4.27784,-4.28917,0.287028
2977,4.12731,-4.41152,4.27513,-4.28953,0.287098
2978,4.42731,-4.71152,4.27303,-4.28998,0.287148
2979,4.42731,-4.71152,4.27662,-4.2957,0.287198
2980,4.39297,-4.41152,4.27975,-4.30059,0.287286
2981,4.39297,-4.41152,4.28196,-4.29962,0.287392
2982,4.14953,-4.40049,4.28403,-4.29905,0.28749
2983,4.14953,-4.40049,4.2817,-4.29859,0.287576
2984,4.44953,-4.70049,4.27995,-4.29839,0.287638
2985,4.44953,-4.70049,4.28386,-4.30359,0.287696
2986,4.40764,-4.40049,4.28726,-4.30807,0.28779
2987,4.40764,-4.40049,4.28959,-4.30678,0.287901
2988,4.15994,-4.11269,4.29177,-4.30594,0.288002
2989,4.15994,-4.11269,4.28947,-4.30044,0.288084
2990,4.45994,-4.41269,4.2877,-4.29601,0.288118
2991,4.45994,-4.41269,4.29153,-4.29762,0.288133
2992,4.41504,-4.36167,4.29477,-4.29901,0.288171
2993,4.41504,-4.36167,4.29677,-4.29937,0.288224
2994,4.16633,-4.12769,4.29856,-4.29979,0.288281
2995,4.16633,-4.12769,4.29583,-4.29617,0.28833
2996,4.46633,-4.42769,4.29364,-4.29325,0.288342
2997,4.46633,-4.42769,4.29707,-4.29608,0.288343
2998,4.42235,-4.40028,4.29995,-4.29845,0.288373
2999,4.42235,-4.40028,4.30166,-4.30002,0.288422
3000,4.17573,-4.1639,4.30319,-4.30144,0.288481
3001,4.17573,-4.1639,4.30029,-4.29863,0.288534
3002,4.47573,-4.4639,4.29798,-4.29638,0.288553
3003,4.47573,-4.4639,4.30132,-4.29979,0.288563
3004,4.43336,-4.1639,4.30414,-4.30266,0.288603
3005,4.43336,-4.1639,4.30585,-4.29991,0.288657
3006,4.18803,-4.4639,4.30739,-4.29773,0.288698
3007,4.18803,-4.4639,4.30446,-4.30125,0.288733
3008,4.48803,-4.7639,4.30211,-4.30426,0.288766
3009,4.48803,-4.7639,4.30546,-4.31207,0.288812
3010,4.18803,-4.4639,4.30838,-4.3187,0.288904
3011,4.18803,-4.4639,4.3058,-4.3192,0.289016
3012,4.4861,-4.1992,4.30388,-4.31986,0.289103
3013,4.4861,-4.1992,4.30767,-4.31595,0.289173
3014,4.7861,-4.4992,4.31098,-4.31286,0.289234
3015,4.7861,-4.4992,4.3191,-4.31565,0.289302
3016,4.4861,-4.42912,4.32604,-4.31816,0.289413
3017,4.4861,-4.42912,4.32683,-4.31928,0.289545
3018,4.21654,-4.18116,4.32778,-4.3205,0.289669
3019,4.21654,-4.18116,4.32413,-4.31746,0.289775
3020,4.51654,-4.48116,4.32131,-4.31513,0.289835
3021,4.51654,-4.48116,4.3243,-4.31855,0.289877
3022,4.21654,-4.18116,4.32691,-4.3215,0.289944
3023,4.21654,-4.18116,4.324,-4.31888,0.290014
3024,4.48836,-4.20421,4.3217,-4.31683,0.290049
3025,4.48836,-4.20421,4.32461,-4.31558,0.290066
3026,4.78836,-4.50421,4.32706,-4.31459,0.290088
3027,4.78836,-4.50421,4.3344,-4.31906,0.290129
3028,4.48836,-4.46355,4.34062,-4.3229,0.29022
3029,4.48836,-4.46355,4.34079,-4.3256,0.290339
3030,4.2237,-4.23102,4.34119,-4.32812,0.290456
3031,4.2237,-4.23102,4.33716,-4.32641,0.290559
3032,4.5237,-4.53102,4.33401,-4.32519,0.290622
3033,4.5237,-4.53102,4.33675,-4.32954,0.29067
3034,4.2237,-4.23102,4.33915,-4.33328,0.290746
3035,4.2237,-4.23102,4.33609,-4.33133,0.290826
3036,4.21277,-4.23284,4.3337,-4.32987,0.290872
3037,4.21277,-4.23284,4.3316,-4.32877,0.290894
3038,4.51277,-4.53285,4.3299,-4.32789,0.290897
3039,4.51277,-4.53285,4.33372,-4.3324,0.290902
3040,4.21277,-4.23284,4.33693,-4.33618,0.290946
3041,4.21277,-4.23284,4.33448,-4.33421,0.291003
3042,4.25085,-4.24944,4.33255,-4.33268,0.291032
3043,4.25085,-4.24944,4.33166,-4.33174,0.291042
3044,4.55086,-4.54944,4.33094,-4.33098,0.291042
3045,4.55086,-4.54944,4.33557,-4.33558,0.291049
3046,4.25085,-4.24944,4.33946,-4.33945,0.291098
3047,4.25085,-4.24944,4.3376,-4.33756,0.291164
3048,4.2753,-4.5488,4.33617,-4.33611,0.291204
3049,4.2753,-4.5488,4.33549,-4.34022,0.291232
3050,4.5753,-4.8488,4.33499,-4.3437,0.291273
3051,4.5753,-4.8488,4.33991,-4.35193,0.291337
3052,4.52601,-4.5488,4.34418,-4.35896,0.291454
3053,4.52601,-4.5488,4.34716,-4.35985,0.291602
3054,4.28831,-4.26589,4.34996,-4.36092,0.291749
3055,4.28831,-4.26589,4.34847,-4.3572,0.291882
3056,4.58831,-4.56589,4.3475,-4.35437,0.291973
3057,4.58831,-4.56589,4.35211,-4.35743,0.292049
3058,4.28831,-4.26589,4.35613,-4.36017,0.292151
3059,4.28831,-4.26589,4.35447,-4.35745,0.292257
3060,4.28273,-4.24207,4.35331,-4.35539,0.292329
3061,4.28273,-4.24207,4.35239,-4.35341,0.292375
3062,4.58273,-4.54207,4.35171,-4.35185,0.292402
3063,4.58273,-4.54207,4.35644,-4.35585,0.292428
3064,4.28273,-4.24207,4.36045,-4.35925,0.292492
3065,4.28273,-4.24207,4.35871,-4.357,0.292569
3066,4.29476,-3.98275,4.35742,-4.35529,0.292617
3067,4.29476,-3.98275,4.35665,-4.34943,0.292639
3068,4.59476,-4.28275,4.35603,-4.34457,0.292626
3069,4.59476,-4.28275,4.36071,-4.34573,0.292604
3070,4.29476,-4.2397,4.36457,-4.34666,0.292611
3071,4.29476,-4.2397,4.36258,-4.34672,0.292633
3072,4.30924,-4.30273,4.36097,-4.3468,0.292642
3073,4.30924,-4.30273,4.35989,-4.34799,0.292645
3074,4.60924,-4.60273,4.359,-4.34898,0.292648
3075,4.60924,-4.60273,4.3635,-4.35505,0.292665
3076,4.30924,-4.30273,4.36732,-4.36017,0.29273
3077,4.30924,-4.30273,4.36542,-4.35936,0.292815
3078,4.3228,-4.33703,4.36402,-4.35886,0.292876
3079,4.3228,-4.33703,4.36321,-4.35917,0.292921
3080,4.6228,-4.63703,4.36263,-4.35952,0.292958
3081,4.6228,-4.63703,4.36746,-4.36512,0.293002
3082,4.3228,-4.33703,4.37161,-4.36991,0.293091
3083,4.3228,-4.33703,4.37004,-4.36887,0.293196
3084,4.33786,-4.33156,4.36895,-4.36823,0.293275
3085,4.33786,-4.33156,4.36847,-4.36776,0.293335
3086,4.63786,-4.63156,4.3682,-4.3675,0.293384
3087,4.63786,-4.63156,4.37331,-4.37261,0.293437
3088,4.33786,-4.33156,4.3777,-4.37701,0.293532
3089,4.33786,-4.33156,4.37635,-4.37567,0.293642
3090,4.34756,-4.33217,4.37546,-4.37478,0.293725
3091,4.34756,-4.33217,4.37505,-4.37422,0.293788
3092,4.64756,-4.63217,4.37485,-4.37389,0.293839
3093,4.64756,-4.63217,4.38002,-4.37895,0.293895
3094,4.34756,-4.33217,4.38448,-4.38332,0.293992
3095,4.34756,-4.33217,4.38318,-4.38195,0.294104
3096,4.3561,-4.04668,4.38233,-4.38104,0.294188
3097,4.3561,-4.04668,4.38195,-4.37548,0.294247
3098,4.6561,-4.34668,4.38174,-4.37095,0.29427
3099,4.6561,-4.34668,4.38684,-4.37246,0.294281
3100,4.3561,-4.29543,4.39112,-4.37376,0.294323
3101,4.3561,-4.29543,4.38955,-4.37405,0.294377
3102,4.3609,-4.35214,4.38836,-4.3744,0.294418
3103,4.3609,-4.35214,4.38754,-4.37577,0.294451
3104,4.6609,-4.65214,4.38693,-4.37698,0.294482
3105,4.6609,-4.65214,4.39172,-4.38329,0.294526
3106,4.3609,-4.35214,4.39584,-4.38867,0.294617
3107,4.3609,-4.35214,4.39425,-4.38813,0.294727
3108,4.37,-4.08911,4.39316,-4.38791,0.294812
3109,4.37,-4.08911,4.39259,-4.38332,0.294874
3110,4.67,-4.38911,4.39223,-4.37962,0.294904
3111,4.67,-4.38911,4.39721,-4.38182,0.294924
3112,4.37,-4.32716,4.40142,-4.38372,0.294976
3113,4.37,-4.32716,4.39983,-4.38434,0.295041
3114,4.08756,-4.37871,4.39863,-4.385,0.295094
3115,4.08756,-4.37871,4.39282,-4.38656,0.295131
3116,4.38757,-4.67871,4.38806,-4.38792,0.295144
3117,4.38757,-4.67871,4.38934,-4.39431,0.295152
3118,4.33536,-4.37871,4.39045,-4.39966,0.295196
3119,4.33536,-4.37871,4.39057,-4.39899,0.295257
3120,4.10299,-4.10711,4.3908,-4.39857,0.295307
3121,4.10299,-4.10711,4.38705,-4.39358,0.295337
3122,4.40299,-4.40711,4.38396,-4.38947,0.295323
3123,4.40299,-4.40711,4.38658,-4.39123,0.29529
3124,4.37507,-4.34382,4.38869,-4.39264,0.295282
3125,4.37507,-4.34382,4.38996,-4.3927,0.29529
3126,4.43239,-4.10477,4.39104,-4.39277,0.295303
3127,4.43239,-4.10477,4.39297,-4.38869,0.295315
3128,4.73239,-4.40477,4.39459,-4.38532,0.295316
3129,4.73239,-4.40477,4.40117,-4.38774,0.295322
3130,4.43239,-4.37314,4.40668,-4.3898,0.295371
3131,4.43239,-4.37314,4.40617,-4.39108,0.295441
3132,4.44708,-4.42973,4.40589,-4.3923,0.295505
3133,4.44708,-4.42973,4.40605,-4.39445,0.295567
3134,4.74708,-4.72973,4.40633,-4.39637,0.295632
3135,4.74708,-4.72973,4.41193,-4.40335,0.295713
3136,4.44708,-4.42973,4.41681,-4.40936,0.295843
3137,4.44708,-4.42973,4.41594,-4.40944,0.295993
3138,4.14708,-4.44507,4.41554,-4.40983,0.29612
3139,4.14708,-4.44507,4.41025,-4.41069,0.296224
3140,4.44708,-4.74507,4.40605,-4.41162,0.296293
3141,4.44708,-4.74507,4.40793,-4.41775,0.296352
3142,4.38375,-4.44507,4.40964,-4.42301,0.29644
3143,4.38375,-4.44507,4.41017,-4.42236,0.296542
3144,4.14638,-4.14507,4.41082,-4.42204,0.29663
3145,4.14638,-4.14507,4.40742,-4.41673,0.296695
3146,4.44638,-4.44507,4.4047,-4.41243,0.29671
3147,4.44638,-4.44507,4.40768,-4.41409,0.296705
3148,4.41412,-4.37249,4.41016,-4.41547,0.296721
3149,4.41412,-4.37249,4.41171,-4.4154,0.296752
3150,4.17536,-4.1329,4.41307,-4.41541,0.296785
3151,4.17536,-4.1329,4.41011,-4.41132,0.29681
3152,4.47536,-4.4329,4.40768,-4.40795,0.296798
3153,4.47536,-4.4329,4.41085,-4.41033,0.296774
3154,4.43455,-4.1329,4.41345,-4.41228,0.296779
3155,4.43455,-4.1329,4.41493,-4.40869,0.296797
3156,4.19019,-4.4329,4.41619,-4.40574,0.296803
3157,4.19019,-4.4329,4.41298,-4.40852,0.296802
3158,4.49019,-4.7329,4.41031,-4.41083,0.296798
3159,4.49019,-4.7329,4.41331,-4.41798,0.296808
3160,4.44621,-4.4329,4.41586,-4.42397,0.296864
3161,4.44621,-4.4329,4.41736,-4.42388,0.296945
3162,4.20295,-4.48596,4.41878,-4.42398,0.297023
3163,4.20295,-4.48596,4.4159,-4.42515,0.297093
3164,4.50295,-4.78596,4.41364,-4.42627,0.297145
3165,4.50295,-4.78596,4.4171,-4.43255,0.2972
3166,4.46069,-4.48596,4.42013,-4.43791,0.297293
3167,4.46069,-4.48596,4.42213,-4.43737,0.297406
3168,4.21611,-4.46729,4.42404,-4.43716,0.297511
3169,4.21611,-4.46729,4.4216,-4.4369,0.297604
3170,4.51611,-4.76729,4.41976,-4.43687,0.297672
3171,4.51611,-4.76729,4.4236,-4.44221,0.297737
3172,4.21611,-4.46729,4.42695,-4.44682,0.297836
3173,4.21611,-4.46729,4.42476,-4.44566,0.297946
3174,4.50936,-4.16729,4.42315,-4.44492,0.298026
3175,4.50936,-4.16729,4.42709,-4.43924,0.298084
3176,4.80936,-4.46729,4.43048,-4.43464,0.298126
3177,4.80936,-4.46729,4.43862,-4.43612,0.298171
3178,4.50936,-4.41075,4.44552,-4.43748,0.298256
3179,4.50936,-4.41075,4.44624,-4.43783,0.29836
3180,4.52105,-4.174,4.44706,-4.43834,0.298456
3181,4.52105,-4.174,4.44816,-4.43486,0.29854
3182,4.82105,-4.474,4.44924,-4.43213,0.298602
3183,4.82105,-4.474,4.4555,-4.43521,0.298662
3184,4.52105,-4.174,4.46086,-4.43793,0.298758
3185,4.52105,-4.174,4.46032,-4.4352,0.298866
3186,4.22105,-4.20846,4.4601,-4.43314,0.298944
3187,4.22105,-4.20846,4.45484,-4.4322,0.298995
3188,4.52105,-4.50846,4.45056,-4.4315,0.29901
3189,4.52105,-4.50846,4.45224,-4.43616,0.299014
3190,4.22105,-4.467,4.45367,-4.44007,0.299047
3191,4.22105,-4.467,4.44972,-4.44268,0.299093
3192,4.19583,-4.23488,4.44652,-4.44495,0.299126
3193,4.19583,-4.23488,4.44349,-4.44286,0.299145
3194,4.49583,-4.53488,4.44099,-4.44115,0.299137
3195,4.49583,-4.53488,4.44411,-4.44493,0.299125
3196,4.46425,-4.23488,4.4467,-4.44806,0.299146
3197,4.46425,-4.23488,4.44837,-4.4455,0.299184
3198,4.24127,-4.52282,4.44984,-4.44345,0.299213
3199,4.24127,-4.52282,4.44723,-4.44683,0.299237
3200,4.54127,-4.82282,4.44512,-4.44969,0.299261
3201,4.54127,-4.82282,4.44864,-4.45734,0.2993
3202,4.24127,-4.52282,4.45168,-4.46383,0.299387
3203,4.24127,-4.52282,4.44921,-4.46422,0.299493
3204,4.25652,-4.24481,4.44736,-4.46476,0.299576
3205,4.25652,-4.24481,4.44627,-4.46054,0.299635
3206,4.55652,-4.54481,4.44547,-4.45714,0.299662
3207,4.55652,-4.54481,4.45008,-4.45959,0.299679
3208,4.25652,-4.24481,4.45396,-4.46167,0.299727
3209,4.25652,-4.24481,4.4521,-4.45831,0.299783
3210,4.55652,-4.22589,4.45065,-4.45561,0.299807
3211,4.55652,-4.22589,4.4547,-4.45308,0.299815
3212,4.85652,-4.52589,4.4581,-4.45099,0.299829
3213,4.85652,-4.52589,4.46619,-4.45451,0.299862
3214,4.55652,-4.22589,4.47302,-4.45754,0.299945
3215,4.55652,-4.22589,4.47368,-4.45505,0.30005
3216,4.27489,-4.52589,4.47446,-4.45319,0.300132
3217,4.27489,-4.52589,4.47037,-4.45705,0.300199
3218,4.57489,-4.82589,4.46711,-4.4604,0.300256
3219,4.57489,-4.82589,4.46974,-4.46853,0.300321
3220,4.27489,-4.52589,4.4721,-4.47546,0.300427
3221,4.27489,-4.52589,4.4691,-4.47627,0.30055
3222,4.24999,-4.27186,4.46686,-4.47719,0.300646
3223,4.24999,-4.27186,4.46476,-4.47374,0.300717
3224,4.54999,-4.57186,4.46314,-4.471,0.300752
3225,4.54999,-4.57186,4.46709,-4.474,0.300776
3226,4.24999,-4.27186,4.47044,-4.47658,0.30083
3227,4.24999,-4.27186,4.46814,-4.47363,0.300891
3228,4.28297,-4.24518,4.46634,-4.47129,0.300919
3229,4.28297,-4.24518,4.46546,-4.46892,0.300923
3230,4.58297,-4.54518,4.46473,-4.46695,0.300912
3231,4.58297,-4.54518,4.46932,-4.47051,0.300904
3232,4.28297,-4.24518,4.47314,-4.47347,0.300935
3233,4.28297,-4.24518,4.47118,-4.4708,0.30098
3234,4.30189,-4.27514,4.46964,-4.46866,0.300997
3235,4.30189,-4.27514,4.46871,-4.46743,0.300996
3236,4.60189,-4.57514,4.46792,-4.46639,0.300985
3237,4.60189,-4.57514,4.47246,-4.47073,0.30098
3238,4.30189,-4.27514,4.47626,-4.47435,0.301019
3239,4.30189,-4.27514,4.4743,-4.47224,0.301073
3240,4.31257,-4.2987,4.47277,-4.4706,0.301101
3241,4.31257,-4.2987,4.47174,-4.46968,0.301111
3242,4.61257,-4.5987,4.47089,-4.46894,0.30111
3243,4.61257,-4.5987,4.47541,-4.47354,0.301116
3244,4.31257,-4.2987,4.4792,-4.47741,0.301165
3245,4.31257,-4.2987,4.47726,-4.47553,0.301229
3246,4.3241,-4.31208,4.47578,-4.47409,0.301267
3247,4.3241,-4.31208,4.47481,-4.4732,0.301287
3248,4.6241,-4.61208,4.47405,-4.4725,0.301295
3249,4.6241,-4.61208,4.47864,-4.47715,0.301309
3250,4.3241,-4.31208,4.48253,-4.48107,0.301365
3251,4.3241,-4.31208,4.48068,-4.47926,0.301437
3252,4.33425,-4.32224,4.47929,-4.47789,0.301482
3253,4.33425,-4.32224,4.47839,-4.47702,0.301509
3254,4.63425,-4.62224,4.4777,-4.47635,0.301523
3255,4.63425,-4.62224,4.48237,-4.48104,0.301544
3256,4.33425,-4.32224,4.48633,-4.48501,0.301606
3257,4.33425,-4.32224,4.48456,-4.48325,0.301683
3258,4.34374,-4.33155,4.48324,-4.48194,0.301734
3259,4.34374,-4.33155,4.4824,-4.48111,0.301766
3260,4.64374,-4.63155,4.48177,-4.48049,0.301785
3261,4.64374,-4.63155,4.48651,-4.48523,0.301811
3262,4.34374,-4.33155,4.49053,-4.48925,0.301878
3263,4.34374,-4.33155,4.48882,-4.48755,0.30196
3264,4.35236,-4.33913,4.48757,-4.48629,0.302015
3265,4.35236,-4.33913,4.48678,-4.48549,0.302052
3266,4.65236,-4.63913,4.4862,-4.4849,0.302076
3267,4.65236,-4.63913,4.49099,-4.48968,0.302105
3268,4.35236,-4.33913,4.49507,-4.49374,0.302176
3269,4.35236,-4.33913,4.49341,-4.49208,0.302263
3270,4.35935,-4.3461,4.49221,-4.49087,0.302322
3271,4.35935,-4.3461,4.49145,-4.49011,0.302362
3272,4.65935,-4.6461,4.4909,-4.48955,0.30239
3273,4.65935,-4.6461,4.49572,-4.49436,0.302423
3274,4.35935,-4.3461,4.49983,-4.49847,0.302497
3275,4.35935,-4.3461,4.49821,-4.49685,0.302587
3276,4.36571,-4.06117,4.49704,-4.49568,0.302649
3277,4.36571,-4.06117,4.49631,-4.48987,0.302685
3278,4.66571,-4.36117,4.49576,-4.4851,0.302686
3279,4.66571,-4.36117,4.5005,-4.48634,0.302676
3280,4.36571,-4.30748,4.50445,-4.48736,0.302695
3281,4.36571,-4.30748,4.50257,-4.48733,0.302727
3282,4.37368,-4.36621,4.50106,-4.48737,0.302746
3283,4.37368,-4.36621,4.49999,-4.48846,0.302757
3284,4.67368,-4.66621,4.49911,-4.4894,0.302766
3285,4.67368,-4.66621,4.50363,-4.49541,0.302789
3286,4.37368,-4.36621,4.50746,-4.5005,0.302858
3287,4.37368,-4.36621,4.50561,-4.49969,0.302947
3288,4.38098,-4.39518,4.50425,-4.49919,0.303011
3289,4.38098,-4.39518,4.50338,-4.49941,0.303059
3290,4.68098,-4.69518,4.50275,-4.4997,0.303098
3291,4.68098,-4.69518,4.50753,-4.50524,0.303144
3292,4.38098,-4.39518,4.51164,-4.50998,0.303233
3293,4.38098,-4.39518,4.51005,-4.50892,0.303338
3294,4.0983,-4.38415,4.50895,-4.50825,0.303417
3295,4.0983,-4.38415,4.50328,-4.50767,0.30347
3296,4.3983,-4.68415,4.49865,-4.50728,0.303487
3297,4.3983,-4.68415,4.50004,-4.51219,0.303491
3298,4.34488,-4.38415,4.50122,-4.51631,0.303525
3299,4.34488,-4.38415,4.50137,-4.51461,0.303572
3300,4.40263,-4.38267,4.50159,-4.51328,0.303604
3301,4.40263,-4.38267,4.50284,-4.51222,0.303629
3302,4.70263,-4.68267,4.50393,-4.51139,0.303651
3303,4.70263,-4.68267,4.51011,-4.51597,0.303686
3304,4.40263,-4.38267,4.51535,-4.51988,0.303767
3305,4.40263,-4.38267,4.5147,-4.51812,0.303867
3306,4.13669,-4.09565,4.51436,-4.51686,0.303942
3307,4.13669,-4.09565,4.50961,-4.51098,0.303987
3308,4.43669,-4.39565,4.50572,-4.50615,0.303976
3309,4.43669,-4.39565,4.50765,-4.50729,0.303938
3310,4.37154,-4.3435,4.50919,-4.50818,0.303921
3311,4.37154,-4.3435,4.50931,-4.50797,0.303914
3312,4.42223,-4.40219,4.50939,-4.50779,0.303908
3313,4.42223,-4.40219,4.51032,-4.50865,0.303904
3314,4.72223,-4.70219,4.5111,-4.50936,0.30391
3315,4.72223,-4.70219,4.51698,-4.51518,0.303936
3316,4.42223,-4.40219,4.52197,-4.52012,0.304014
3317,4.42223,-4.40219,4.52109,-4.51921,0.304115
3318,4.1526,-4.43284,4.52057,-4.51866,0.304194
3319,4.1526,-4.43284,4.51562,-4.5189,0.304252
3320,4.4526,-4.73284,4.5116,-4.51921,0.30428
3321,4.4526,-4.73284,4.51353,-4.52473,0.304301
3322,4.38829,-4.43284,4.5152,-4.52939,0.304354
3323,4.38829,-4.43284,4.51561,-4.52819,0.304422
3324,4.44107,-4.42394,4.51608,-4.52733,0.304478
3325,4.44107,-4.42394,4.51752,-4.52658,0.304525
3326,4.74107,-4.72394,4.51881,-4.52606,0.304569
3327,4.74107,-4.72394,4.52521,-4.53093,0.304625
3328,4.44107,-4.42394,4.53068,-4.53515,0.304728
3329,4.44107,-4.42394,4.53026,-4.53368,0.304848
3330,4.46185,-4.42216,4.53017,-4.53271,0.304944
3331,4.46185,-4.42216,4.53065,-4.53208,0.305023
3332,4.76185,-4.72216,4.53122,-4.53172,0.305091
3333,4.76185,-4.72216,4.53706,-4.53678,0.305165
3334,4.46185,-4.42216,4.5421,-4.54118,0.30528
3335,4.46185,-4.42216,4.54136,-4.53991,0.305412
3336,4.16185,-4.42676,4.54102,-4.53912,0.305516
3337,4.16185,-4.42676,4.53574,-4.53876,0.305595
3338,4.46185,-4.72676,4.53149,-4.53862,0.305637
3339,4.46185,-4.72676,4.53325,-4.54379,0.305666
3340,4.39042,-4.42676,4.5348,-4.54817,0.305724
3341,4.39042,-4.42676,4.53499,-4.54674,0.305794
3342,4.151,-4.42853,4.53529,-4.5457,0.305849
3343,4.151,-4.42853,4.53149,-4.54499,0.305888
3344,4.451,-4.72854,4.5284,-4.54446,0.3059
3345,4.451,-4.72854,4.53106,-4.54925,0.305908
3346,4.41685,-4.42853,4.53332,-4.55327,0.30595
3347,4.41685,-4.42853,4.53471,-4.55151,0.306008
3348,4.17935,-4.43018,4.53598,-4.55017,0.306057
3349,4.17935,-4.43018,4.53302,-4.54919,0.306094
3350,4.47935,-4.73018,4.53063,-4.54844,0.306107
3351,4.47935,-4.73018,4.53387,-4.55305,0.306118
3352,4.43723,-4.43018,4.53661,-4.55693,0.306164
3353,4.43723,-4.43018,4.53828,-4.55506,0.306228
3354,4.19351,-4.43601,4.5398,-4.55365,0.306282
3355,4.19351,-4.43601,4.53695,-4.55268,0.306324
3356,4.49351,-4.73601,4.53465,-4.55196,0.306343
3357,4.49351,-4.73601,4.53799,-4.55661,0.306359
3358,4.44648,-4.43601,4.54082,-4.56053,0.30641
3359,4.44648,-4.43601,4.54249,-4.55871,0.306479
3360,4.20046,-4.15314,4.54403,-4.55734,0.306538
3361,4.20046,-4.15314,4.54115,-4.55141,0.306578
3362,4.50046,-4.45314,4.53882,-4.54654,0.30657
3363,4.50046,-4.45314,4.54206,-4.54766,0.306544
3364,4.45254,-4.39813,4.54471,-4.54855,0.306542
3365,4.45254,-4.39813,4.54609,-4.54834,0.306554
3366,4.20657,-4.16645,4.54727,-4.54819,0.30657
3367,4.20657,-4.16645,4.54401,-4.54408,0.306578
3368,4.50657,-4.46645,4.54129,-4.54065,0.30655
3369,4.50657,-4.46645,4.54417,-4.54294,0.306511
3370,4.45891,-4.16645,4.54649,-4.54477,0.306501
3371,4.45891,-4.16645,4.54759,-4.54108,0.306504
3372,4.21458,-4.46645,4.5485,-4.538,0.306494
3373,4.21458,-4.46645,4.54499,-4.54062,0.306477
3374,4.51458,-4.76646,4.54202,-4.54277,0.306458
3375,4.51458,-4.76646,4.54473,-4.54973,0.306451
3376,4.46981,-4.46645,4.54699,-4.55553,0.306491
3377,4.46981,-4.46645,4.54821,-4.55525,0.306556
3378,4.22719,-4.51769,4.54936,-4.55517,0.306617
3379,4.22719,-4.51769,4.54624,-4.55612,0.30667
3380,4.52719,-4.8177,4.54374,-4.55701,0.306707
3381,4.52719,-4.8177,4.54696,-4.56305,0.306744
3382,4.22719,-4.51769,4.54974,-4.56818,0.306821
3383,4.22719,-4.51769,4.54703,-4.56742,0.306911
3384,4.52719,-4.49706,4.54495,-4.56697,0.306973
3385,4.52719,-4.49706,4.54856,-4.56636,0.307021
3386,4.82719,-4.79706,4.55168,-4.56597,0.307078
3387,4.82719,-4.79706,4.55962,-4.57098,0.307154
3388,4.52719,-4.49706,4.56642,-4.57535,0.307281
3389,4.52719,-4.49706,4.56717,-4.57408,0.30743
3390,4.54262,-4.19706,4.56812,-4.57334,0.307558
3391,4.54262,-4.19706,4.56944,-4.56779,0.307663
3392,4.84262,-4.49706,4.57076,-4.56337,0.307734
3393,4.84262,-4.49706,4.57721,-4.56506,0.307795
3394,4.54262,-4.19706,4.58273,-4.56662,0.307887
3395,4.54262,-4.19706,4.58232,-4.56291,0.307986
3396,4.24262,-4.49366,4.58219,-4.56003,0.308053
3397,4.24262,-4.49366,4.577,-4.56293,0.308096
3398,4.54262,-4.79366,4.57277,-4.56542,0.308123
3399,4.54262,-4.79366,4.57451,-4.57276,0.308153
3400,4.44804,-4.49366,4.57605,-4.57895,0.308221
3401,4.44804,-4.49366,4.57586,-4.57906,0.308308
3402,4.20668,-4.23579,4.57588,-4.57934,0.308383
3403,4.20668,-4.23579,4.57187,-4.57525,0.308438
3404,4.50668,-4.53579,4.56862,-4.57195,0.308448
3405,4.50668,-4.53579,4.57114,-4.57441,0.308439
3406,4.20668,-4.23579,4.57322,-4.57645,0.308455
3407,4.20668,-4.23579,4.56979,-4.57298,0.308474
3408,4.2366,-4.50822,4.56696,-4.57012,0.308458
3409,4.2366,-4.50822,4.56507,-4.57242,0.308424
3410,4.5366,-4.80822,4.56343,-4.57426,0.308397
3411,4.5366,-4.80822,4.56721,-4.58095,0.308388
3412,4.2366,-4.50822,4.57038,-4.58653,0.30843
3413,4.2366,-4.50822,4.56792,-4.58607,0.308494
3414,4.5366,-4.24311,4.56599,-4.58582,0.308536
3415,4.5366,-4.24311,4.56969,-4.58109,0.308562
3416,4.8366,-4.54311,4.57282,-4.5772,0.308581
3417,4.8366,-4.54311,4.58067,-4.57922,0.308607
3418,4.5366,-4.24311,4.58729,-4.58098,0.308677
3419,4.5366,-4.24311,4.58776,-4.57741,0.308763
3420,4.27328,-4.2322,4.58832,-4.57462,0.308823
3421,4.27328,-4.2322,4.58434,-4.57222,0.308859
3422,4.57328,-4.5322,4.58109,-4.57029,0.308859
3423,4.57328,-4.5322,4.58357,-4.57387,0.308849
3424,4.27328,-4.49337,4.58564,-4.57686,0.308869
3425,4.27328,-4.49337,4.5822,-4.57872,0.308902
3426,4.24809,-4.26736,4.57941,-4.58034,0.308924
3427,4.24809,-4.26736,4.57669,-4.5778,0.308931
3428,4.54809,-4.56737,4.57443,-4.57568,0.308912
3429,4.54809,-4.56737,4.57771,-4.57909,0.30889
3430,4.50645,-4.26736,4.58041,-4.58189,0.308901
3431,4.50645,-4.26736,4.58197,-4.57905,0.30893
3432,4.2786,-4.27213,4.58333,-4.57674,0.308948
3433,4.2786,-4.27213,4.58053,-4.57494,0.308955
3434,4.5786,-4.57213,4.57821,-4.57344,0.308938
3435,4.5786,-4.57213,4.58144,-4.57736,0.30892
3436,4.2786,-4.27213,4.58411,-4.58061,0.308938
3437,4.2786,-4.27213,4.58118,-4.57815,0.308968
3438,4.28712,-4.57213,4.57879,-4.57616,0.308968
3439,4.28712,-4.57213,4.57694,-4.5797,0.308955
3440,4.58712,-4.87213,4.57537,-4.58262,0.308952
3441,4.58712,-4.87213,4.57927,-4.59025,0.308969
3442,4.28712,-4.57213,4.58259,-4.59668,0.309039
3443,4.28712,-4.57213,4.58032,-4.59699,0.309131
3444,4.30948,-4.29495,4.57863,-4.59745,0.309203
3445,4.30948,-4.29495,4.57775,-4.59316,0.309253
3446,4.60948,-4.59495,4.57711,-4.58968,0.309272
3447,4.60948,-4.59495,4.58182,-4.59203,0.309283
3448,4.55696,-4.29495,4.58579,-4.59403,0.309326
3449,4.55696,-4.29495,4.58828,-4.59059,0.309384
3450,4.3208,-4.27136,4.59048,-4.58785,0.309429
3451,4.3208,-4.27136,4.5883,-4.58525,0.30946
3452,4.6208,-4.57136,4.58654,-4.58314,0.309464
3453,4.6208,-4.57136,4.59028,-4.5866,0.309463
3454,4.3208,-4.27136,4.59341,-4.58949,0.309497
3455,4.3208,-4.27136,4.5909,-4.58677,0.30954
3456,4.31293,-4.30312,4.58888,-4.58459,0.309554
3457,4.31293,-4.30312,4.58709,-4.58335,0.309546
3458,4.61293,-4.60312,4.58557,-4.58228,0.309524
3459,4.61293,-4.60312,4.58946,-4.58656,0.309508
3460,4.31293,-4.30312,4.59268,-4.5901,0.309532
3461,4.31293,-4.30312,4.59023,-4.58791,0.309571
3462,4.32685,-4.60312,4.58826,-4.58616,0.309583
3463,4.32685,-4.60312,4.58687,-4.58992,0.309583
3464,4.62685,-4.90312,4.58573,-4.59306,0.309594
3465,4.62685,-4.90312,4.59001,-4.60092,0.309627
3466,4.32685,-4.60312,4.59369,-4.60756,0.309714
3467,4.32685,-4.60312,4.59175,-4.60809,0.309824
3468,4.62685,-4.32085,4.59037,-4.60876,0.309913
3469,4.62685,-4.32085,4.59462,-4.60461,0.309987
3470,4.92685,-4.62085,4.59831,-4.60131,0.310052
3471,4.92685,-4.62085,4.60673,-4.60392,0.310125
3472,4.62685,-4.32085,4.61393,-4.60627,0.31024
3473,4.62685,-4.32085,4.61498,-4.6033,0.310371
3474,4.33791,-4.29407,4.61613,-4.6011,0.310476
3475,4.33791,-4.29407,4.61229,-4.59902,0.310555
3476,4.63791,-4.59407,4.60925,-4.59744,0.310595
3477,4.63791,-4.59407,4.612,-4.60141,0.310623
3478,4.33791,-4.29407,4.61436,-4.6048,0.310678
3479,4.33791,-4.29407,4.61126,-4.60254,0.31074
3480,4.30389,-4.32088,4.60879,-4.60077,0.310768
3481,4.30389,-4.32088,4.60619,-4.59981,0.310772
3482,4.60389,-4.62088,4.60403,-4.59902,0.310758
3483,4.60389,-4.62088,4.6074,-4.60353,0.310747
3484,4.30389,-4.32088,4.61021,-4.60727,0.310774
3485,4.30389,-4.32088,4.60741,-4.60526,0.310815
3486,4.33291,-4.33425,4.60515,-4.60366,0.310827
3487,4.33291,-4.33425,4.6038,-4.60258,0.310821
3488,4.63291,-4.63425,4.60265,-4.60166,0.310804
3489,4.63291,-4.63425,4.60685,-4.60605,0.310793
3490,4.33291,-4.33425,4.61036,-4.60972,0.310825
3491,4.33291,-4.33425,4.60816,-4.60764,0.310872
3492,4.35381,-4.34082,4.60641,-4.60601,0.310893
3493,4.35381,-4.34082,4.60536,-4.6048,0.310896
3494,4.65381,-4.64082,4.60448,-4.60379,0.310888
3495,4.65381,-4.64082,4.60893,-4.60813,0.310885
3496,4.35381,-4.34082,4.61266,-4.61177,0.310925
3497,4.35381,-4.34082,4.61066,-4.60969,0.310981
3498,4.36331,-4.34874,4.6091,-4.60807,0.31101
3499,4.36331,-4.34874,4.60802,-4.60691,0.31102
3500,4.66331,-4.64874,4.60714,-4.60596,0.311019
3501,4.66331,-4.64874,4.61161,-4.61037,0.311023
3502,4.36331,-4.34874,4.61536,-4.61408,0.311068
3503,4.36331,-4.34874,4.61339,-4.61207,0.311129
3504,4.37035,-4.35651,4.61187,-4.61052,0.311163
3505,4.37035,-4.35651,4.61079,-4.60943,0.311178
3506,4.67035,-4.65651,4.60992,-4.60855,0.311182
3507,4.67035,-4.65651,4.6144,-4.61302,0.31119
3508,4.37035,-4.35651,4.61818,-4.61679,0.31124
3509,4.37035,-4.35651,4.61624,-4.61485,0.311305
3510,4.37686,-4.36604,4.61476,-4.61336,0.311343
3511,4.37686,-4.36604,4.61371,-4.61235,0.311362
3512,4.67686,-4.66604,4.61287,-4.61156,0.311369
3513,4.67686,-4.66604,4.61739,-4.61611,0.311382
3514,4.37686,-4.36604,4.6212,-4.61995,0.311435
3515,4.37686,-4.36604,4.61931,-4.61808,0.311504
3516,4.38287,-4.37183,4.61787,-4.61665,0.311546
3517,4.38287,-4.37183,4.61685,-4.61565,0.31157
3518,4.68288,-4.67183,4.61605,-4.61486,0.31158
3519,4.68288,-4.67183,4.62061,-4.61943,0.311596
3520,4.38287,-4.37183,4.62447,-4.62329,0.311653
3521,4.38287,-4.37183,4.62261,-4.62144,0.311725
3522,4.38766,-4.37681,4.62121,-4.62005,0.31177
3523,4.38766,-4.37681,4.62022,-4.61906,0.311796
3524,4.68766,-4.67681,4.61944,-4.61829,0.311809
3525,4.68766,-4.67681,4.62402,-4.62288,0.311828
3526,4.38766,-4.37681,4.6279,-4.62676,0.311887
3527,4.38766,-4.37681,4.62607,-4.62493,0.311961
3528,4.39477,-4.38095,4.6247,-4.62356,0.312008
3529,4.39477,-4.38095,4.62377,-4.62259,0.312037
3530,4.69477,-4.68095,4.62305,-4.62183,0.312052
3531,4.69477,-4.68095,4.62769,-4.62643,0.312073
3532,4.39477,-4.38095,4.63162,-4.63033,0.312134
3533,4.39477,-4.38095,4.62984,-4.62853,0.312211
3534,4.39874,-4.09292,4.62851,-4.62718,0.312261
3535,4.39874,-4.09292,4.62758,-4.62116,0.312284
3536,4.69874,-4.39292,4.62683,-4.61618,0.312272
3537,4.69874,-4.39292,4.63136,-4.6172,0.312248
3538,4.39874,-4.33696,4.6351,-4.61801,0.312254
3539,4.39874,-4.33696,4.63304,-4.61774,0.312272
3540,4.11066,-4.39552,4.63135,-4.61755,0.312277
3541,4.11066,-4.39552,4.62495,-4.61841,0.312267
3542,4.41066,-4.69552,4.61959,-4.61909,0.312231
3543,4.41066,-4.69552,4.62024,-4.62477,0.312193
3544,4.35431,-4.39552,4.62072,-4.62943,0.312189
3545,4.35431,-4.39552,4.62015,-4.62811,0.312202
3546,4.41504,-4.42222,4.6197,-4.62704,0.312204
3547,4.41504,-4.42222,4.62037,-4.62661,0.312201
3548,4.71504,-4.72222,4.62093,-4.62624,0.312199
3549,4.71504,-4.72222,4.6266,-4.63114,0.312213
3550,4.41504,-4.42222,4.63137,-4.63528,0.312275
3551,4.41504,-4.42222,4.6303,-4.63368,0.312357
3552,4.44598,-4.12222,4.62958,-4.63251,0.312415
3553,4.44598,-4.12222,4.62963,-4.62645,0.312451
3554,4.74598,-4.42222,4.62973,-4.62147,0.312453
3555,4.74598,-4.42222,4.63501,-4.62252,0.312446
3556,4.44598,-4.36204,4.63941,-4.62339,0.31247
3557,4.44598,-4.36204,4.63793,-4.62315,0.312508
3558,4.14598,-4.41995,4.63677,-4.62301,0.312532
3559,4.14598,-4.41995,4.63065,-4.62396,0.312541
3560,4.44598,-4.71995,4.62556,-4.62475,0.312525
3561,4.44598,-4.71995,4.62649,-4.63056,0.312504
3562,4.38073,-4.41995,4.62723,-4.63538,0.312518
3563,4.38073,-4.41995,4.62677,-4.63422,0.312548
3564,4.43799,-4.44486,4.62644,-4.63332,0.312566
3565,4.43799,-4.44486,4.62719,-4.63304,0.312579
3566,4.73799,-4.74486,4.62785,-4.63284,0.312591
3567,4.73799,-4.74486,4.63363,-4.6379,0.312619
3568,4.43799,-4.44486,4.63853,-4.6422,0.312694
3569,4.43799,-4.44486,4.63759,-4.64076,0.312788
3570,4.17426,-4.4359,4.637,-4.63976,0.312859
3571,4.17426,-4.4359,4.63208,-4.63892,0.312907
3572,4.47426,-4.7359,4.62808,-4.6383,0.312922
3573,4.47426,-4.7359,4.62996,-4.64301,0.312926
3574,4.40781,-4.4359,4.63156,-4.64696,0.312961
3575,4.40781,-4.4359,4.63183,-4.64513,0.31301
3576,4.46019,-4.43231,4.63216,-4.64371,0.313044
3577,4.46019,-4.43231,4.6334,-4.64253,0.31307
3578,4.76019,-4.73231,4.6345,-4.64161,0.313093
3579,4.76019,-4.73231,4.64066,-4.6461,0.313128
3580,4.46019,-4.43231,4.6459,-4.64994,0.313209
3581,4.46019,-4.43231,4.64525,-4.64813,0.313308
3582,4.18447,-4.4361,4.64491,-4.64682,0.313382
3583,4.18447,-4.4361,4.64,-4.64596,0.313433
3584,4.48447,-4.7361,4.63601,-4.64533,0.313449
3585,4.48447,-4.7361,4.63791,-4.65003,0.313456
3586,4.41455,-4.4361,4.63953,-4.65398,0.313493
3587,4.41455,-4.4361,4.63976,-4.65215,0.313542
3588,4.46539,-4.1481,4.64005,-4.65074,0.313578
3589,4.46539,-4.1481,4.64124,-4.64464,0.313598
3590,4.76539,-4.4481,4.64227,-4.63959,0.313592
3591,4.76539,-4.4481,4.6483,-4.64057,0.313582
3592,4.46539,-4.38993,4.65332,-4.64138,0.313607
3593,4.46539,-4.38993,4.65236,-4.64112,0.313647
3594,4.18951,-4.15819,4.65165,-4.64098,0.313677
3595,4.18951,-4.15819,4.64633,-4.63691,0.313687
3596,4.48951,-4.45819,4.64189,-4.63351,0.31365
3597,4.48951,-4.45819,4.64331,-4.63579,0.313596
3598,4.42032,-4.42436,4.64438,-4.63758,0.313566
3599,4.42032,-4.42436,4.64401,-4.63843,0.313551
3600,4.47288,-4.48229,4.64368,-4.6391,0.313541
3601,4.47288,-4.48229,4.6443,-4.64065,0.313536
3602,4.77288,-4.78229,4.6448,-4.64193,0.313542
3603,4.77288,-4.78229,4.65044,-4.64822,0.31357
3604,4.47288,-4.48229,4.65523,-4.65355,0.31365
3605,4.47288,-4.48229,4.65422,-4.65298,0.313754
3606,4.49698,-4.19885,4.65359,-4.65272,0.313837
3607,4.49698,-4.19885,4.65366,-4.64777,0.313899
3608,4.79698,-4.49885,4.65384,-4.64376,0.313929
3609,4.79698,-4.49885,4.65924,-4.64568,0.313951
3610,4.49698,-4.42748,4.6638,-4.64735,0.314006
3611,4.49698,-4.42748,4.66253,-4.64764,0.314073
3612,4.48659,-4.47744,4.66162,-4.64802,0.314128
3613,4.48659,-4.47744,4.66079,-4.64931,0.314173
3614,4.78659,-4.77744,4.6602,-4.65049,0.314215
3615,4.78659,-4.77744,4.665,-4.65677,0.314268
3616,4.48659,-4.47744,4.66914,-4.66213,0.314367
3617,4.48659,-4.47744,4.66762,-4.66163,0.314484
3618,4.18805,-4.49349,4.66661,-4.66146,0.314576
3619,4.18805,-4.49349,4.66077,-4.66179,0.314643
3620,4.48805,-4.79349,4.65605,-4.66219,0.314676
3621,4.48805,-4.79349,4.65738,-4.66778,0.314698
3622,4.42838,-4.49349,4.65855,-4.6725,0.31475
3623,4.42838,-4.49349,4.65862,-4.67136,0.314814
3624,4.19427,-4.47544,4.65881,-4.67054,0.314865
3625,4.19427,-4.47544,4.65501,-4.66965,0.314901
3626,4.49427,-4.77544,4.65192,-4.66897,0.314909
3627,4.49427,-4.77544,4.65455,-4.67362,0.314913
3628,4.45829,-4.47544,4.65677,-4.67751,0.31495
3629,4.45829,-4.47544,4.6581,-4.67565,0.315004
3630,4.22219,-4.46768,4.65931,-4.67421,0.315048
3631,4.22219,-4.46768,4.65632,-4.67298,0.31508
3632,4.52219,-4.76768,4.65389,-4.67201,0.315087
3633,4.52219,-4.76768,4.65707,-4.6764,0.315092
3634,4.47546,-4.46768,4.65975,-4.68009,0.315132
3635,4.47546,-4.46768,4.66127,-4.67807,0.315188
3636,4.23125,-4.47073,4.66266,-4.6765,0.315235
3637,4.23125,-4.47073,4.65968,-4.67535,0.315269
3638,4.53125,-4.77073,4.65726,-4.67445,0.315279
3639,4.53125,-4.77073,4.66046,-4.67892,0.315286
3640,4.48111,-4.47073,4.66316,-4.68267,0.315329
3641,4.48111,-4.47073,4.66465,-4.6807,0.315388
3642,4.52648,-4.47728,4.66601,-4.67919,0.315437
3643,4.52648,-4.47728,4.66804,-4.67815,0.315481
3644,4.82648,-4.77728,4.66982,-4.67738,0.315523
3645,4.82648,-4.77728,4.6766,-4.68203,0.315579
3646,4.52648,-4.47728,4.68238,-4.68606,0.315681
3647,4.52648,-4.47728,4.68225,-4.68445,0.315803
3648,4.52449,-4.19107,4.68239,-4.68337,0.3159
3649,4.52449,-4.19107,4.68268,-4.67772,0.315973
3650,4.82449,-4.49107,4.68306,-4.67315,0.316012
3651,4.82449,-4.49107,4.68865,-4.67462,0.316039
3652,4.52449,-4.43182,4.69337,-4.67593,0.316096
3653,4.52449,-4.43182,4.69225,-4.67613,0.316166
3654,4.22449,-4.19749,4.69146,-4.67644,0.316223
3655,4.22449,-4.19749,4.68572,-4.67275,0.316257
3656,4.52449,-4.49749,4.68099,-4.66973,0.316242
3657,4.52449,-4.49749,4.6822,-4.67236,0.316206
3658,4.44199,-4.46104,4.68314,-4.67449,0.316194
3659,4.44199,-4.46104,4.68248,-4.67561,0.316194
3660,4.20515,-4.22246,4.68193,-4.67654,0.316197
3661,4.20515,-4.22246,4.67737,-4.67319,0.31619
3662,4.50515,-4.52246,4.67354,-4.67036,0.316147
3663,4.50515,-4.52246,4.67544,-4.6731,0.316091
3664,4.20515,-4.22246,4.67692,-4.67527,0.316065
3665,4.20515,-4.22246,4.6729,-4.67183,0.316046
3666,4.50515,-4.52246,4.6695,-4.6689,0.315994
3667,4.50515,-4.52246,4.67174,-4.67154,0.315932
3668,4.80515,-4.82246,4.67348,-4.67362,0.315902
3669,4.80515,-4.82246,4.68008,-4.6805,0.315908
3670,4.50515,-4.52246,4.68562,-4.68627,0.315977
3671,4.50515,-4.52246,4.68522,-4.68605,0.316077
3672,4.55533,-4.54152,4.68509,-4.68609,0.31616
3673,4.55533,-4.54152,4.68603,-4.68662,0.316234
3674,4.85533,-4.84152,4.68698,-4.68723,0.316305
3675,4.85533,-4.84152,4.69312,-4.69309,0.316388
3676,4.55533,-4.54152,4.69844,-4.69818,0.316517
3677,4.55533,-4.54152,4.69798,-4.69752,0.316665
3678,4.25533,-4.51611,4.69791,-4.69728,0.316788
3679,4.25533,-4.51611,4.69291,-4.69691,0.316886
3680,4.55533,-4.81611,4.68894,-4.69679,0.316945
3681,4.55533,-4.81611,4.69095,-4.702,0.316991
3682,4.47208,-4.51611,4.69275,-4.70646,0.317066
3683,4.47208,-4.51611,4.69298,-4.70515,0.317151
3684,4.23021,-4.21611,4.69335,-4.70424,0.31722
3685,4.23021,-4.21611,4.68961,-4.69843,0.317265
3686,4.53021,-4.51611,4.68656,-4.69366,0.317258
3687,4.53021,-4.51611,4.68919,-4.69485,0.31723
3688,4.23021,-4.21611,4.69133,-4.6958,0.317223
3689,4.23021,-4.21611,4.68791,-4.69138,0.317218
3690,4.53021,-4.50403,4.68502,-4.68767,0.317176
3691,4.53021,-4.50403,4.68771,-4.68946,0.317122
3692,4.83021,-4.80403,4.68985,-4.69085,0.317097
3693,4.83021,-4.80403,4.69678,-4.69716,0.317105
3694,4.53021,-4.50403,4.70261,-4.70247,0.317176
3695,4.53021,-4.50403,4.70244,-4.70187,0.317275
3696,4.26766,-4.25104,4.70251,-4.70158,0.317359
3697,4.26766,-4.25104,4.6982,-4.69714,0.317418
3698,4.56766,-4.55104,4.69471,-4.69354,0.317428
3699,4.56766,-4.55104,4.697,-4.69574,0.317416
3700,4.26766,-4.25104,4.6989,-4.69757,0.317428
3701,4.26766,-4.25104,4.69532,-4.69392,0.317442
3702,4.54067,-4.53114,4.69235,-4.6909,0.31742
3703,4.54067,-4.53114,4.69454,-4.69317,0.317385
3704,4.84067,-4.83114,4.6963,-4.695,0.317376
3705,4.84067,-4.83114,4.70296,-4.70171,0.317399
3706,4.54067,-4.53114,4.70859,-4.70738,0.317482
3707,4.54067,-4.53114,4.70828,-4.70711,0.317594
3708,4.27284,-4.26467,4.70827,-4.70713,0.317689
3709,4.27284,-4.26467,4.70382,-4.70273,0.317759
3710,4.57284,-4.56467,4.70024,-4.69919,0.317778
3711,4.57284,-4.56467,4.70247,-4.70146,0.317774
3712,4.27284,-4.26467,4.70434,-4.70336,0.317792
3713,4.27284,-4.26467,4.70075,-4.69979,0.317812
3714,4.54955,-4.53868,4.69778,-4.69684,0.317795
3715,4.54955,-4.53868,4.70005,-4.69907,0.317765
3716,4.84955,-4.83868,4.70188,-4.70089,0.317761
3717,4.84955,-4.83868,4.70861,-4.70759,0.317788
3718,4.54955,-4.53868,4.71431,-4.71327,0.317876
3719,4.54955,-4.53868,4.71407,-4.71302,0.317992
3720,4.28027,-4.27252,4.71412,-4.71306,0.31809
3721,4.28027,-4.27252,4.70971,-4.70869,0.318163
3722,4.58027,-4.57252,4.70616,-4.70518,0.318186
3723,4.58027,-4.57252,4.70844,-4.70749,0.318185
3724,4.28027,-4.27252,4.71035,-4.70942,0.318207
3725,4.28027,-4.27252,4.70679,-4.70589,0.31823
3726,4.26386,-4.25464,4.70387,-4.70298,0.318216
3727,4.26386,-4.25464,4.7011,-4.7002,0.318176
3728,4.56386,-4.55464,4.69869,-4.69779,0.318115
3729,4.56386,-4.55464,4.70174,-4.70083,0.318052
3730,4.52034,-4.50956,4.70417,-4.70325,0.318027
3731,4.52034,-4.50956,4.70539,-4.70444,0.318026
3732,4.2933,-4.28388,4.70641,-4.70543,0.318037
3733,4.2933,-4.28388,4.70336,-4.70238,0.318045
3734,4.5933,-4.58388,4.70082,-4.69984,0.318023
3735,4.5933,-4.58388,4.70384,-4.70286,0.317994
3736,4.2933,-4.28388,4.70631,-4.70533,0.317998
3737,4.2933,-4.28388,4.70319,-4.70222,0.31801
3738,4.30106,-4.29084,4.7006,-4.69963,0.317992
3739,4.30106,-4.29084,4.69853,-4.69754,0.317951
3740,4.60106,-4.59084,4.6967,-4.6957,0.317896
3741,4.60106,-4.59084,4.70025,-4.69924,0.317845
3742,4.30106,-4.29084,4.70312,-4.7021,0.317834
3743,4.30106,-4.29084,4.7003,-4.69928,0.317838
3744,4.60106,-4.59084,4.69795,-4.69692,0.317815
3745,4.60106,-4.59084,4.70112,-4.70009,0.317786
3746,4.90106,-4.89084,4.70372,-4.70269,0.317791
3747,4.90106,-4.89084,4.71111,-4.71007,0.317834
3748,4.60106,-4.59084,4.71739,-4.71635,0.317941
3749,4.60106,-4.59084,4.71769,-4.71664,0.31808
3750,4.32735,-4.31617,4.71823,-4.71719,0.318204
3751,4.32735,-4.31617,4.71421,-4.71315,0.318303
3752,4.62735,-4.61618,4.71105,-4.70998,0.318352
3753,4.62735,-4.61618,4.71371,-4.71262,0.318378
3754,4.32735,-4.31617,4.71599,-4.71489,0.318426
3755,4.32735,-4.31617,4.7128,-4.71169,0.318475
3756,4.29904,-4.29001,4.71024,-4.70912,0.318487
3757,4.29904,-4.29001,4.70763,-4.70654,0.318472
3758,4.59904,-4.59001,4.7054,-4.70434,0.318434
3759,4.59904,-4.59001,4.70866,-4.70762,0.318395
3760,4.29904,-4.29001,4.7113,-4.71028,0.318391
3761,4.29904,-4.29001,4.70831,-4.70731,0.3184
3762,4.59904,-4.59001,4.70583,-4.70483,0.318378
3763,4.59904,-4.59001,4.70889,-4.70791,0.31835
3764,4.89904,-4.89001,4.7114,-4.71043,0.318355
3765,4.89904,-4.89001,4.71871,-4.71775,0.318397
3766,4.59904,-4.59001,4.72493,-4.72397,0.318503
3767,4.59904,-4.59001,4.72517,-4.72421,0.31864
3768,4.33279,-4.32353,4.72566,-4.72471,0.318762
3769,4.33279,-4.32353,4.72172,-4.72077,0.318859
3770,4.63279,-4.62353,4.71863,-4.71768,0.318907
3771,4.63279,-4.62353,4.72133,-4.72038,0.318933
3772,4.33279,-4.32353,4.72366,-4.7227,0.318981
3773,4.33279,-4.32353,4.72051,-4.71956,0.319031
3774,4.30716,-4.29779,4.71798,-4.71703,0.319044
3775,4.30716,-4.29779,4.71544,-4.71449,0.319031
3776,4.60716,-4.59779,4.71329,-4.71233,0.318995
3777,4.60716,-4.59779,4.7166,-4.71564,0.318958
3778,4.30716,-4.29779,4.7193,-4.71834,0.318956
3779,4.30716,-4.29779,4.71636,-4.7154,0.318967
3780,4.33229,-4.32146,4.71393,-4.71296,0.318948
3781,4.33229,-4.32146,4.71228,-4.71129,0.31891
3782,4.63229,-4.62146,4.71081,-4.7098,0.318861
3783,4.63229,-4.62146,4.71468,-4.71365,0.318819
3784,4.33229,-4.32146,4.71782,-4.71678,0.318818
3785,4.33229,-4.32146,4.71527,-4.71421,0.318834
3786,4.35056,-4.62146,4.71316,-4.71209,0.318823
3787,4.35056,-4.62146,4.71168,-4.71548,0.318801
3788,4.65056,-4.92146,4.71041,-4.71827,0.31879
3789,4.65056,-4.92146,4.71453,-4.72576,0.318803
3790,4.59356,-4.62146,4.71802,-4.73206,0.318869
3791,4.59356,-4.62146,4.72011,-4.73227,0.318964
3792,4.35926,-4.34012,4.72206,-4.73266,0.319058
3793,4.35926,-4.34012,4.71983,-4.72832,0.319138
3794,4.65926,-4.64012,4.71812,-4.72485,0.319177
3795,4.65926,-4.64012,4.72197,-4.72724,0.3192
3796,4.35926,-4.34012,4.72523,-4.72929,0.319249
3797,4.35926,-4.34012,4.72288,-4.72592,0.319304
3798,4.35113,-4.3126,4.72102,-4.72322,0.319324
3799,4.35113,-4.3126,4.71936,-4.72052,0.319319
3800,4.65113,-4.6126,4.71795,-4.71825,0.319294
3801,4.65113,-4.6126,4.72191,-4.7215,0.319269
3802,4.35113,-4.3126,4.72518,-4.72416,0.319281
3803,4.35113,-4.3126,4.72274,-4.72123,0.319306
3804,4.35967,-4.33939,4.72075,-4.71883,0.319302
3805,4.35967,-4.33939,4.71922,-4.71727,0.319278
3806,4.65967,-4.63939,4.71789,-4.71592,0.319243
3807,4.65967,-4.63939,4.7219,-4.7199,0.319214
3808,4.35967,-4.33939,4.72519,-4.72318,0.319227
3809,4.35967,-4.33939,4.72278,-4.72076,0.319255
3810,4.36871,-4.35781,4.72083,-4.71879,0.319257
3811,4.36871,-4.35781,4.71935,-4.71746,0.31924
3812,4.66871,-4.65781,4.71807,-4.71631,0.319212
3813,4.66871,-4.65781,4.72214,-4.72049,0.319191
3814,4.36871,-4.35781,4.7255,-4.72394,0.319211
3815,4.36871,-4.35781,4.72317,-4.72168,0.319247
3816,4.3776,-4.36733,4.72129,-4.71986,0.319256
3817,4.3776,-4.36733,4.71989,-4.71852,0.319247
3818,4.6776,-4.66733,4.71869,-4.71738,0.319227
3819,4.6776,-4.66733,4.72285,-4.72157,0.319212
3820,4.3776,-4.36733,4.72629,-4.72506,0.319238
3821,4.3776,-4.36733,4.72404,-4.72284,0.31928
3822,4.38637,-4.37165,4.72225,-4.72107,0.319295
3823,4.38637,-4.37165,4.72093,-4.71969,0.319292
3824,4.68637,-4.67165,4.71981,-4.71853,0.319276
3825,4.68637,-4.67165,4.72404,-4.72272,0.319265
3826,4.38637,-4.37165,4.72756,-4.7262,0.319296
3827,4.38637,-4.37165,4.72538,-4.724,0.319342
3828,4.39278,-4.37862,4.72365,-4.72225,0.319361
3829,4.39278,-4.37862,4.72236,-4.72094,0.319362
3830,4.69278,-4.67862,4.72127,-4.71985,0.31935
3831,4.69278,-4.67862,4.72553,-4.7241,0.319343
3832,4.39278,-4.62033,4.72909,-4.72765,0.319378
3833,4.39278,-4.62033,4.72694,-4.72969,0.319433
3834,4.68901,-4.38217,4.72528,-4.7315,0.319481
3835,4.68901,-4.38217,4.72913,-4.72899,0.319524
3836,4.98901,-4.68218,4.73242,-4.727,0.319568
3837,4.98901,-4.68218,4.74046,-4.73063,0.319626
3838,4.68901,-4.38217,4.7473,-4.73382,0.319733
3839,4.68901,-4.38217,4.74806,-4.73153,0.319858
3840,4.39535,-4.37245,4.74895,-4.72989,0.31996
3841,4.39535,-4.37245,4.74483,-4.72857,0.320038
3842,4.69535,-4.67245,4.74155,-4.72762,0.32008
3843,4.69535,-4.67245,4.74409,-4.7321,0.32011
3844,4.39535,-4.37245,4.74629,-4.73592,0.32017
3845,4.39535,-4.37245,4.74307,-4.73404,0.320237
3846,4.09535,-4.38248,4.74052,-4.73261,0.32027
3847,4.09535,-4.38248,4.73326,-4.73165,0.320274
3848,4.39535,-4.68248,4.72721,-4.73084,0.320238
3849,4.39535,-4.68248,4.72726,-4.73526,0.320188
3850,4.32237,-4.38248,4.72722,-4.73884,0.320166
3851,4.32237,-4.38248,4.72588,-4.73659,0.320155
3852,4.3908,-4.38359,4.72473,-4.73469,0.320128
3853,4.3908,-4.38359,4.7249,-4.73306,0.320092
3854,4.6908,-4.68359,4.72495,-4.73162,0.320054
3855,4.6908,-4.68359,4.73011,-4.73553,0.320028
3856,4.3908,-4.38359,4.73437,-4.73875,0.320049
3857,4.3908,-4.38359,4.73279,-4.73631,0.320088
3858,4.4286,-4.38901,4.73154,-4.73435,0.320103
3859,4.4286,-4.38901,4.73119,-4.73284,0.320102
3860,4.7286,-4.68901,4.73088,-4.73157,0.320092
3861,4.7286,-4.68901,4.73579,-4.73568,0.320091
3862,4.4286,-4.38901,4.7399,-4.73912,0.320132
3863,4.4286,-4.38901,4.73824,-4.73691,0.320189
3864,4.42049,-4.39837,4.73697,-4.73517,0.320221
3865,4.42049,-4.39837,4.73583,-4.73395,0.320234
3866,4.72049,-4.69837,4.7349,-4.73296,0.320234
3867,4.72049,-4.69837,4.73932,-4.73732,0.320239
3868,4.42049,-4.39837,4.74303,-4.74098,0.320286
3869,4.42049,-4.39837,4.74105,-4.73896,0.320347
3870,4.41677,-4.40346,4.73951,-4.73739,0.320381
3871,4.41677,-4.40346,4.73824,-4.73624,0.320395
3872,4.71677,-4.70346,4.7372,-4.73531,0.320397
3873,4.71677,-4.70346,4.74153,-4.73972,0.320403
3874,4.41677,-4.40346,4.74516,-4.74343,0.320449
3875,4.41677,-4.40346,4.74312,-4.74145,0.320511
3876,4.41822,-4.40693,4.74154,-4.73992,0.320545
3877,4.41822,-4.40693,4.74031,-4.73877,0.32056
3878,4.71822,-4.70693,4.73931,-4.73783,0.320561
3879,4.71822,-4.70693,4.74368,-4.74225,0.320568
3880,4.41822,-4.40693,4.74734,-4.74596,0.320615
3881,4.41822,-4.40693,4.74533,-4.74398,0.320677
3882,4.42163,-4.41026,4.74377,-4.74245,0.320712
3883,4.42163,-4.41026,4.7426,-4.74131,0.320728
3884,4.72163,-4.71026,4.74165,-4.74038,0.320731
3885,4.72163,-4.71026,4.74605,-4.7448,0.320738
3886,4.42163,-4.41026,4.74976,-4.74852,0.320786
3887,4.42163,-4.41026,4.74778,-4.74655,0.32085
3888,4.42514,-4.41157,4.74625,-4.74503,0.320886
3889,4.42514,-4.41157,4.74511,-4.74386,0.320903
3890,4.72514,-4.71157,4.74419,-4.74291,0.320907
3891,4.72514,-4.71157,4.74861,-4.74732,0.320915
3892,4.42514,-4.41157,4.75234,-4.75103,0.320965
3893,4.42514,-4.41157,4.75038,-4.74906,0.321029
3894,4.42904,-4.41276,4.74888,-4.74754,0.321066
3895,4.42904,-4.41276,4.74776,-4.74637,0.321084
3896,4.72904,-4.71276,4.74686,-4.74542,0.321088
3897,4.72904,-4.71276,4.75131,-4.74983,0.321098
3898,4.42904,-4.41276,4.75506,-4.75355,0.321148
3899,4.42904,-4.41276,4.75312,-4.75158,0.321213
3900,4.43074,-4.4173,4.75163,-4.75007,0.321251
3901,4.43074,-4.4173,4.75049,-4.74896,0.32127
3902,4.73074,-4.7173,4.74958,-4.74807,0.321275
3903,4.73074,-4.7173,4.75402,-4.75253,0.321286
3904,4.43074,-4.4173,4.75776,-4.75629,0.321337
3905,4.43074,-4.4173,4.75581,-4.75436,0.321403
3906,4.43097,-4.41823,4.75432,-4.75288,0.321442
3907,4.43097,-4.41823,4.75316,-4.75174,0.321462
3908,4.73097,-4.71823,4.75223,-4.75083,0.321469
3909,4.73097,-4.71823,4.75665,-4.75527,0.321479
3910,4.43097,-4.41823,4.76039,-4.75901,0.321531
3911,4.43097,-4.41823,4.75843,-4.75706,0.321597
3912,4.43461,-4.4198,4.75693,-4.75558,0.321636
3913,4.43461,-4.4198,4.75583,-4.75444,0.321656
3914,4.73461,-4.7198,4.75494,-4.75353,0.321662
3915,4.73461,-4.7198,4.7594,-4.75797,0.321673
3916,4.43461,-4.4198,4.76316,-4.76172,0.321725
3917,4.43461,-4.4198,4.76124,-4.75978,0.321792
3918,4.4361,-4.42334,4.75976,-4.75829,0.321831
3919,4.4361,-4.42334,4.75864,-4.7572,0.321852
3920,4.7361,-4.72334,4.75774,-4.75632,0.321859
3921,4.7361,-4.72334,4.7622,-4.76079,0.321871
3922,4.4361,-4.42334,4.76595,-4.76456,0.321924
3923,4.4361,-4.42334,4.76403,-4.76265,0.321991
3924,4.14623,-4.42401,4.76255,-4.76119,0.322032
3925,4.14623,-4.42401,4.75639,-4.76006,0.322046
3926,4.44624,-4.72401,4.75127,-4.75913,0.322024
3927,4.44624,-4.72401,4.75214,-4.76348,0.32199
3928,4.3853,-4.42401,4.7528,-4.76705,0.321986
3929,4.3853,-4.42401,4.7523,-4.76483,0.321993
3930,4.44527,-4.13259,4.75189,-4.76299,0.321987
3931,4.44527,-4.13259,4.75257,-4.75639,0.321965
3932,4.74527,-4.43259,4.75307,-4.75084,0.321919
3933,4.74527,-4.43259,4.75857,-4.7513,0.321868
3934,4.44527,-4.3753,4.76305,-4.75159,0.321852
3935,4.44527,-4.3753,4.76157,-4.75082,0.321853
3936,4.46872,-4.43523,4.76033,-4.75018,0.321843
3937,4.46872,-4.43523,4.75968,-4.75065,0.321827
3938,4.76872,-4.73523,4.7591,-4.75101,0.321813
3939,4.76872,-4.73523,4.76378,-4.75647,0.321813
3940,4.46872,-4.43523,4.7677,-4.76104,0.321861
3941,4.46872,-4.43523,4.76591,-4.75978,0.32193
3942,4.46012,-4.46374,4.76455,-4.75887,0.321975
3943,4.46012,-4.46374,4.76336,-4.7587,0.322003
3944,4.76012,-4.76374,4.76243,-4.75861,0.322022
3945,4.76012,-4.76374,4.76688,-4.76376,0.322047
3946,4.46012,-4.46374,4.77066,-4.76814,0.322114
3947,4.46012,-4.46374,4.76879,-4.76675,0.322198
3948,4.45815,-4.45339,4.7674,-4.76576,0.322254
3949,4.45815,-4.45339,4.76632,-4.76488,0.322292
3950,4.75815,-4.75339,4.7655,-4.76422,0.322316
3951,4.75815,-4.75339,4.77005,-4.7689,0.322343
3952,4.45815,-4.45339,4.77393,-4.77289,0.322411
3953,4.45815,-4.45339,4.77213,-4.77118,0.322493
3954,4.46032,-4.44476,4.7708,-4.76993,0.322548
3955,4.46032,-4.44476,4.76984,-4.76884,0.322583
3956,4.76032,-4.74476,4.76911,-4.76801,0.322604
3957,4.76032,-4.74476,4.77373,-4.77255,0.322628
3958,4.46032,-4.44476,4.77765,-4.7764,0.322693
3959,4.46032,-4.44476,4.77589,-4.77458,0.322772
3960,4.16614,-4.44408,4.77458,-4.77322,0.322824
3961,4.16614,-4.44408,4.76851,-4.77218,0.32285
3962,4.46614,-4.74408,4.76348,-4.77135,0.322838
3963,4.46614,-4.74408,4.76445,-4.77581,0.322814
3964,4.40619,-4.44408,4.76522,-4.77948,0.322819
3965,4.40619,-4.44408,4.76485,-4.77737,0.322836
3966,4.46316,-4.15208,4.76457,-4.77564,0.322839
3967,4.46316,-4.15208,4.76533,-4.76916,0.322827
3968,4.76316,-4.45208,4.76591,-4.76372,0.322789
3969,4.76316,-4.45208,4.77149,-4.76428,0.322747
3970,4.46316,-4.39069,4.77606,-4.76468,0.32274
3971,4.46316,-4.39069,4.77468,-4.76396,0.322749
3972,4.48875,-4.45269,4.77353,-4.76336,0.322746
3973,4.48875,-4.45269,4.77302,-4.76393,0.322738
3974,4.78875,-4.75269,4.77257,-4.76438,0.322731
3975,4.78875,-4.75269,4.77737,-4.76994,0.322739
3976,4.48875,-4.45269,4.78141,-4.7746,0.322795
3977,4.48875,-4.45269,4.77974,-4.77345,0.322871
3978,4.18875,-4.47973,4.77849,-4.77263,0.322924
3979,4.18875,-4.47973,4.77238,-4.77253,0.322953
3980,4.48875,-4.77973,4.76733,-4.77249,0.322949
3981,4.48875,-4.77973,4.7683,-4.77763,0.322936
3982,4.41944,-4.47973,4.76909,-4.78189,0.322953
3983,4.41944,-4.47973,4.7686,-4.78029,0.322984
3984,4.47696,-4.17973,4.76826,-4.77903,0.323
3985,4.47696,-4.17973,4.769,-4.77282,0.323001
3986,4.77696,-4.47973,4.7696,-4.76763,0.322976
3987,4.77696,-4.47973,4.77522,-4.76844,0.322947
3988,4.47696,-4.40871,4.77985,-4.76907,0.322951
3989,4.47696,-4.40871,4.77854,-4.76839,0.322972
3990,4.50227,-4.46696,4.77749,-4.76787,0.32298
3991,4.50227,-4.46696,4.77707,-4.76845,0.322982
3992,4.80228,-4.76696,4.77672,-4.76894,0.322984
3993,4.80228,-4.76696,4.78163,-4.77454,0.323001
3994,4.50227,-4.46696,4.78577,-4.77927,0.323065
3995,4.50227,-4.46696,4.7842,-4.77818,0.323149
3996,4.20227,-4.49291,4.78306,-4.77744,0.32321
3997,4.20227,-4.49291,4.77705,-4.7774,0.323247
3998,4.50227,-4.79291,4.77211,-4.77742,0.32325
3999,4.50227,-4.79291,4.77318,-4.78263,0.323244
4000,4.43165,-4.49291,4.77407,-4.78696,0.323268
4001,4.43165,-4.49291,4.77366,-4.78545,0.323306
4002,-9.5468,9.56853,4.7734,-4.78426,0.323329
4003,-9.5468,9.56853,4.5139,-4.52254,0.322642
4004,-8.58904,8.60262,4.29452,-4.30131,0.319573
4005,-8.58904,8.60262,4.12207,-4.12747,0.314866
4006,-7.93444,7.94293,3.96722,-3.97146,0.309135
4007,-7.93444,7.94293,3.83748,-3.84085,0.302714
4008,-7.42965,7.43495,3.71482,-3.71747,0.295901
4009,-7.42965,7.43495,3.60694,-3.60905,0.288841
4010,-7.00257,7.00589,3.50129,-3.50294,0.281682
4011,-7.00257,7.00589,3.40545,-3.40677,0.274479
4012,-6.61921,6.62128,3.30961,-3.31064,0.267311
4013,-6.61921,6.62128,3.22115,-3.22198,0.260192
4014,-6.26337,6.26467,3.13169,-3.13233,0.253167
4015,-6.26337,6.26467,3.04837,-3.04889,0.246233
4016,-5.92723,5.92803,2.96361,-2.96402,0.239417
4017,-5.92723,5.92803,2.88432,-2.88464,0.232708
4018,-5.60684,5.60735,2.80342,-2.80367,0.226127
4019,-5.60684,5.60735,2.72757,-2.72777,0.219658
4020,-5.30015,5.30046,2.65007,-2.65023,0.213318
4021,-5.30015,5.30046,2.57733,-2.57746,0.207091
4022,-5.00591,5.00611,2.50296,-2.50306,0.20099
4023,-5.00591,5.00611,2.43311,-2.43319,0.194999
4024,-4.72335,4.72347,2.36167,-2.36174,0.189131
4025,-4.72335,4.72347,2.29457,-2.29462,0.18337
4026,-4.45185,4.45193,2.22593,-2.22596,0.177729
4027,-4.45185,4.45193,2.16144,-2.16147,0.17219
4028,-4.19093,4.19097,2.09546,-2.09549,0.166766
4029,-4.19093,4.19097,2.03348,-2.0335,0.161441
4030,-3.94013,3.94016,1.97007,-1.97008,0.156227
4031,-3.94013,3.94016,1.91049,-1.9105,0.151108
4032,-3.69906,3.69908,1.84953,-1.84954,0.146096
4033,-3.69906,3.69908,1.79226,-1.79227,0.141175
4034,-3.46733,3.46734,1.73366,-1.73367,0.136357
4035,-3.46733,3.46734,1.67861,-1.67862,0.131627
4036,-3.24458,3.24458,1.62229,-1.62229,0.126995
4037,-3.24458,3.24458,1.56937,-1.56937,0.122448
4038,-3.03045,3.03046,1.51523,-1.51523,0.117996
4039,-3.03045,3.03046,1.46435,-1.46436,0.113625
4040,-2.82462,2.82462,1.41231,-1.41231,0.109345
4041,-2.82462,2.82462,1.36341,-1.36341,0.105144
4042,-2.62676,2.62676,1.31338,-1.31338,0.101029
4043,-2.62676,2.62676,1.26637,-1.26637,0.0969907
4044,-2.43656,2.43656,1.21828,-1.21828,0.0930358
4045,-2.43656,2.43656,1.17309,-1.1731,0.0891534
4046,-2.25373,2.25373,1.12687,-1.12687,0.0853518
4047,-2.25373,2.25373,1.08343,-1.08343,0.0816198
4048,-2.07798,2.07798,1.03899,-1.03899,0.0779653
4049,-2.07798,2.07798,0.997236,-0.997237,0.0743779
4050,-1.90904,1.90904,0.954518,-0.954519,0.070865
4051,-1.90904,1.90904,0.914382,-0.914382,0.0674164
4052,-1.74664,1.74664,0.873318,-0.873318,0.0640396
4053,-1.74664,1.74664,0.834736,-0.834736,0.0607246
4054,-1.59053,1.59053,0.795263,-0.795263,0.0574786
4055,-1.59053,1.59053,0.758175,-0.758175,0.054292
4056,-1.44046,1.44046,0.720231,-0.720231,0.0511717
4057,-1.44046,1.44046,0.68458,-0.68458,0.0481085
4058,-1.29621,1.29621,0.648105,-0.648105,0.045109
4059,-1.29621,1.29621,0.613834,-0.613834,0.0421645
4060,-1.15754,1.15754,0.578772,-0.578772,0.0392812
4061,-1.15754,1.15754,0.545829,-0.545829,0.0364507
4062,-1.02425,1.02425,0.512125,-0.512125,0.033679
4063,-1.02425,1.02425,0.480457,-0.480457,0.0309582
4064,-0.896117,0.896117,0.448058,-0.448058,0.0282939
4065,-0.896117,0.896117,0.417617,-0.417617,0.0256784
4066,-0.772947,0.772947,0.386473,-0.386473,0.0231173
4067,-0.772947,0.772947,0.357212,-0.357212,0.0206031
4068,-0.654547,0.654547,0.327274,-0.327274,0.0181412
4069,-0.654547,0.654547,0.299145,-0.299145,0.0157243
4070,-0.540733,0.540733,0.270367,-0.270367,0.0133578
4071,-0.540733,0.540733,0.243327,-0.243327,0.0110346
4072,-0.431327,0.431327,0.215664,-0.215664,0.00989193
4073,-0.431327,0.431327,0.193484,-0.193484,0.00989193
4074,-0.349983,0.349983,0.174991,-0.174991,0.00989193
4075,-0.349983,0.349983,0.16113,-0.16113,0.00989193
4076,-0.299146,0.299146,0.149573,-0.149573,0.00989193
4077,-0.299146,0.299146,0.14091,-0.14091,0.00989193
4078,-0.267376,0.267376,0.133688,-0.133688,0.00989193
4079,-0.267376,0.267376,0.128274,-0.128274,0.00989193
4080,-0.247522,0.247522,0.123761,-0.123761,0.00989193
4081,-0.247522,0.247522,0.120377,-0.120377,0.00989193
4082,-0.235113,0.235113,0.117557,-0.117557,0.00989193
4083,-0.235113,0.235113,0.115442,-0.115442,0.00989193
4084,-0.227359,0.227359,0.113679,-0.113679,0.00989193
4085,-0.227359,0.227359,0.112358,-0.112358,0.00989193
4086,-0.222513,0.222513,0.111256,-0.111256,0.00989193
4087,-0.222513,0.222513,0.110431,-0.110431,0.00989193
4088,-0.219484,0.219484,0.109742,-0.109742,0.00989193
4089,-0.219484,0.219484,0.109226,-0.109226,0.00989193
4090,-0.217592,0.217592,0.108796,-0.108796,0.00989193
4091,-0.217592,0.217592,0.108473,-0.108473,0.00989193
4092,-0.216409,0.216409,0.108204,-0.108204,0.00989193
4093,-0.216409,0.216409,0.108003,-0.108003,0.00989193
4094,-0.21567,0.21567,0.107835,-0.107835,0.00989193
4095,-0.21567,0.21567,0.107709,-0.107709,0.00989193
4096,-0.215208,0.215208,0.107604,-0.107604,0.00989193
4097,-0.215208,0.215208,0.107525,-0.107525,0.00989193
4098,-0.214919,0.214919,0.107459,-0.107459,0.00989193
4099,-0.214919,0.214919,0.10741,-0.10741,0.00989193
4100,-0.214738,0.214738,0.107369,-0.107369,0.00989193
4101,-0.214738,0.214738,0.107338,-0.107338,0.00989193
4102,-0.214626,0.214626,0.107313,-0.107313,0.00989193
4103,-0.214626,0.214626,0.107294,-0.107294,0.00989193
4104,-0.214555,0.214555,0.107278,-0.107278,0.00989193
4105,-0.214555,0.214555,0.107266,-0.107266,0.00989193
4106,-0.214511,0.214511,0.107256,-0.107256,0.00989193
4107,-0.214511,0.214511,0.107248,-0.107248,0.00989193
4108,-0.214484,0.214484,0.107242,-0.107242,0.00989193
4109,-0.214484,0.214484,0.107237,-0.107237,0.00989193
4110,-0.214466,0.214466,0.107233,-0.107233,0.00989193
4111,-0.214466,0.214466,0.10723,-0.10723,0.00989193
4112,-0.214456,0.214456,0.107228,-0.107228,0.00989193
4113,-0.214456,0.214456,0.107226,-0.107226,0.00989193
4114,-0.214449,0.214449,0.107225,-0.107225,0.00989193
4115,-0.214449,0.214449,0.107223,-0.107223,0.00989193
4116,-0.214445,0.214445,0.107222,-0.107222,0.00989193
4117,-0.214445,0.214445,0.107222,-0.107222,0.00989193
4118,-0.214442,0.214442,0.107221,-0.107221,0.00989193
4119,-0.214442,0.214442,0.107221,-0.107221,0.00989193
4120,-0.214441,0.214441,0.10722,-0.10722,0.00989193
4121,-0.214441,0.214441,0.10722,-0.10722,0.00989193
4122,-0.21444,0.21444,0.10722,-0.10722,0.00989193
4123,-0.21444,0.21444,0.10722,-0.10722,0.00989193
4124,-0.214439,0.214439,0.107219,-0.107219,0.00989193
4125,-0.214439,0.214439,0.107219,-0.107219,0.00989193
4126,-0.214438,0.214438,0.107219,-0.107219,0.00989193
4127,-0.214438,0.214438,0.107219,-0.107219,0.00989193
4128,-0.214438,0.214438,0.107219,-0.107219,0.00989193
4129,-0.214438,0.214438,0.107219,-0.107219,0.00989193
4130,-0.214438,0.214438,0.107219,-0.107219,0.00989193
4131,-0.214438,0.214438,0.107219,-0.107219,0.00989193
4132,-0.214438,0.214438,0.107219,-0.107219,0.00989193
4133,-0.214438,0.214438,0.107219,-0.107219,0.00989193
4134,-0.214438,0.214438,0.107219,-0.107219,0.00989193
4135,-0.214438,0.214438,0.107219,-0.107219,0.00989193
4136,-0.214438,0.214438,0.107219,-0.107219,0.00989193
4137,-0.214438,0.214438,0.107219,-0.107219,0.00989193
4138,-0.214438,0.214438,0.107219,-0.107219,0.00989193
4139,-0.214438,0.214438,0.107219,-0.107219,0.00989193
4140,-0.214438,0.214438,0.107219,-0.107219,0.00989193
4141,-0.214438,0.214438,0.107219,-0.107219,0.00989193
4142,-0.214438,0.214438,0.107219,-0.107219,0.00989193
4143,-0.214438,0.214438,0.107219,-0.107219,0.00989193
4144,-0.214438,0.214438,0.107219,-0.107219,0.00989193
4145,-0.214438,0.214438,0.107219,-0.107219,0.00989193
4146,-0.214438,0.214438,0.107219,-0.107219,0.00989193
4147,-0.214438,0.214438,0.107219,-0.107219,0.00989193
4148,-0.214438,0.214438,0.107219,-0.107219,0.00989193
4149,-0.214438,0.214438,0.107219,-0.107219,0.00989193
4150,-0.214438,0.214438,0.107219,-0.107219,0.00989193
4151,-0.214438,0.214438,0.107219,-0.107219,0.00989193
4152,-0.214438,0.214438,0.107219,-0.107219,0.00989193
4153,-0.214438,0.214438,0.107219,-0.107219,0.00989193
4154,-0.214438,0.214438,0.107219,-0.107219,0.00989193
4155,-0.214438,0.214438,0.107219,-0.107219,0.00989193
4156,-0.214438,0.214438,0.107219,-0.107219,0.00989193
4157,-0.214438,0.214438,0.107219,-0.107219,0.00989193
4158,-0.214438,0.214438,0.107219,-0.107219,0.00989193
4159,-0.214438,0.214438,0.107219,-0.107219,0.00989193
4160,-0.214438,0.214438,0.107219,-0.107219,0.00989193
4161,-0.214438,0.214438,0.107219,-0.107219,0.00989193
4162,-0.214438,0.214438,0.107219,-0.107219,0.00989193
4163,-0.214438,0.214438,0.107219,-0.107219,0.00989193
4164,-0.214438,0.214438,0.107219,-0.107219,0.00989193
4165,-0.214438,0.214438,0.107219,-0.107219,0.00989193
4166,-0.214438,0.214438,0.107219,-0.107219,0.00989193
4167,-0.214438,0.214438,0.107219,-0.107219,0.00989193
4168,-0.214438,0.214438,0.107219,-0.107219,0.00989193
4169,-0.214438,0.214438,0.107219,-0.107219,0.00989193
4170,-0.214438,0.214438,0.107219,-0.107219,0.00989193
4171,-0.214438,0.214438,0.107219,-0.107219,0.00989193
4172,-0.214438,0.214438,0.107219,-0.107219,0.00989193
4173,-0.214438,0.214438,0.107219,-0.107219,0.00989193
4174,-0.214438,0.214438,0.107219,-0.107219,0.00989193
4175,-0.214438,0.214438,0.107219,-0.107219,0.00989193
4176,-0.214438,0.214438,0.107219,-0.107219,0.00989193
4177,-0.214438,0.214438,0.107219,-0.107219,0.00989193
4178,-0.214438,0.214438,0.107219,-0.107219,0.00989193
4179,-0.214438,0.214438,0.107219,-0.107219,0.00989193
4180,-0.214438,0.214438,0.107219,-0.107219,0.00989193
4181,-0.214438,0.214438,0.107219,-0.107219,0.00989193
4182,-0.214438,0.214438,0.107219,-0.107219,0.00989193
4183,-0.214438,0.214438,0.107219,-0.107219,0.00989193
4184,-0.214438,0.214438,0.107219,-0.107219,0.00989193
4185,-0.214438,0.214438,0.107219,-0.107219,0.00989193
4186,-0.214438,0.214438,0.107219,-0.107219,0.00989193
4187,-0.214438,0.214438,0.107219,-0.107219,0.00989193
4188,-0.214438,0.214438,0.107219,-0.107219,0.00989193
4189,-0.214438,0.214438,0.107219,-0.107219,0.00989193
4190,-0.214438,0.214438,0.107219,-0.107219,0.00989193
4191,-0.214438,0.214438,0.107219,-0.107219,0.00989193
4192,-0.214438,0.214438,0.107219,-0.107219,0.00989193
4193,-0.214438,0.214438,0.107219,-0.107219,0.00989193
4194,-0.214438,0.214438,0.107219,-0.107219,0.00989193
4195,-0.214438,0.214438,0.107219,-0.107219,0.00989193
4196,-0.214438,0.214438,0.107219,-0.107219,0.00989193
4197,-0.214438,0.214438,0.107219,-0.107219,0.00989193
4198,-0.214438,0.214438,0.107219,-0.107219,0.00989193
4199,-0.214438,0.214438,0.107219,-0.107219,0.00989193
4200,-0.214438,0.214438,0.107219,-0.107219,0.00989193
4201,-0.214438,0.214438,0.107219,-0.107219,0.00989193
4202,-0.214438,0.214438,0.107219,-0.107219,0.00989193
4203,-0.214438,0.214438,0.107219,-0.107219,0.00989193
4204,-0.214438,0.214438,0.107219,-0.107219,0.00989193
4205,-0.214438,0.214438,0.107219,-0.107219,0.00989193
4206,-0.214438,0.214438,0.107219,-0.107219,0.00989193
4207,-0.214438,0.214438,0.107219,-0.107219,0.00989193
4208,-0.214438,0.214438,0.107219,-0.107219,0.00989193
4209,-0.214438,0.214438,0.107219,-0.107219,0.00989193
4210,-0.214438,0.214438,0.107219,-0.107219,0.00989193
4211,-0.214438,0.214438,0.107219,-0.107219,0.00989193
4212,-0.214438,0.214438,0.107219,-0.107219,0.00989193
4213,-0.214438,0.214438,0.107219,-0.107219,0.00989193
4214,-0.214438,0.214438,0.107219,-0.107219,0.00989193
4215,-0.214438,0.214438,0.107219,-0.107219,0.00989193
4216,-0.214438,0.214438,0.107219,-0.107219,0.00989193
4217,-0.214438,0.214438,0.107219,-0.107219,0.00989193
4218,-0.214438,0.214438,0.107219,-0.107219,0.00989193
4219,-0.214438,0.214438,0.107219,-0.107219,0.00989193
4220,-0.214438,0.214438,0.107219,-0.107219,0.00989193
4221,-0.214438,0.214438,0.107219,-0.107219,0.00989193
4222,-0.214438,0.214438,0.107219,-0.107219,0.00989193
4223,-0.214438,0.214438,0.107219,-0.107219,0.00989193
4224,-0.214438,0.214438,0.107219,-0.107219,0.00989193
4225,-0.214438,0.214438,0.107219,-0.107219,0.00989193
4226,-0.214438,0.214438,0.107219,-0.107219,0.00989193
4227,-0.214438,0.214438,0.107219,-0.107219,0.00989193
4228,-0.214438,0.214438,0.107219,-0.107219,0.00989193
4229,-0.214438,0.214438,0.107219,-0.107219,0.00989193
4230,-0.214438,0.214438,0.107219,-0.107219,0.00989193
4231,-0.214438,0.214438,0.107219,-0.107219,0.00989193
4232,-0.214438,0.214438,0.107219,-0.107219,0.00989193
4233,-0.214438,0.214438,0.107219,-0.107219,0.00989193
4234,-0.214438,0.214438,0.107219,-0.107219,0.00989193
4235,-0.214438,0.214438,0.107219,-0.107219,0.00989193
4236,-0.214438,0.214438,0.107219,-0.107219,0.00989193
4237,-0.214438,0.214438,0.107219,-0.107219,0.00989193
4238,-0.214438,0.214438,0.107219,-0.107219,0.00989193
4239,-0.214438,0.214438,0.107219,-0.107219,0.00989193
4240,-0.214438,0.214438,0.107219,-0.107219,0.00989193
4241,-0.214438,0.214438,0.107219,-0.107219,0.00989193
4242,-0.214438,0.214438,0.107219,-0.107219,0.00989193
4243,-0.214438,0.214438,0.107219,-0.107219,0.00989193
4244,-0.214438,0.214438,0.107219,-0.107219,0.00989193
4245,-0.214438,0.214438,0.107219,-0.107219,0.00989193
4246,-0.214438,0.214438,0.107219,-0.107219,0.00989193
4247,-0.214438,0.214438,0.107219,-0.107219,0.00989193
4248,-0.214438,0.214438,0.107219,-0.107219,0.00989193
4249,-0.214438,0.214438,0.107219,-0.107219,0.00989193
4250,-0.214438,0.214438,0.107219,-0.107219,0.00989193
4251,-0.214438,0.214438,0.107219,-0.107219,0.00989193
4252,-0.214438,0.214438,0.107219,-0.107219,0.00989193
4253,-0.214438,0.214438,0.107219,-0.107219,0.00989193
4254,-0.214438,0.214438,0.107219,-0.107219,0.00989193
4255,-0.214438,0.214438,0.107219,-0.107219,0.00989193
4256,-0.214438,0.214438,0.107219,-0.107219,0.00989193
4257,-0.214438,0.214438,0.107219,-0.107219,0.00989193
4258,-0.214438,0.214438,0.107219,-0.107219,0.00989193
4259,-0.214438,0.214438,0.107219,-0.107219,0.00989193
4260,-0.214438,0.214438,0.107219,-0.107219,0.00989193
4261,-0.214438,0.214438,0.107219,-0.107219,0.00989193
4262,-0.214438,0.214438,0.107219,-0.107219,0.00989193
4263,-0.214438,0.214438,0.107219,-0.107219,0.00989193
4264,-0.214438,0.214438,0.107219,-0.107219,0.00989193
4265,-0.214438,0.214438,0.107219,-0.107219,0.00989193
4266,-0.214438,0.214438,0.107219,-0.107219,0.00989193
4267,-0.214438,0.214438,0.107219,-0.107219,0.00989193
4268,-0.214438,0.214438,0.107219,-0.107219,0.00989193
4269,-0.214438,0.214438,0.107219,-0.107219,0.00989193
4270,-0.214438,0.214438,0.107219,-0.107219,0.00989193
4271,-0.214438,0.214438,0.107219,-0.107219,0.00989193
4272,-0.214438,0.214438,0.107219,-0.107219,0.00989193
4273,-0.214438,0.214438,0.107219,-0.107219,0.00989193
4274,-0.214438,0.214438,0.107219,-0.107219,0.00989193
4275,-0.214438,0.214438,0.107219,-0.107219,0.00989193
4276,-0.214438,0.214438,0.107219,-0.107219,0.00989193
4277,-0.214438,0.214438,0.107219,-0.107219,0.00989193
4278,-0.214438,0.214438,0.107219,-0.107219,0.00989193
4279,-0.214438,0.214438,0.107219,-0.107219,0.00989193
4280,-0.214438,0.214438,0.107219,-0.107219,0.00989193
4281,-0.214438,0.214438,0.107219,-0.107219,0.00989193
4282,-0.214438,0.214438,0.107219,-0.107219,0.00989193
4283,-0.214438,0.214438,0.107219,-0.107219,0.00989193
4284,-0.214438,0.214438,0.107219,-0.107219,0.00989193
4285,-0.214438,0.214438,0.107219,-0.107219,0.00989193
4286,-0.214438,0.214438,0.107219,-0.107219,0.00989193
4287,-0.214438,0.214438,0.107219,-0.107219,0.00989193
4288,-0.214438,0.214438,0.107219,-0.107219,0.00989193
4289,-0.214438,0.214438,0.107219,-0.107219,0.00989193
4290,-0.214438,0.214438,0.107219,-0.107219,0.00989193
4291,-0.214438,0.214438,0.107219,-0.107219,0.00989193
4292,-0.214438,0.214438,0.107219,-0.107219,0.00989193
4293,-0.214438,0.214438,0.107219,-0.107219,0.00989193
4294,-0.214438,0.214438,0.107219,-0.107219,0.00989193
4295,-0.214438,0.214438,0.107219,-0.107219,0.00989193
4296,-0.214438,0.214438,0.107219,-0.107219,0.00989193
4297,-0.214438,0.214438,0.107219,-0.107219,0.00989193
4298,-0.214438,0.214438,0.107219,-0.107219,0.00989193
4299,-0.214438,0.214438,0.107219,-0.107219,0.00989193
4300,-0.214438,0.214438,0.107219,-0.107219,0.00989193
4301,-0.214438,0.214438,0.107219,-0.107219,0.00989193
4302,-0.214438,0.214438,0.107219,-0.107219,0.00989193
4303,-0.214438,0.214438,0.107219,-0.107219,0.00989193
4304,-0.214438,0.214438,0.107219,-0.107219,0.00989193
4305,-0.214438,0.214438,0.107219,-0.107219,0.00989193
4306,-0.214438,0.214438,0.107219,-0.107219,0.00989193
4307,-0.214438,0.214438,0.107219,-0.107219,0.00989193
4308,-0.214438,0.214438,0.107219,-0.107219,0.00989193
4309,-0.214438,0.214438,0.107219,-0.107219,0.00989193
4310,-0.214438,0.214438,0.107219,-0.107219,0.00989193
4311,-0.214438,0.214438,0.107219,-0.107219,0.00989193
4312,-0.214438,0.214438,0.107219,-0.107219,0.00989193
4313,-0.214438,0.214438,0.107219,-0.107219,0.00989193
4314,-0.214438,0.214438,0.107219,-0.107219,0.00989193
4315,-0.214438,0.214438,0.107219,-0.107219,0.00989193
4316,-0.214438,0.214438,0.107219,-0.107219,0.00989193
4317,-0.214438,0.214438,0.107219,-0.107219,0.00989193
4318,-0.214438,0.214438,0.107219,-0.107219,0.00989193
4319,-0.214438,0.214438,0.107219,-0.107219,0.00989193
4320,-0.214438,0.214438,0.107219,-0.107219,0.00989193
4321,-0.214438,0.214438,0.107219,-0.107219,0.00989193
4322,-0.214438,0.214438,0.107219,-0.107219,0.00989193
4323,-0.214438,0.214438,0.107219,-0.107219,0.00989193
4324,-0.214438,0.214438,0.107219,-0.107219,0.00989193
4325,-0.214438,0.214438,0.107219,-0.107219,0.00989193
4326,-0.214438,0.214438,0.107219,-0.107219,0.00989193
4327,-0.214438,0.214438,0.107219,-0.107219,0.00989193
4328,-0.214438,0.214438,0.107219,-0.107219,0.00989193
4329,-0.214438,0.214438,0.107219,-0.107219,0.00989193
4330,-0.214438,0.214438,0.107219,-0.107219,0.00989193
4331,-0.214438,0.214438,0.107219,-0.107219,0.00989193
4332,-0.214438,0.214438,0.107219,-0.107219,0.00989193
4333,-0.214438,0.214438,0.107219,-0.107219,0.00989193
4334,-0.214438,0.214438,0.107219,-0.107219,0.00989193
4335,-0.214438,0.214438,0.107219,-0.107219,0.00989193
4336,-0.214438,0.214438,0.107219,-0.107219,0.00989193
4337,-0.214438,0.214438,0.107219,-0.107219,0.00989193
4338,-0.214438,0.214438,0.107219,-0.107219,0.00989193
4339,-0.214438,0.214438,0.107219,-0.107219,0.00989193
4340,-0.214438,0.214438,0.107219,-0.107219,0.00989193
4341,-0.214438,0.214438,0.107219,-0.107219,0.00989193
4342,-0.214438,0.214438,0.107219,-0.107219,0.00989193
4343,-0.214438,0.214438,0.107219,-0.107219,0.00989193
4344,-0.214438,0.214438,0.107219,-0.107219,0.00989193
4345,-0.214438,0.214438,0.107219,-0.107219,0.00989193
4346,-0.214438,0.214438,0.107219,-0.107219,0.00989193
4347,-0.214438,0.214438,0.107219,-0.107219,0.00989193
4348,-0.214438,0.214438,0.107219,-0.107219,0.00989193
4349,-0.214438,0.214438,0.107219,-0.107219,0.00989193
4350,-0.214438,0.214438,0.107219,-0.107219,0.00989193
4351,-0.214438,0.214438,0.107219,-0.107219,0.00989193
4352,-0.214438,0.214438,0.107219,-0.107219,0.00989193
4353,-0.214438,0.214438,0.107219,-0.107219,0.00989193
4354,-0.214438,0.214438,0.107219,-0.107219,0.00989193
4355,-0.214438,0.214438,0.107219,-0.107219,0.00989193
4356,-0.214438,0.214438,0.107219,-0.107219,0.00989193
4357,-0.214438,0.214438,0.107219,-0.107219,0.00989193
4358,-0.214438,0.214438,0.107219,-0.107219,0.00989193
4359,-0.214438,0.214438,0.107219,-0.107219,0.00989193
4360,-0.214438,0.214438,0.107219,-0.107219,0.00989193
4361,-0.214438,0.214438,0.107219,-0.107219,0.00989193
4362,-0.214438,0.214438,0.107219,-0.107219,0.00989193
4363,-0.214438,0.214438,0.107219,-0.107219,0.00989193
4364,-0.214438,0.214438,0.107219,-0.107219,0.00989193
4365,-0.214438,0.214438,0.107219,-0.107219,0.00989193
4366,-0.214438,0.214438,0.107219,-0.107219,0.00989193
4367,-0.214438,0.214438,0.107219,-0.107219,0.00989193
4368,-0.214438,0.214438,0.107219,-0.107219,0.00989193
4369,-0.214438,0.214438,0.107219,-0.107219,0.00989193
4370,-0.214438,0.214438,0.107219,-0.107219,0.00989193
4371,-0.214438,0.214438,0.107219,-0.107219,0.00989193
4372,-0.214438,0.214438,0.107219,-0.107219,0.00989193
4373,-0.214438,0.214438,0.107219,-0.107219,0.00989193
4374,-0.214438,0.214438,0.107219,-0.107219,0.00989193
4375,-0.214438,0.214438,0.107219,-0.107219,0.00989193
4376,-0.214438,0.214438,0.107219,-0.107219,0.00989193
4377,-0.214438,0.214438,0.107219,-0.107219,0.00989193
4378,-0.214438,0.214438,0.107219,-0.107219,0.00989193
4379,-0.214438,0.214438,0.107219,-0.107219,0.00989193
4380,-0.214438,0.214438,0.107219,-0.107219,0.00989193
4381,-0.214438,0.214438,0.107219,-0.107219,0.00989193
4382,-0.214438,0.214438,0.107219,-0.107219,0.00989193
4383,-0.214438,0.214438,0.107219,-0.107219,0.00989193
4384,-0.214438,0.214438,0.107219,-0.107219,0.00989193
4385,-0.214438,0.214438,0.107219,-0.107219,0.00989193
4386,-0.214438,0.214438,0.107219,-0.107219,0.00989193
4387,-0.214438,0.214438,0.107219,-0.107219,0.00989193
4388,-0.214438,0.214438,0.107219,-0.107219,0.00989193
4389,-0.214438,0.214438,0.107219,-0.107219,0.00989193
4390,-0.214438,0.214438,0.107219,-0.107219,0.00989193
4391,-0.214438,0.214438,0.107219,-0.107219,0.00989193
4392,-0.214438,0.214438,0.107219,-0.107219,0.00989193
4393,-0.214438,0.214438,0.107219,-0.107219,0.00989193
4394,-0.214438,0.214438,0.107219,-0.107219,0.00989193
4395,-0.214438,0.214438,0.107219,-0.107219,0.00989193
4396,-0.214438,0.214438,0.107219,-0.107219,0.00989193
4397,-0.214438,0.214438,0.107219,-0.107219,0.00989193
4398,-0.214438,0.214438,0.107219,-0.107219,0.00989193
4399,-0.214438,0.214438,0.107219,-0.107219,0.00989193
4400,-0.214438,0.214438,0.107219,-0.107219,0.00989193
4401,-0.214438,0.214438,0.107219,-0.107219,0.00989193
4402,-0.214438,0.214438,0.107219,-0.107219,0.00989193
4403,-0.214438,0.214438,0.107219,-0.107219,0.00989193
4404,-0.214438,0.214438,0.107219,-0.107219,0.00989193
4405,-0.214438,0.214438,0.107219,-0.107219,0.00989193
4406,-0.214438,0.214438,0.107219,-0.107219,0.00989193
4407,-0.214438,0.214438,0.107219,-0.107219,0.00989193
4408,-0.214438,0.214438,0.107219,-0.107219,0.00989193
4409,-0.214438,0.214438,0.107219,-0.107219,0.00989193
4410,-0.214438,0.214438,0.107219,-0.107219,0.00989193
4411,-0.214438,0.214438,0.107219,-0.107219,0.00989193
4412,-0.214438,0.214438,0.107219,-0.107219,0.00989193
4413,-0.214438,0.214438,0.107219,-0.107219,0.00989193
4414,-0.214438,0.214438,0.107219,-0.107219,0.00989193
4415,-0.214438,0.214438,0.107219,-0.107219,0.00989193
4416,-0.214438,0.214438,0.107219,-0.107219,0.00989193
4417,-0.214438,0.214438,0.107219,-0.107219,0.00989193
4418,-0.214438,0.214438,0.107219,-0.107219,0.00989193
4419,-0.214438,0.214438,0.107219,-0.107219,0.00989193
4420,-0.214438,0.214438,0.107219,-0.107219,0.00989193
4421,-0.214438,0.214438,0.107219,-0.107219,0.00989193
4422,-0.214438,0.214438,0.107219,-0.107219,0.00989193
4423,-0.214438,0.214438,0.107219,-0.107219,0.00989193
4424,-0.214438,0.214438,0.107219,-0.107219,0.00989193
4425,-0.214438,0.214438,0.107219,-0.107219,0.00989193
4426,-0.214438,0.214438,0.107219,-0.107219,0.00989193
4427,-0.214438,0.214438,0.107219,-0.107219,0.00989193
4428,-0.214438,0.214438,0.107219,-0.107219,0.00989193
4429,-0.214438,0.214438,0.107219,-0.107219,0.00989193
4430,-0.214438,0.214438,0.107219,-0.107219,0.00989193
4431,-0.214438,0.214438,0.107219,-0.107219,0.00989193
4432,-0.214438,0.214438,0.107219,-0.107219,0.00989193
4433,-0.214438,0.214438,0.107219,-0.107219,0.00989193
4434,-0.214438,0.214438,0.107219,-0.107219,0.00989193
4435,-0.214438,0.214438,0.107219,-0.107219,0.00989193
4436,-0.214438,0.214438,0.107219,-0.107219,0.00989193
4437,-0.214438,0.214438,0.107219,-0.107219,0.00989193
4438,-0.214438,0.214438,0.107219,-0.107219,0.00989193
4439,-0.214438,0.214438,0.107219,-0.107219,0.00989193
4440,-0.214438,0.214438,0.107219,-0.107219,0.00989193
4441,-0.214438,0.214438,0.107219,-0.107219,0.00989193
4442,-0.214438,0.214438,0.107219,-0.107219,0.00989193
4443,-0.214438,0.214438,0.107219,-0.107219,0.00989193
4444,-0.214438,0.214438,0.107219,-0.107219,0.00989193
4445,-0.214438,0.214438,0.107219,-0.107219,0.00989193
4446,-0.214438,0.214438,0.107219,-0.107219,0.00989193
4447,-0.214438,0.214438,0.107219,-0.107219,0.00989193
4448,-0.214438,0.214438,0.107219,-0.107219,0.00989193
4449,-0.214438,0.214438,0.107219,-0.107219,0.00989193
4450,-0.214438,0.214438,0.107219,-0.107219,0.00989193
4451,-0.214438,0.214438,0.107219,-0.107219,0.00989193
4452,-0.214438,0.214438,0.107219,-0.107219,0.00989193
4453,-0.214438,0.214438,0.107219,-0.107219,0.00989193
4454,-0.214438,0.214438,0.107219,-0.107219,0.00989193
4455,-0.214438,0.214438,0.107219,-0.107219,0.00989193
4456,-0.214438,0.214438,0.107219,-0.107219,0.00989193
4457,-0.214438,0.214438,0.107219,-0.107219,0.00989193
4458,-0.214438,0.214438,0.107219,-0.107219,0.00989193
4459,-0.214438,0.214438,0.107219,-0.107219,0.00989193
4460,-0.214438,0.214438,0.107219,-0.107219,0.00989193
4461,-0.214438,0.214438,0.107219,-0.107219,0.00989193
4462,-0.214438,0.214438,0.107219,-0.107219,0.00989193
4463,-0.214438,0.214438,0.107219,-0.107219,0.00989193
4464,-0.214438,0.214438,0.107219,-0.107219,0.00989193
4465,-0.214438,0.214438,0.107219,-0.107219,0.00989193
4466,-0.214438,0.214438,0.107219,-0.107219,0.00989193
4467,-0.214438,0.214438,0.107219,-0.107219,0.00989193
4468,-0.214438,0.214438,0.107219,-0.107219,0.00989193
4469,-0.214438,0.214438,0.107219,-0.107219,0.00989193
4470,-0.214438,0.214438,0.107219,-0.107219,0.00989193
4471,-0.214438,0.214438,0.107219,-0.107219,0.00989193
4472,-0.214438,0.214438,0.107219,-0.107219,0.00989193
4473,-0.214438,0.214438,0.107219,-0.107219,0.00989193
4474,-0.214438,0.214438,0.107219,-0.107219,0.00989193
4475,-0.214438,0.214438,0.107219,-0.107219,0.00989193
4476,-0.214438,0.214438,0.107219,-0.107219,0.00989193
4477,-0.214438,0.214438,0.107219,-0.107219,0.00989193
4478,-0.214438,0.214438,0.107219,-0.107219,0.00989193
4479,-0.214438,0.214438,0.107219,-0.107219,0.00989193
4480,-0.214438,0.214438,0.107219,-0.107219,0.00989193
4481,-0.214438,0.214438,0.107219,-0.107219,0.00989193
4482,-0.214438,0.214438,0.107219,-0.107219,0.00989193
4483,-0.214438,0.214438,0.107219,-0.107219,0.00989193
4484,-0.214438,0.214438,0.107219,-0.107219,0.00989193
4485,-0.214438,0.214438,0.107219,-0.107219,0.00989193
4486,-0.214438,0.214438,0.107219,-0.107219,0.00989193
4487,-0.214438,0.214438,0.107219,-0.107219,0.00989193
4488,-0.214438,0.214438,0.107219,-0.107219,0.00989193
4489,-0.214438,0.214438,0.107219,-0.107219,0.00989193
4490,-0.214438,0.214438,0.107219,-0.107219,0.00989193
4491,-0.214438,0.214438,0.107219,-0.107219,0.00989193
4492,-0.214438,0.214438,0.107219,-0.107219,0.00989193
4493,-0.214438,0.214438,0.107219,-0.107219,0.00989193
4494,-0.214438,0.214438,0.107219,-0.107219,0.00989193
4495,-0.214438,0.214438,0.107219,-0.107219,0.00989193
4496,-0.214438,0.214438,0.107219,-0.107219,0.00989193
4497,-0.214438,0.214438,0.107219,-0.107219,0.00989193
4498,-0.214438,0.214438,0.107219,-0.107219,0.00989193
4499,-0.214438,0.214438,0.107219,-0.107219,0.00989193
4500,-0.214438,0.214438,0.107219,-0.107219,0.00989193
4501,-0.214438,0.214438,0.107219,-0.107219,0.00989193
4502,-0.214438,0.214438,0.107219,-0.107219,0.00989193
4503,-0.214438,0.214438,0.107219,-0.107219,0.00989193
4504,-0.214438,0.214438,0.107219,-0.107219,0.00989193
4505,-0.214438,0.214438,0.107219,-0.107219,0.00989193
4506,-0.214438,0.214438,0.107219,-0.107219,0.00989193
4507,-0.214438,0.214438,0.107219,-0.107219,0.00989193
4508,-0.214438,0.214438,0.107219,-0.107219,0.00989193
4509,-0.214438,0.214438,0.107219,-0.107219,0.00989193
4510,-0.214438,0.214438,0.107219,-0.107219,0.00989193
4511,-0.214438,0.214438,0.107219,-0.107219,0.00989193
4512,-0.214438,0.214438,0.107219,-0.107219,0.00989193
4513,-0.214438,0.214438,0.107219,-0.107219,0.00989193
4514,-0.214438,0.214438,0.107219,-0.107219,0.00989193
4515,-0.214438,0.214438,0.107219,-0.107219,0.00989193
4516,-0.214438,0.214438,0.107219,-0.107219,0.00989193
4517,-0.214438,0.214438,0.107219,-0.107219,0.00989193
4518,-0.214438,0.214438,0.107219,-0.107219,0.00989193
4519,-0.214438,0.214438,0.107219,-0.107219,0.00989193
4520,-0.214438,0.214438,0.107219,-0.107219,0.00989193
4521,-0.214438,0.214438,0.107219,-0.107219,0.00989193
4522,-0.214438,0.214438,0.107219,-0.107219,0.00989193
4523,-0.214438,0.214438,0.107219,-0.107219,0.00989193
4524,-0.214438,0.214438,0.107219,-0.107219,0.00989193
4525,-0.214438,0.214438,0.107219,-0.107219,0.00989193
4526,-0.214438,0.214438,0.107219,-0.107219,0.00989193
4527,-0.214438,0.214438,0.107219,-0.107219,0.00989193
4528,-0.214438,0.214438,0.107219,-0.107219,0.00989193
4529,-0.214438,0.214438,0.107219,-0.107219,0.00989193
4530,-0.214438,0.214438,0.107219,-0.107219,0.00989193
4531,-0.214438,0.214438,0.107219,-0.107219,0.00989193
4532,-0.214438,0.214438,0.107219,-0.107219,0.00989193
4533,-0.214438,0.214438,0.107219,-0.107219,0.00989193
4534,-0.214438,0.214438,0.107219,-0.107219,0.00989193
4535,-0.214438,0.214438,0.107219,-0.107219,0.00989193
4536,-0.214438,0.214438,0.107219,-0.107219,0.00989193
4537,-0.214438,0.214438,0.107219,-0.107219,0.00989193
4538,-0.214438,0.214438,0.107219,-0.107219,0.00989193
4539,-0.214438,0.214438,0.107219,-0.107219,0.00989193
4540,-0.214438,0.214438,0.107219,-0.107219,0.00989193
4541,-0.214438,0.214438,0.107219,-0.107219,0.00989193
4542,-0.214438,0.214438,0.107219,-0.107219,0.00989193
4543,-0.214438,0.214438,0.107219,-0.107219,0.00989193
4544,-0.214438,0.214438,0.107219,-0.107219,0.00989193
4545,-0.214438,0.214438,0.107219,-0.107219,0.00989193
4546,-0.214438,0.214438,0.107219,-0.107219,0.00989193
4547,-0.214438,0.214438,0.107219,-0.107219,0.00989193
4548,-0.214438,0.214438,0.107219,-0.107219,0.00989193
4549,-0.214438,0.214438,0.107219,-0.107219,0.00989193
4550,-0.214438,0.214438,0.107219,-0.107219,0.00989193
4551,-0.214438,0.214438,0.107219,-0.107219,0.00989193
4552,-0.214438,0.214438,0.107219,-0.107219,0.00989193
4553,-0.214438,0.214438,0.107219,-0.107219,0.00989193
4554,-0.214438,0.214438,0.107219,-0.107219,0.00989193
4555,-0.214438,0.214438,0.107219,-0.107219,0.00989193
4556,-0.214438,0.214438,0.107219,-0.107219,0.00989193
4557,-0.214438,0.214438,0.107219,-0.107219,0.00989193
4558,-0.214438,0.214438,0.107219,-0.107219,0.00989193
4559,-0.214438,0.214438,0.107219,-0.107219,0.00989193
4560,-0.214438,0.214438,0.107219,-0.107219,0.00989193
4561,-0.214438,0.214438,0.107219,-0.107219,0.00989193
4562,-0.214438,0.214438,0.107219,-0.107219,0.00989193
4563,-0.214438,0.214438,0.107219,-0.107219,0.00989193
4564,-0.214438,0.214438,0.107219,-0.107219,0.00989193
4565,-0.214438,0.214438,0.107219,-0.107219,0.00989193
4566,-0.214438,0.214438,0.107219,-0.107219,0.00989193
4567,-0.214438,0.214438,0.107219,-0.107219,0.00989193
4568,-0.214438,0.214438,0.107219,-0.107219,0.00989193
4569,-0.214438,0.214438,0.107219,-0.107219,0.00989193
4570,-0.214438,0.214438,0.107219,-0.107219,0.00989193
4571,-0.214438,0.214438,0.107219,-0.107219,0.00989193
4572,-0.214438,0.214438,0.107219,-0.107219,0.00989193
4573,-0.214438,0.214438,0.107219,-0.107219,0.00989193
4574,-0.214438,0.214438,0.107219,-0.107219,0.00989193
4575,-0.214438,0.214438,0.107219,-0.107219,0.00989193
4576,-0.214438,0.214438,0.107219,-0.107219,0.00989193
4577,-0.214438,0.214438,0.107219,-0.107219,0.00989193
4578,-0.214438,0.214438,0.107219,-0.107219,0.00989193
4579,-0.214438,0.214438,0.107219,-0.107219,0.00989193
4580,-0.214438,0.214438,0.107219,-0.107219,0.00989193
4581,-0.214438,0.214438,0.107219,-0.107219,0.00989193
4582,-0.214438,0.214438,0.107219,-0.107219,0.00989193
4583,-0.214438,0.214438,0.107219,-0.107219,0.00989193
4584,-0.214438,0.214438,0.107219,-0.107219,0.00989193
4585,-0.214438,0.214438,0.107219,-0.107219,0.00989193
4586,-0.214438,0.214438,0.107219,-0.107219,0.00989193
4587,-0.214438,0.214438,0.107219,-0.107219,0.00989193
4588,-0.214438,0.214438,0.107219,-0.107219,0.00989193
4589,-0.214438,0.214438,0.107219,-0.107219,0.00989193
4590,-0.214438,0.214438,0.107219,-0.107219,0.00989193
4591,-0.214438,0.214438,0.107219,-0.107219,0.00989193
4592,-0.214438,0.214438,0.107219,-0.107219,0.00989193
4593,-0.214438,0.214438,0.107219,-0.107219,0.00989193
4594,-0.214438,0.214438,0.107219,-0.107219,0.00989193
4595,-0.214438,0.214438,0.107219,-0.107219,0.00989193
4596,-0.214438,0.214438,0.107219,-0.107219,0.00989193
4597,-0.214438,0.214438,0.107219,-0.107219,0.00989193
4598,-0.214438,0.214438,0.107219,-0.107219,0.00989193
4599,-0.214438,0.214438,0.107219,-0.107219,0.00989193
4600,-0.214438,0.214438,0.107219,-0.107219,0.00989193
4601,-0.214438,0.214438,0.107219,-0.107219,0.00989193
4602,-0.214438,0.214438,0.107219,-0.107219,0.00989193
4603,-0.214438,0.214438,0.107219,-0.107219,0.00989193
4604,-0.214438,0.214438,0.107219,-0.107219,0.00989193
4605,-0.214438,0.214438,0.107219,-0.107219,0.00989193
4606,-0.214438,0.214438,0.107219,-0.107219,0.00989193
4607,-0.214438,0.214438,0.107219,-0.107219,0.00989193
4608,-0.214438,0.214438,0.107219,-0.107219,0.00989193
4609,-0.214438,0.214438,0.107219,-0.107219,0.00989193
4610,-0.214438,0.214438,0.107219,-0.107219,0.00989193
4611,-0.214438,0.214438,0.107219,-0.107219,0.00989193
4612,-0.214438,0.214438,0.107219,-0.107219,0.00989193
4613,-0.214438,0.214438,0.107219,-0.107219,0.00989193
4614,-0.214438,0.214438,0.107219,-0.107219,0.00989193
4615,-0.214438,0.214438,0.107219,-0.107219,0.00989193
4616,-0.214438,0.214438,0.107219,-0.107219,0.00989193
4617,-0.214438,0.214438,0.107219,-0.107219,0.00989193
4618,-0.214438,0.214438,0.107219,-0.107219,0.00989193
4619,-0.214438,0.214438,0.107219,-0.107219,0.00989193
4620,-0.214438,0.214438,0.107219,-0.107219,0.00989193
4621,-0.214438,0.214438,0.107219,-0.107219,0.00989193
4622,-0.214438,0.214438,0.107219,-0.107219,0.00989193
4623,-0.214438,0.214438,0.107219,-0.107219,0.00989193
4624,-0.214438,0.214438,0.107219,-0.107219,0.00989193
4625,-0.214438,0.214438,0.107219,-0.107219,0.00989193
4626,-0.214438,0.214438,0.107219,-0.107219,0.00989193
4627,-0.214438,0.214438,0.107219,-0.107219,0.00989193
4628,-0.214438,0.214438,0.107219,-0.107219,0.00989193
4629,-0.214438,0.214438,0.107219,-0.107219,0.00989193
4630,-0.214438,0.214438,0.107219,-0.107219,0.00989193
4631,-0.214438,0.214438,0.107219,-0.107219,0.00989193
4632,-0.214438,0.214438,0.107219,-0.107219,0.00989193
4633,-0.214438,0.214438,0.107219,-0.107219,0.00989193
4634,-0.214438,0.214438,0.107219,-0.107219,0.00989193
4635,-0.214438,0.214438,0.107219,-0.107219,0.00989193
4636,-0.214438,0.214438,0.107219,-0.107219,0.00989193
4637,-0.214438,0.214438,0.107219,-0.107219,0.00989193
4638,-0.214438,0.214438,0.107219,-0.107219,0.00989193
4639,-0.214438,0.214438,0.107219,-0.107219,0.00989193
4640,-0.214438,0.214438,0.107219,-0.107219,0.00989193
4641,-0.214438,0.214438,0.107219,-0.107219,0.00989193
4642,-0.214438,0.214438,0.107219,-0.107219,0.00989193
4643,-0.214438,0.214438,0.107219,-0.107219,0.00989193
4644,-0.214438,0.214438,0.107219,-0.107219,0.00989193
4645,-0.214438,0.214438,0.107219,-0.107219,0.00989193
4646,-0.214438,0.214438,0.107219,-0.107219,0.00989193
4647,-0.214438,0.214438,0.107219,-0.107219,0.00989193
4648,-0.214438,0.214438,0.107219,-0.107219,0.00989193
4649,-0.214438,0.214438,0.107219,-0.107219,0.00989193
4650,-0.214438,0.214438,0.107219,-0.107219,0.00989193
4651,-0.214438,0.214438,0.107219,-0.107219,0.00989193
4652,-0.214438,0.214438,0.107219,-0.107219,0.00989193
4653,-0.214438,0.214438,0.107219,-0.107219,0.00989193
4654,-0.214438,0.214438,0.107219,-0.107219,0.00989193
4655,-0.214438,0.214438,0.107219,-0.107219,0.00989193
4656,-0.214438,0.214438,0.107219,-0.107219,0.00989193
4657,-0.214438,0.214438,0.107219,-0.107219,0.00989193
4658,-0.214438,0.214438,0.107219,-0.107219,0.00989193
4659,-0.214438,0.214438,0.107219,-0.107219,0.00989193
4660,-0.214438,0.214438,0.107219,-0.107219,0.00989193
4661,-0.214438,0.214438,0.107219,-0.107219,0.00989193
4662,-0.214438,0.214438,0.107219,-0.107219,0.00989193
4663,-0.214438,0.214438,0.107219,-0.107219,0.00989193
4664,-0.214438,0.214438,0.107219,-0.107219,0.00989193
4665,-0.214438,0.214438,0.107219,-0.107219,0.00989193
4666,-0.214438,0.214438,0.107219,-0.107219,0.00989193
4667,-0.214438,0.214438,0.107219,-0.107219,0.00989193
4668,-0.214438,0.214438,0.107219,-0.107219,0.00989193
4669,-0.214438,0.214438,0.107219,-0.107219,0.00989193
4670,-0.214438,0.214438,0.107219,-0.107219,0.00989193
4671,-0.214438,0.214438,0.107219,-0.107219,0.00989193
4672,-0.214438,0.214438,0.107219,-0.107219,0.00989193
4673,-0.214438,0.214438,0.107219,-0.107219,0.00989193
4674,-0.214438,0.214438,0.107219,-0.107219,0.00989193
4675,-0.214438,0.214438,0.107219,-0.107219,0.00989193
4676,-0.214438,0.214438,0.107219,-0.107219,0.00989193
4677,-0.214438,0.214438,0.107219,-0.107219,0.00989193
4678,-0.214438,0.214438,0.107219,-0.107219,0.00989193
4679,-0.214438,0.214438,0.107219,-0.107219,0.00989193
4680,-0.214438,0.214438,0.107219,-0.107219,0.00989193
4681,-0.214438,0.214438,0.107219,-0.107219,0.00989193
4682,-0.214438,0.214438,0.107219,-0.107219,0.00989193
4683,-0.214438,0.214438,0.107219,-0.107219,0.00989193
4684,-0.214438,0.214438,0.107219,-0.107219,0.00989193
4685,-0.214438,0.214438,0.107219,-0.107219,0.00989193
4686,-0.214438,0.214438,0.107219,-0.107219,0.00989193
4687,-0.214438,0.214438,0.107219,-0.107219,0.00989193
4688,-0.214438,0.214438,0.107219,-0.107219,0.00989193
4689,-0.214438,0.214438,0.107219,-0.107219,0.00989193
4690,-0.214438,0.214438,0.107219,-0.107219,0.00989193
4691,-0.214438,0.214438,0.107219,-0.107219,0.00989193
4692,-0.214438,0.214438,0.107219,-0.107219,0.00989193
4693,-0.214438,0.214438,0.107219,-0.107219,0.00989193
4694,-0.214438,0.214438,0.107219,-0.107219,0.00989193
4695,-0.214438,0.214438,0.107219,-0.107219,0.00989193
4696,-0.214438,0.214438,0.107219,-0.107219,0.00989193
4697,-0.214438,0.214438,0.107219,-0.107219,0.00989193
4698,-0.214438,0.214438,0.107219,-0.107219,0.00989193
4699,-0.214438,0.214438,0.107219,-0.107219,0.00989193
4700,-0.214438,0.214438,0.107219,-0.107219,0.00989193
4701,-0.214438,0.214438,0.107219,-0.107219,0.00989193
4702,-0.214438,0.214438,0.107219,-0.107219,0.00989193
4703,-0.214438,0.214438,0.107219,-0.107219,0.00989193
4704,-0.214438,0.214438,0.107219,-0.107219,0.00989193
4705,-0.214438,0.214438,0.107219,-0.107219,0.00989193
4706,-0.214438,0.214438,0.107219,-0.107219,0.00989193
4707,-0.214438,0.214438,0.107219,-0.107219,0.00989193
4708,-0.214438,0.214438,0.107219,-0.107219,0.00989193
4709,-0.214438,0.214438,0.107219,-0.107219,0.00989193
4710,-0.214438,0.214438,0.107219,-0.107219,0.00989193
4711,-0.214438,0.214438,0.107219,-0.107219,0.00989193
4712,-0.214438,0.214438,0.107219,-0.107219,0.00989193
4713,-0.214438,0.214438,0.107219,-0.107219,0.00989193
4714,-0.214438,0.214438,0.107219,-0.107219,0.00989193
4715,-0.214438,0.214438,0.107219,-0.107219,0.00989193
4716,-0.214438,0.214438,0.107219,-0.107219,0.00989193
4717,-0.214438,0.214438,0.107219,-0.107219,0.00989193
4718,-0.214438,0.214438,0.107219,-0.107219,0.00989193
4719,-0.214438,0.214438,0.107219,-0.107219,0.00989193
4720,-0.214438,0.214438,0.107219,-0.107219,0.00989193
4721,-0.214438,0.214438,0.107219,-0.107219,0.00989193
4722,-0.214438,0.214438,0.107219,-0.107219,0.00989193
4723,-0.214438,0.214438,0.107219,-0.107219,0.00989193
4724,-0.214438,0.214438,0.107219,-0.107219,0.00989193
4725,-0.214438,0.214438,0.107219,-0.107219,0.00989193
4726,-0.214438,0.214438,0.107219,-0.107219,0.00989193
4727,-0.214438,0.214438,0.107219,-0.107219,0.00989193
4728,-0.214438,0.214438,0.107219,-0.107219,0.00989193
4729,-0.214438,0.214438,0.107219,-0.107219,0.00989193
4730,-0.214438,0.214438,0.107219,-0.107219,0.00989193
4731,-0.214438,0.214438,0.107219,-0.107219,0.00989193
4732,-0.214438,0.214438,0.107219,-0.107219,0.00989193
4733,-0.214438,0.214438,0.107219,-0.107219,0.00989193
4734,-0.214438,0.214438,0.107219,-0.107219,0.00989193
4735,-0.214438,0.214438,0.107219,-0.107219,0.00989193
4736,-0.214438,0.214438,0.107219,-0.107219,0.00989193
4737,-0.214438,0.214438,0.107219,-0.107219,0.00989193
4738,-0.214438,0.214438,0.107219,-0.107219,0.00989193
4739,-0.214438,0.214438,0.107219,-0.107219,0.00989193
4740,-0.214438,0.214438,0.107219,-0.107219,0.00989193
4741,-0.214438,0.214438,0.107219,-0.107219,0.00989193
4742,-0.214438,0.214438,0.107219,-0.107219,0.00989193
4743,-0.214438,0.214438,0.107219,-0.107219,0.00989193
4744,-0.214438,0.214438,0.107219,-0.107219,0.00989193
4745,-0.214438,0.214438,0.107219,-0.107219,0.00989193
4746,-0.214438,0.214438,0.107219,-0.107219,0.00989193
4747,-0.214438,0.214438,0.107219,-0.107219,0.00989193
4748,-0.214438,0.214438,0.107219,-0.107219,0.00989193
4749,-0.214438,0.214438,0.107219,-0.107219,0.00989193
4750,-0.214438,0.214438,0.107219,-0.107219,0.00989193
4751,-0.214438,0.214438,0.107219,-0.107219,0.00989193
4752,-0.214438,0.214438,0.107219,-0.107219,0.00989193
4753,-0.214438,0.214438,0.107219,-0.107219,0.00989193
4754,-0.214438,0.214438,0.107219,-0.107219,0.00989193
4755,-0.214438,0.214438,0.107219,-0.107219,0.00989193
4756,-0.214438,0.214438,0.107219,-0.107219,0.00989193
4757,-0.214438,0.214438,0.107219,-0.107219,0.00989193
4758,-0.214438,0.214438,0.107219,-0.107219,0.00989193
4759,-0.214438,0.214438,0.107219,-0.107219,0.00989193
4760,-0.214438,0.214438,0.107219,-0.107219,0.00989193
4761,-0.214438,0.214438,0.107219,-0.107219,0.00989193
4762,-0.214438,0.214438,0.107219,-0.107219,0.00989193
4763,-0.214438,0.214438,0.107219,-0.107219,0.00989193
4764,-0.214438,0.214438,0.107219,-0.107219,0.00989193
4765,-0.214438,0.214438,0.107219,-0.107219,0.00989193
4766,-0.214438,0.214438,0.107219,-0.107219,0.00989193
4767,-0.214438,0.214438,0.107219,-0.107219,0.00989193
4768,-0.214438,0.214438,0.107219,-0.107219,0.00989193
4769,-0.214438,0.214438,0.107219,-0.107219,0.00989193
4770,-0.214438,0.214438,0.107219,-0.107219,0.00989193
4771,-0.214438,0.214438,0.107219,-0.107219,0.00989193
4772,-0.214438,0.214438,0.107219,-0.107219,0.00989193
4773,-0.214438,0.214438,0.107219,-0.107219,0.00989193
4774,-0.214438,0.214438,0.107219,-0.107219,0.00989193
4775,-0.214438,0.214438,0.107219,-0.107219,0.00989193
4776,-0.214438,0.214438,0.107219,-0.107219,0.00989193
4777,-0.214438,0.214438,0.107219,-0.107219,0.00989193
4778,-0.214438,0.214438,0.107219,-0.107219,0.00989193
4779,-0.214438,0.214438,0.107219,-0.107219,0.00989193
4780,-0.214438,0.214438,0.107219,-0.107219,0.00989193
4781,-0.214438,0.214438,0.107219,-0.107219,0.00989193
4782,-0.214438,0.214438,0.107219,-0.107219,0.00989193
4783,-0.214438,0.214438,0.107219,-0.107219,0.00989193
4784,-0.214438,0.214438,0.107219,-0.107219,0.00989193
4785,-0.214438,0.214438,0.107219,-0.107219,0.00989193
4786,-0.214438,0.214438,0.107219,-0.107219,0.00989193
4787,-0.214438,0.214438,0.107219,-0.107219,0.00989193
4788,-0.214438,0.214438,0.107219,-0.107219,0.00989193
4789,-0.214438,0.214438,0.107219,-0.107219,0.00989193
4790,-0.214438,0.214438,0.107219,-0.107219,0.00989193
4791,-0.214438,0.214438,0.107219,-0.107219,0.00989193
4792,-0.214438,0.214438,0.107219,-0.107219,0.00989193
4793,-0.214438,0.214438,0.107219,-0.107219,0.00989193
4794,-0.214438,0.214438,0.107219,-0.107219,0.00989193
4795,-0.214438,0.214438,0.107219,-0.107219,0.00989193
4796,-0.214438,0.214438,0.107219,-0.107219,0.00989193
4797,-0.214438,0.214438,0.107219,-0.107219,0.00989193
4798,-0.214438,0.214438,0.107219,-0.107219,0.00989193
4799,-0.214438,0.214438,0.107219,-0.107219,0.00989193
4800,-0.214438,0.214438,0.107219,-0.107219,0.00989193
4801,-0.214438,0.214438,0.107219,-0.107219,0.00989193
4802,-0.214438,0.214438,0.107219,-0.107219,0.00989193
4803,-0.214438,0.214438,0.107219,-0.107219,0.00989193
4804,-0.214438,0.214438,0.107219,-0.107219,0.00989193
4805,-0.214438,0.214438,0.107219,-0.107219,0.00989193
4806,-0.214438,0.214438,0.107219,-0.107219,0.00989193
4807,-0.214438,0.214438,0.107219,-0.107219,0.00989193
4808,-0.214438,0.214438,0.107219,-0.107219,0.00989193
4809,-0.214438,0.214438,0.107219,-0.107219,0.00989193
4810,-0.214438,0.214438,0.107219,-0.107219,0.00989193
4811,-0.214438,0.214438,0.107219,-0.107219,0.00989193
4812,-0.214438,0.214438,0.107219,-0.107219,0.00989193
4813,-0.214438,0.214438,0.107219,-0.107219,0.00989193
4814,-0.214438,0.214438,0.107219,-0.107219,0.00989193
4815,-0.214438,0.214438,0.107219,-0.107219,0.00989193
4816,-0.214438,0.214438,0.107219,-0.107219,0.00989193
4817,-0.214438,0.214438,0.107219,-0.107219,0.00989193
4818,-0.214438,0.214438,0.107219,-0.107219,0.00989193
4819,-0.214438,0.214438,0.107219,-0.107219,0.00989193
4820,-0.214438,0.214438,0.107219,-0.107219,0.00989193
4821,-0.214438,0.214438,0.107219,-0.107219,0.00989193
4822,-0.214438,0.214438,0.107219,-0.107219,0.00989193
4823,-0.214438,0.214438,0.107219,-0.107219,0.00989193
4824,-0.214438,0.214438,0.107219,-0.107219,0.00989193
4825,-0.214438,0.214438,0.107219,-0.107219,0.00989193
4826,-0.214438,0.214438,0.107219,-0.107219,0.00989193
4827,-0.214438,0.214438,0.107219,-0.107219,0.00989193
4828,-0.214438,0.214438,0.107219,-0.107219,0.00989193
4829,-0.214438,0.214438,0.107219,-0.107219,0.00989193
4830,-0.214438,0.214438,0.107219,-0.107219,0.00989193
4831,-0.214438,0.214438,0.107219,-0.107219,0.00989193
4832,-0.214438,0.214438,0.107219,-0.107219,0.00989193
4833,-0.214438,0.214438,0.107219,-0.107219,0.00989193
4834,-0.214438,0.214438,0.107219,-0.107219,0.00989193
4835,-0.214438,0.214438,0.107219,-0.107219,0.00989193
4836,-0.214438,0.214438,0.107219,-0.107219,0.00989193
4837,-0.214438,0.214438,0.107219,-0.107219,0.00989193
4838,-0.214438,0.214438,0.107219,-0.107219,0.00989193
4839,-0.214438,0.214438,0.107219,-0.107219,0.00989193
4840,-0.214438,0.214438,0.107219,-0.107219,0.00989193
4841,-0.214438,0.214438,0.107219,-0.107219,0.00989193
4842,-0.214438,0.214438,0.107219,-0.107219,0.00989193
4843,-0.214438,0.214438,0.107219,-0.107219,0.00989193
4844,-0.214438,0.214438,0.107219,-0.107219,0.00989193
4845,-0.214438,0.214438,0.107219,-0.107219,0.00989193
4846,-0.214438,0.214438,0.107219,-0.107219,0.00989193
4847,-0.214438,0.214438,0.107219,-0.107219,0.00989193
4848,-0.214438,0.214438,0.107219,-0.107219,0.00989193
4849,-0.214438,0.214438,0.107219,-0.107219,0.00989193
4850,-0.214438,0.214438,0.107219,-0.107219,0.00989193
4851,-0.214438,0.214438,0.107219,-0.107219,0.00989193
4852,-0.214438,0.214438,0.107219,-0.107219,0.00989193
4853,-0.214438,0.214438,0.107219,-0.107219,0.00989193
4854,-0.214438,0.214438,0.107219,-0.107219,0.00989193
4855,-0.214438,0.214438,0.107219,-0.107219,0.00989193
4856,-0.214438,0.214438,0.107219,-0.107219,0.00989193
4857,-0.214438,0.214438,0.107219,-0.107219,0.00989193
4858,-0.214438,0.214438,0.107219,-0.107219,0.00989193
4859,-0.214438,0.214438,0.107219,-0.107219,0.00989193
4860,-0.214438,0.214438,0.107219,-0.107219,0.00989193
4861,-0.214438,0.214438,0.107219,-0.107219,0.00989193
4862,-0.214438,0.214438,0.107219,-0.107219,0.00989193
4863,-0.214438,0.214438,0.107219,-0.107219,0.00989193
4864,-0.214438,0.214438,0.107219,-0.107219,0.00989193
4865,-0.214438,0.214438,0.107219,-0.107219,0.00989193
4866,-0.214438,0.214438,0.107219,-0.107219,0.00989193
4867,-0.214438,0.214438,0.107219,-0.107219,0.00989193
4868,-0.214438,0.214438,0.107219,-0.107219,0.00989193
4869,-0.214438,0.214438,0.107219,-0.107219,0.00989193
4870,-0.214438,0.214438,0.107219,-0.107219,0.00989193
4871,-0.214438,0.214438,0.107219,-0.107219,0.00989193
4872,-0.214438,0.214438,0.107219,-0.107219,0.00989193
4873,-0.214438,0.214438,0.107219,-0.107219,0.00989193
4874,-0.214438,0.214438,0.107219,-0.107219,0.00989193
4875,-0.214438,0.214438,0.107219,-0.107219,0.00989193
4876,-0.214438,0.214438,0.107219,-0.107219,0.00989193
4877,-0.214438,0.214438,0.107219,-0.107219,0.00989193
4878,-0.214438,0.214438,0.107219,-0.107219,0.00989193
4879,-0.214438,0.214438,0.107219,-0.107219,0.00989193
4880,-0.214438,0.214438,0.107219,-0.107219,0.00989193
4881,-0.214438,0.214438,0.107219,-0.107219,0.00989193
4882,-0.214438,0.214438,0.107219,-0.107219,0.00989193
4883,-0.214438,0.214438,0.107219,-0.107219,0.00989193
4884,-0.214438,0.214438,0.107219,-0.107219,0.00989193
4885,-0.214438,0.214438,0.107219,-0.107219,0.00989193
4886,-0.214438,0.214438,0.107219,-0.107219,0.00989193
4887,-0.214438,0.214438,0.107219,-0.107219,0.00989193
4888,-0.214438,0.214438,0.107219,-0.107219,0.00989193
4889,-0.214438,0.214438,0.107219,-0.107219,0.00989193
4890,-0.214438,0.214438,0.107219,-0.107219,0.00989193
4891,-0.214438,0.214438,0.107219,-0.107219,0.00989193
4892,-0.214438,0.214438,0.107219,-0.107219,0.00989193
4893,-0.214438,0.214438,0.107219,-0.107219,0.00989193
4894,-0.214438,0.214438,0.107219,-0.107219,0.00989193
4895,-0.214438,0.214438,0.107219,-0.107219,0.00989193
4896,-0.214438,0.214438,0.107219,-0.107219,0.00989193
4897,-0.214438,0.214438,0.107219,-0.107219,0.00989193
4898,-0.214438,0.214438,0.107219,-0.107219,0.00989193
4899,-0.214438,0.214438,0.107219,-0.107219,0.00989193
4900,-0.214438,0.214438,0.107219,-0.107219,0.00989193
4901,-0.214438,0.214438,0.107219,-0.107219,0.00989193
4902,-0.214438,0.214438,0.107219,-0.107219,0.00989193
4903,-0.214438,0.214438,0.107219,-0.107219,0.00989193
4904,-0.214438,0.214438,0.107219,-0.107219,0.00989193
4905,-0.214438,0.214438,0.107219,-0.107219,0.00989193
4906,-0.214438,0.214438,0.107219,-0.107219,0.00989193
4907,-0.214438,0.214438,0.107219,-0.107219,0.00989193
4908,-0.214438,0.214438,0.107219,-0.107219,0.00989193
4909,-0.214438,0.214438,0.107219,-0.107219,0.00989193
4910,-0.214438,0.214438,0.107219,-0.107219,0.00989193
4911,-0.214438,0.214438,0.107219,-0.107219,0.00989193
4912,-0.214438,0.214438,0.107219,-0.107219,0.00989193
4913,-0.214438,0.214438,0.107219,-0.107219,0.00989193
4914,-0.214438,0.214438,0.107219,-0.107219,0.00989193
4915,-0.214438,0.214438,0.107219,-0.107219,0.00989193
4916,-0.214438,0.214438,0.107219,-0.107219,0.00989193
4917,-0.214438,0.214438,0.107219,-0.107219,0.00989193
4918,-0.214438,0.214438,0.107219,-0.107219,0.00989193
4919,-0.214438,0.214438,0.107219,-0.107219,0.00989193
4920,-0.214438,0.214438,0.107219,-0.107219,0.00989193
4921,-0.214438,0.214438,0.107219,-0.107219,0.00989193
4922,-0.214438,0.214438,0.107219,-0.107219,0.00989193
4923,-0.214438,0.214438,0.107219,-0.107219,0.00989193
4924,-0.214438,0.214438,0.107219,-0.107219,0.00989193
4925,-0.214438,0.214438,0.107219,-0.107219,0.00989193
4926,-0.214438,0.214438,0.107219,-0.107219,0.00989193
4927,-0.214438,0.214438,0.107219,-0.107219,0.00989193
4928,-0.214438,0.214438,0.107219,-0.107219,0.00989193
4929,-0.214438,0.214438,0.107219,-0.107219,0.00989193
4930,-0.214438,0.214438,0.107219,-0.107219,0.00989193
4931,-0.214438,0.214438,0.107219,-0.107219,0.00989193
4932,-0.214438,0.214438,0.107219,-0.107219,0.00989193
4933,-0.214438,0.214438,0.107219,-0.107219,0.00989193
4934,-0.214438,0.214438,0.107219,-0.107219,0.00989193
4935,-0.214438,0.214438,0.107219,-0.107219,0.00989193
4936,-0.214438,0.214438,0.107219,-0.107219,0.00989193
4937,-0.214438,0.214438,0.107219,-0.107219,0.00989193
4938,-0.214438,0.214438,0.107219,-0.107219,0.00989193
4939,-0.214438,0.214438,0.107219,-0.107219,0.00989193
4940,-0.214438,0.214438,0.107219,-0.107219,0.00989193
4941,-0.214438,0.214438,0.107219,-0.107219,0.00989193
4942,-0.214438,0.214438,0.107219,-0.107219,0.00989193
4943,-0.214438,0.214438,0.107219,-0.107219,0.00989193
4944,-0.214438,0.214438,0.107219,-0.107219,0.00989193
4945,-0.214438,0.214438,0.107219,-0.107219,0.00989193
4946,-0.214438,0.214438,0.107219,-0.107219,0.00989193
4947,-0.214438,0.214438,0.107219,-0.107219,0.00989193
4948,-0.214438,0.214438,0.107219,-0.107219,0.00989193
4949,-0.214438,0.214438,0.107219,-0.107219,0.00989193
4950,-0.214438,0.214438,0.107219,-0.107219,0.00989193
4951,-0.214438,0.214438,0.107219,-0.107219,0.00989193
4952,-0.214438,0.214438,0.107219,-0.107219,0.00989193
4953,-0.214438,0.214438,0.107219,-0.107219,0.00989193
4954,-0.214438,0.214438,0.107219,-0.107219,0.00989193
4955,-0.214438,0.214438,0.107219,-0.107219,0.00989193
4956,-0.214438,0.214438,0.107219,-0.107219,0.00989193
4957,-0.214438,0.214438,0.107219,-0.107219,0.00989193
4958,-0.214438,0.214438,0.107219,-0.107219,0.00989193
4959,-0.214438,0.214438,0.107219,-0.107219,0.00989193
4960,-0.214438,0.214438,0.107219,-0.107219,0.00989193
4961,-0.214438,0.214438,0.107219,-0.107219,0.00989193
4962,-0.214438,0.214438,0.107219,-0.107219,0.00989193
4963,-0.214438,0.214438,0.107219,-0.107219,0.00989193
4964,-0.214438,0.214438,0.107219,-0.107219,0.00989193
4965,-0.214438,0.214438,0.107219,-0.107219,0.00989193
4966,-0.214438,0.214438,0.107219,-0.107219,0.00989193
4967,-0.214438,0.214438,0.107219,-0.107219,0.00989193
4968,-0.214438,0.214438,0.107219,-0.107219,0.00989193
4969,-0.214438,0.214438,0.107219,-0.107219,0.00989193
4970,-0.214438,0.214438,0.107219,-0.107219,0.00989193
4971,-0.214438,0.214438,0.107219,-0.107219,0.00989193
4972,-0.214438,0.214438,0.107219,-0.107219,0.00989193
4973,-0.214438,0.214438,0.107219,-0.107219,0.00989193
4974,-0.214438,0.214438,0.107219,-0.107219,0.00989193
4975,-0.214438,0.214438,0.107219,-0.107219,0.00989193
4976,-0.214438,0.214438,0.107219,-0.107219,0.00989193
4977,-0.214438,0.214438,0.107219,-0.107219,0.00989193
4978,-0.214438,0.214438,0.107219,-0.107219,0.00989193
4979,-0.214438,0.214438,0.107219,-0.107219,0.00989193
4980,-0.214438,0.214438,0.107219,-0.107219,0.00989193
4981,-0.214438,0.214438,0.107219,-0.107219,0.00989193
4982,-0.214438,0.214438,0.107219,-0.107219,0.00989193
4983,-0.214438,0.214438,0.107219,-0.107219,0.00989193
4984,-0.214438,0.214438,0.107219,-0.107219,0.00989193
4985,-0.214438,0.214438,0.107219,-0.107219,0.00989193
4986,-0.214438,0.214438,0.107219,-0.107219,0.00989193
4987,-0.214438,0.214438,0.107219,-0.107219,0.00989193
4988,-0.214438,0.214438,0.107219,-0.107219,0.00989193
4989,-0.214438,0.214438,0.107219,-0.107219,0.00989193
4990,-0.214438,0.214438,0.107219,-0.107219,0.00989193
4991,-0.214438,0.214438,0.107219,-0.107219,0.00989193
4992,-0.214438,0.214438,0.107219,-0.107219,0.00989193
4993,-0.214438,0.214438,0.107219,-0.107219,0.00989193
4994,-0.214438,0.214438,0.107219,-0.107219,0.00989193
4995,-0.214438,0.214438,0.107219,-0.107219,0.00989193
4996,-0.214438,0.214438,0.107219,-0.107219,0.00989193
4997,-0.214438,0.214438,0.107219,-0.107219,0.00989193
4998,-0.214438,0.214438,0.107219,-0.107219,0.00989193
4999,-0.214438,0.214438,0.107219,-0.107219,0.00989193
5000,-0.214438,0.214438,0.107219,-0.107219,0.00989193
5001,-0.214438,0.214438,0.107219,-0.107219,0.00989193
5002,-0.214438,0.214438,0.107219,-0.107219,0.00989193
5003,-0.214438,0.214438,0.107219,-0.107219,0.00989193
5004,-0.214438,0.214438,0.107219,-0.107219,0.00989193
5005,-0.214438,0.214438,0.107219,-0.107219,0.00989193
5006,-0.214438,0.214438,0.107219,-0.107219,0.00989193
5007,-0.214438,0.214438,0.107219,-0.107219,0.00989193
5008,-0.214438,0.214438,0.107219,-0.107219,0.00989193
5009,-0.214438,0.214438,0.107219,-0.107219,0.00989193
5010,-0.214438,0.214438,0.107219,-0.107219,0.00989193
5011,-0.214438,0.214438,0.107219,-0.107219,0.00989193
5012,-0.214438,0.214438,0.107219,-0.107219,0.00989193
5013,-0.214438,0.214438,0.107219,-0.107219,0.00989193
5014,-0.214438,0.214438,0.107219,-0.107219,0.00989193
5015,-0.214438,0.214438,0.107219,-0.107219,0.00989193
5016,-0.214438,0.214438,0.107219,-0.107219,0.00989193
5017,-0.214438,0.214438,0.107219,-0.107219,0.00989193
5018,-0.214438,0.214438,0.107219,-0.107219,0.00989193
5019,-0.214438,0.214438,0.107219,-0.107219,0.00989193
5020,-0.214438,0.214438,0.107219,-0.107219,0.00989193
5021,-0.214438,0.214438,0.107219,-0.107219,0.00989193
5022,-0.214438,0.214438,0.107219,-0.107219,0.00989193
5023,-0.214438,0.214438,0.107219,-0.107219,0.00989193
5024,-0.214438,0.214438,0.107219,-0.107219,0.00989193
5025,-0.214438,0.214438,0.107219,-0.107219,0.00989193
5026,-0.214438,0.214438,0.107219,-0.107219,0.00989193
5027,-0.214438,0.214438,0.107219,-0.107219,0.00989193
5028,-0.214438,0.214438,0.107219,-0.107219,0.00989193
5029,-0.214438,0.214438,0.107219,-0.107219,0.00989193
5030,-0.214438,0.214438,0.107219,-0.107219,0.00989193
5031,-0.214438,0.214438,0.107219,-0.107219,0.00989193
5032,-0.214438,0.214438,0.107219,-0.107219,0.00989193
5033,-0.214438,0.214438,0.107219,-0.107219,0.00989193
5034,-0.214438,0.214438,0.107219,-0.107219,0.00989193
5035,-0.214438,0.214438,0.107219,-0.107219,0.00989193
5036,-0.214438,0.214438,0.107219,-0.107219,0.00989193
5037,-0.214438,0.214438,0.107219,-0.107219,0.00989193
5038,-0.214438,0.214438,0.107219,-0.107219,0.00989193
5039,-0.214438,0.214438,0.107219,-0.107219,0.00989193
5040,-0.214438,0.214438,0.107219,-0.107219,0.00989193
5041,-0.214438,0.214438,0.107219,-0.107219,0.00989193
5042,-0.214438,0.214438,0.107219,-0.107219,0.00989193
5043,-0.214438,0.214438,0.107219,-0.107219,0.00989193
5044,-0.214438,0.214438,0.107219,-0.107219,0.00989193
5045,-0.214438,0.214438,0.107219,-0.107219,0.00989193
5046,-0.214438,0.214438,0.107219,-0.107219,0.00989193
5047,-0.214438,0.214438,0.107219,-0.107219,0.00989193
5048,-0.214438,0.214438,0.107219,-0.107219,0.00989193
5049,-0.214438,0.214438,0.107219,-0.107219,0.00989193
5050,-0.214438,0.214438,0.107219,-0.107219,0.00989193
5051,-0.214438,0.214438,0.107219,-0.107219,0.00989193
5052,-0.214438,0.214438,0.107219,-0.107219,0.00989193
5053,-0.214438,0.214438,0.107219,-0.107219,0.00989193
5054,-0.214438,0.214438,0.107219,-0.107219,0.00989193
5055,-0.214438,0.214438,0.107219,-0.107219,0.00989193
5056,-0.214438,0.214438,0.107219,-0.107219,0.00989193
5057,-0.214438,0.214438,0.107219,-0.107219,0.00989193
5058,-0.214438,0.214438,0.107219,-0.107219,0.00989193
5059,-0.214438,0.214438,0.107219,-0.107219,0.00989193
5060,-0.214438,0.214438,0.107219,-0.107219,0.00989193
5061,-0.214438,0.214438,0.107219,-0.107219,0.00989193
5062,-0.214438,0.214438,0.107219,-0.107219,0.00989193
5063,-0.214438,0.214438,0.107219,-0.107219,0.00989193
5064,-0.214438,0.214438,0.107219,-0.107219,0.00989193
5065,-0.214438,0.214438,0.107219,-0.107219,0.00989193
5066,-0.214438,0.214438,0.107219,-0.107219,0.00989193
5067,-0.214438,0.214438,0.107219,-0.107219,0.00989193
5068,-0.214438,0.214438,0.107219,-0.107219,0.00989193
5069,-0.214438,0.214438,0.107219,-0.107219,0.00989193
5070,-0.214438,0.214438,0.107219,-0.107219,0.00989193
5071,-0.214438,0.214438,0.107219,-0.107219,0.00989193
5072,-0.214438,0.214438,0.107219,-0.107219,0.00989193
5073,-0.214438,0.214438,0.107219,-0.107219,0.00989193
5074,-0.214438,0.214438,0.107219,-0.107219,0.00989193
5075,-0.214438,0.214438,0.107219,-0.107219,0.00989193
5076,-0.214438,0.214438,0.107219,-0.107219,0.00989193
5077,-0.214438,0.214438,0.107219,-0.107219,0.00989193
5078,-0.214438,0.214438,0.107219,-0.107219,0.00989193
5079,-0.214438,0.214438,0.107219,-0.107219,0.00989193
5080,-0.214438,0.214438,0.107219,-0.107219,0.00989193
5081,-0.214438,0.214438,0.107219,-0.107219,0.00989193
5082,-0.214438,0.214438,0.107219,-0.107219,0.00989193
5083,-0.214438,0.214438,0.107219,-0.107219,0.00989193
5084,-0.214438,0.214438,0.107219,-0.107219,0.00989193
5085,-0.214438,0.214438,0.107219,-0.107219,0.00989193
5086,-0.214438,0.214438,0.107219,-0.107219,0.00989193
5087,-0.214438,0.214438,0.107219,-0.107219,0.00989193
5088,-0.214438,0.214438,0.107219,-0.107219,0.00989193
5089,-0.214438,0.214438,0.107219,-0.107219,0.00989193
5090,-0.214438,0.214438,0.107219,-0.107219,0.00989193
5091,-0.214438,0.214438,0.107219,-0.107219,0.00989193
5092,-0.214438,0.214438,0.107219,-0.107219,0.00989193
5093,-0.214438,0.214438,0.107219,-0.107219,0.00989193
5094,-0.214438,0.214438,0.107219,-0.107219,0.00989193
5095,-0.214438,0.214438,0.107219,-0.107219,0.00989193
5096,-0.214438,0.214438,0.107219,-0.107219,0.00989193
5097,-0.214438,0.214438,0.107219,-0.107219,0.00989193
5098,-0.214438,0.214438,0.107219,-0.107219,0.00989193
5099,-0.214438,0.214438,0.107219,-0.107219,0.00989193
5100,-0.214438,0.214438,0.107219,-0.107219,0.00989193
5101,-0.214438,0.214438,0.107219,-0.107219,0.00989193
5102,-0.214438,0.214438,0.107219,-0.107219,0.00989193
5103,-0.214438,0.214438,0.107219,-0.107219,0.00989193
5104,-0.214438,0.214438,0.107219,-0.107219,0.00989193
5105,-0.214438,0.214438,0.107219,-0.107219,0.00989193
5106,-0.214438,0.214438,0.107219,-0.107219,0.00989193
5107,-0.214438,0.214438,0.107219,-0.107219,0.00989193
5108,-0.214438,0.214438,0.107219,-0.107219,0.00989193
5109,-0.214438,0.214438,0.107219,-0.107219,0.00989193
5110,-0.214438,0.214438,0.107219,-0.107219,0.00989193
5111,-0.214438,0.214438,0.107219,-0.107219,0.00989193
5112,-0.214438,0.214438,0.107219,-0.107219,0.00989193
5113,-0.214438,0.214438,0.107219,-0.107219,0.00989193
5114,-0.214438,0.214438,0.107219,-0.107219,0.00989193
5115,-0.214438,0.214438,0.107219,-0.107219,0.00989193
5116,-0.214438,0.214438,0.107219,-0.107219,0.00989193
5117,-0.214438,0.214438,0.107219,-0.107219,0.00989193
5118,-0.214438,0.214438,0.107219,-0.107219,0.00989193
5119,-0.214438,0.214438,0.107219,-0.107219,0.00989193
5120,-0.214438,0.214438,0.107219,-0.107219,0.00989193
5121,-0.214438,0.214438,0.107219,-0.107219,0.00989193
5122,-0.214438,0.214438,0.107219,-0.107219,0.00989193
5123,-0.214438,0.214438,0.107219,-0.107219,0.00989193
5124,-0.214438,0.214438,0.107219,-0.107219,0.00989193
5125,-0.214438,0.214438,0.107219,-0.107219,0.00989193
5126,-0.214438,0.214438,0.107219,-0.107219,0.00989193
5127,-0.214438,0.214438,0.107219,-0.107219,0.00989193
5128,-0.214438,0.214438,0.107219,-0.107219,0.00989193
5129,-0.214438,0.214438,0.107219,-0.107219,0.00989193
5130,-0.214438,0.214438,0.107219,-0.107219,0.00989193
5131,-0.214438,0.214438,0.107219,-0.107219,0.00989193
5132,-0.214438,0.214438,0.107219,-0.107219,0.00989193
5133,-0.214438,0.214438,0.107219,-0.107219,0.00989193
5134,-0.214438,0.214438,0.107219,-0.107219,0.00989193
5135,-0.214438,0.214438,0.107219,-0.107219,0.00989193
5136,-0.214438,0.214438,0.107219,-0.107219,0.00989193
5137,-0.214438,0.214438,0.107219,-0.107219,0.00989193
5138,-0.214438,0.214438,0.107219,-0.107219,0.00989193
5139,-0.214438,0.214438,0.107219,-0.107219,0.00989193
5140,-0.214438,0.214438,0.107219,-0.107219,0.00989193
5141,-0.214438,0.214438,0.107219,-0.107219,0.00989193
5142,-0.214438,0.214438,0.107219,-0.107219,0.00989193
5143,-0.214438,0.214438,0.107219,-0.107219,0.00989193
5144,-0.214438,0.214438,0.107219,-0.107219,0.00989193
5145,-0.214438,0.214438,0.107219,-0.107219,0.00989193
5146,-0.214438,0.214438,0.107219,-0.107219,0.00989193
5147,-0.214438,0.214438,0.107219,-0.107219,0.00989193
5148,-0.214438,0.214438,0.107219,-0.107219,0.00989193
5149,-0.214438,0.214438,0.107219,-0.107219,0.00989193
5150,-0.214438,0.214438,0.107219,-0.107219,0.00989193
5151,-0.214438,0.214438,0.107219,-0.107219,0.00989193
5152,-0.214438,0.214438,0.107219,-0.107219,0.00989193
5153,-0.214438,0.214438,0.107219,-0.107219,0.00989193
5154,-0.214438,0.214438,0.107219,-0.107219,0.00989193
5155,-0.214438,0.214438,0.107219,-0.107219,0.00989193
5156,-0.214438,0.214438,0.107219,-0.107219,0.00989193
5157,-0.214438,0.214438,0.107219,-0.107219,0.00989193
5158,-0.214438,0.214438,0.107219,-0.107219,0.00989193
5159,-0.214438,0.214438,0.107219,-0.107219,0.00989193
5160,-0.214438,0.214438,0.107219,-0.107219,0.00989193
5161,-0.214438,0.214438,0.107219,-0.107219,0.00989193
5162,-0.214438,0.214438,0.107219,-0.107219,0.00989193
5163,-0.214438,0.214438,0.107219,-0.107219,0.00989193
5164,-0.214438,0.214438,0.107219,-0.107219,0.00989193
5165,-0.214438,0.214438,0.107219,-0.107219,0.00989193
5166,-0.214438,0.214438,0.107219,-0.107219,0.00989193
5167,-0.214438,0.214438,0.107219,-0.107219,0.00989193
5168,-0.214438,0.214438,0.107219,-0.107219,0.00989193
5169,-0.214438,0.214438,0.107219,-0.107219,0.00989193
5170,-0.214438,0.214438,0.107219,-0.107219,0.00989193
5171,-0.214438,0.214438,0.107219,-0.107219,0.00989193
5172,-0.214438,0.214438,0.107219,-0.107219,0.00989193
5173,-0.214438,0.214438,0.107219,-0.107219,0.00989193
5174,-0.214438,0.214438,0.107219,-0.107219,0.00989193
5175,-0.214438,0.214438,0.107219,-0.107219,0.00989193
5176,-0.214438,0.214438,0.107219,-0.107219,0.00989193
5177,-0.214438,0.214438,0.107219,-0.107219,0.00989193
5178,-0.214438,0.214438,0.107219,-0.107219,0.00989193
5179,-0.214438,0.214438,0.107219,-0.107219,0.00989193
5180,-0.214438,0.214438,0.107219,-0.107219,0.00989193
5181,-0.214438,0.214438,0.107219,-0.107219,0.00989193
5182,-0.214438,0.214438,0.107219,-0.107219,0.00989193
5183,-0.214438,0.214438,0.107219,-0.107219,0.00989193
5184,-0.214438,0.214438,0.107219,-0.107219,0.00989193
5185,-0.214438,0.214438,0.107219,-0.107219,0.00989193
5186,-0.214438,0.214438,0.107219,-0.107219,0.00989193
5187,-0.214438,0.214438,0.107219,-0.107219,0.00989193
5188,-0.214438,0.214438,0.107219,-0.107219,0.00989193
5189,-0.214438,0.214438,0.107219,-0.107219,0.00989193
5190,-0.214438,0.214438,0.107219,-0.107219,0.00989193
5191,-0.214438,0.214438,0.107219,-0.107219,0.00989193
5192,-0.214438,0.214438,0.107219,-0.107219,0.00989193
5193,-0.214438,0.214438,0.107219,-0.107219,0.00989193
5194,-0.214438,0.214438,0.107219,-0.107219,0.00989193
5195,-0.214438,0.214438,0.107219,-0.107219,0.00989193
5196,-0.214438,0.214438,0.107219,-0.107219,0.00989193
5197,-0.214438,0.214438,0.107219,-0.107219,0.00989193
5198,-0.214438,0.214438,0.107219,-0.107219,0.00989193
5199,-0.214438,0.214438,0.107219,-0.107219,0.00989193
5200,-0.214438,0.214438,0.107219,-0.107219,0.00989193
5201,-0.214438,0.214438,0.107219,-0.107219,0.00989193
5202,-0.214438,0.214438,0.107219,-0.107219,0.00989193
5203,-0.214438,0.214438,0.107219,-0.107219,0.00989193
5204,-0.214438,0.214438,0.107219,-0.107219,0.00989193
5205,-0.214438,0.214438,0.107219,-0.107219,0.00989193
5206,-0.214438,0.214438,0.107219,-0.107219,0.00989193
5207,-0.214438,0.214438,0.107219,-0.107219,0.00989193
5208,-0.214438,0.214438,0.107219,-0.107219,0.00989193
5209,-0.214438,0.214438,0.107219,-0.107219,0.00989193
5210,-0.214438,0.214438,0.107219,-0.107219,0.00989193
5211,-0.214438,0.214438,0.107219,-0.107219,0.00989193
5212,-0.214438,0.214438,0.107219,-0.107219,0.00989193
5213,-0.214438,0.214438,0.107219,-0.107219,0.00989193
5214,-0.214438,0.214438,0.107219,-0.107219,0.00989193
5215,-0.214438,0.214438,0.107219,-0.107219,0.00989193
5216,-0.214438,0.214438,0.107219,-0.107219,0.00989193
5217,-0.214438,0.214438,0.107219,-0.107219,0.00989193
5218,-0.214438,0.214438,0.107219,-0.107219,0.00989193
5219,-0.214438,0.214438,0.107219,-0.107219,0.00989193
5220,-0.214438,0.214438,0.107219,-0.107219,0.00989193
5221,-0.214438,0.214438,0.107219,-0.107219,0.00989193
5222,-0.214438,0.214438,0.107219,-0.107219,0.00989193
5223,-0.214438,0.214438,0.107219,-0.107219,0.00989193
5224,-0.214438,0.214438,0.107219,-0.107219,0.00989193
5225,-0.214438,0.214438,0.107219,-0.107219,0.00989193
5226,-0.214438,0.214438,0.107219,-0.107219,0.00989193
5227,-0.214438,0.214438,0.107219,-0.107219,0.00989193
5228,-0.214438,0.214438,0.107219,-0.107219,0.00989193
5229,-0.214438,0.214438,0.107219,-0.107219,0.00989193
5230,-0.214438,0.214438,0.107219,-0.107219,0.00989193
5231,-0.214438,0.214438,0.107219,-0.107219,0.00989193
5232,-0.214438,0.214438,0.107219,-0.107219,0.00989193
5233,-0.214438,0.214438,0.107219,-0.107219,0.00989193
5234,-0.214438,0.214438,0.107219,-0.107219,0.00989193
5235,-0.214438,0.214438,0.107219,-0.107219,0.00989193
5236,-0.214438,0.214438,0.107219,-0.107219,0.00989193
5237,-0.214438,0.214438,0.107219,-0.107219,0.00989193
5238,-0.214438,0.214438,0.107219,-0.107219,0.00989193
5239,-0.214438,0.214438,0.107219,-0.107219,0.00989193
5240,-0.214438,0.214438,0.107219,-0.107219,0.00989193
5241,-0.214438,0.214438,0.107219,-0.107219,0.00989193
5242,-0.214438,0.214438,0.107219,-0.107219,0.00989193
5243,-0.214438,0.214438,0.107219,-0.107219,0.00989193
5244,-0.214438,0.214438,0.107219,-0.107219,0.00989193
5245,-0.214438,0.214438,0.107219,-0.107219,0.00989193
5246,-0.214438,0.214438,0.107219,-0.107219,0.00989193
5247,-0.214438,0.214438,0.107219,-0.107219,0.00989193
5248,-0.214438,0.214438,0.107219,-0.107219,0.00989193
5249,-0.214438,0.214438,0.107219,-0.107219,0.00989193
5250,-0.214438,0.214438,0.107219,-0.107219,0.00989193
5251,-0.214438,0.214438,0.107219,-0.107219,0.00989193
5252,-0.214438,0.214438,0.107219,-0.107219,0.00989193
5253,-0.214438,0.214438,0.107219,-0.107219,0.00989193
5254,-0.214438,0.214438,0.107219,-0.107219,0.00989193
5255,-0.214438,0.214438,0.107219,-0.107219,0.00989193
5256,-0.214438,0.214438,0.107219,-0.107219,0.00989193
5257,-0.214438,0.214438,0.107219,-0.107219,0.00989193
5258,-0.214438,0.214438,0.107219,-0.107219,0.00989193
5259,-0.214438,0.214438,0.107219,-0.107219,0.00989193
5260,-0.214438,0.214438,0.107219,-0.107219,0.00989193
5261,-0.214438,0.214438,0.107219,-0.107219,0.00989193
5262,-0.214438,0.214438,0.107219,-0.107219,0.00989193
5263,-0.214438,0.214438,0.107219,-0.107219,0.00989193
5264,-0.214438,0.214438,0.107219,-0.107219,0.00989193
5265,-0.214438,0.214438,0.107219,-0.107219,0.00989193
5266,-0.214438,0.214438,0.107219,-0.107219,0.00989193
5267,-0.214438,0.214438,0.107219,-0.107219,0.00989193
5268,-0.214438,0.214438,0.107219,-0.107219,0.00989193
5269,-0.214438,0.214438,0.107219,-0.107219,0.00989193
5270,-0.214438,0.214438,0.107219,-0.107219,0.00989193
5271,-0.214438,0.214438,0.107219,-0.107219,0.00989193
5272,-0.214438,0.214438,0.107219,-0.107219,0.00989193
5273,-0.214438,0.214438,0.107219,-0.107219,0.00989193
5274,-0.214438,0.214438,0.107219,-0.107219,0.00989193
5275,-0.214438,0.214438,0.107219,-0.107219,0.00989193
5276,-0.214438,0.214438,0.107219,-0.107219,0.00989193
5277,-0.214438,0.214438,0.107219,-0.107219,0.00989193
5278,-0.214438,0.214438,0.107219,-0.107219,0.00989193
5279,-0.214438,0.214438,0.107219,-0.107219,0.00989193
5280,-0.214438,0.214438,0.107219,-0.107219,0.00989193
5281,-0.214438,0.214438,0.107219,-0.107219,0.00989193
5282,-0.214438,0.214438,0.107219,-0.107219,0.00989193
5283,-0.214438,0.214438,0.107219,-0.107219,0.00989193
5284,-0.214438,0.214438,0.107219,-0.107219,0.00989193
5285,-0.214438,0.214438,0.107219,-0.107219,0.00989193
5286,-0.214438,0.214438,0.107219,-0.107219,0.00989193
5287,-0.214438,0.214438,0.107219,-0.107219,0.00989193
5288,-0.214438,0.214438,0.107219,-0.107219,0.00989193
5289,-0.214438,0.214438,0.107219,-0.107219,0.00989193
5290,-0.214438,0.214438,0.107219,-0.107219,0.00989193
5291,-0.214438,0.214438,0.107219,-0.107219,0.00989193
5292,-0.214438,0.214438,0.107219,-0.107219,0.00989193
5293,-0.214438,0.214438,0.107219,-0.107219,0.00989193
5294,-0.214438,0.214438,0.107219,-0.107219,0.00989193
5295,-0.214438,0.214438,0.107219,-0.107219,0.00989193
5296,-0.214438,0.214438,0.107219,-0.107219,0.00989193
5297,-0.214438,0.214438,0.107219,-0.107219,0.00989193
5298,-0.214438,0.214438,0.107219,-0.107219,0.00989193
5299,-0.214438,0.214438,0.107219,-0.107219,0.00989193
5300,-0.214438,0.214438,0.107219,-0.107219,0.00989193
5301,-0.214438,0.214438,0.107219,-0.107219,0.00989193
5302,-0.214438,0.214438,0.107219,-0.107219,0.00989193
5303,-0.214438,0.214438,0.107219,-0.107219,0.00989193
5304,-0.214438,0.214438,0.107219,-0.107219,0.00989193
5305,-0.214438,0.214438,0.107219,-0.107219,0.00989193
5306,-0.214438,0.214438,0.107219,-0.107219,0.00989193
5307,-0.214438,0.214438,0.107219,-0.107219,0.00989193
5308,-0.214438,0.214438,0.107219,-0.107219,0.00989193
5309,-0.214438,0.214438,0.107219,-0.107219,0.00989193
5310,-0.214438,0.214438,0.107219,-0.107219,0.00989193
5311,-0.214438,0.214438,0.107219,-0.107219,0.00989193
5312,-0.214438,0.214438,0.107219,-0.107219,0.00989193
5313,-0.214438,0.214438,0.107219,-0.107219,0.00989193
5314,-0.214438,0.214438,0.107219,-0.107219,0.00989193
5315,-0.214438,0.214438,0.107219,-0.107219,0.00989193
5316,-0.214438,0.214438,0.107219,-0.107219,0.00989193
5317,-0.214438,0.214438,0.107219,-0.107219,0.00989193
5318,-0.214438,0.214438,0.107219,-0.107219,0.00989193
5319,-0.214438,0.214438,0.107219,-0.107219,0.00989193
5320,-0.214438,0.214438,0.107219,-0.107219,0.00989193
5321,-0.214438,0.214438,0.107219,-0.107219,0.00989193
5322,-0.214438,0.214438,0.107219,-0.107219,0.00989193
5323,-0.214438,0.214438,0.107219,-0.107219,0.00989193
5324,-0.214438,0.214438,0.107219,-0.107219,0.00989193
5325,-0.214438,0.214438,0.107219,-0.107219,0.00989193
5326,-0.214438,0.214438,0.107219,-0.107219,0.00989193
5327,-0.214438,0.214438,0.107219,-0.107219,0.00989193
5328,-0.214438,0.214438,0.107219,-0.107219,0.00989193
5329,-0.214438,0.214438,0.107219,-0.107219,0.00989193
5330,-0.214438,0.214438,0.107219,-0.107219,0.00989193
5331,-0.214438,0.214438,0.107219,-0.107219,0.00989193
5332,-0.214438,0.214438,0.107219,-0.107219,0.00989193
5333,-0.214438,0.214438,0.107219,-0.107219,0.00989193
5334,-0.214438,0.214438,0.107219,-0.107219,0.00989193
5335,-0.214438,0.214438,0.107219,-0.107219,0.00989193
5336,-0.214438,0.214438,0.107219,-0.107219,0.00989193
5337,-0.214438,0.214438,0.107219,-0.107219,0.00989193
5338,-0.214438,0.214438,0.107219,-0.107219,0.00989193
5339,-0.214438,0.214438,0.107219,-0.107219,0.00989193
5340,-0.214438,0.214438,0.107219,-0.107219,0.00989193
5341,-0.214438,0.214438,0.107219,-0.107219,0.00989193
5342,-0.214438,0.214438,0.107219,-0.107219,0.00989193
5343,-0.214438,0.214438,0.107219,-0.107219,0.00989193
5344,-0.214438,0.214438,0.107219,-0.107219,0.00989193
5345,-0.214438,0.214438,0.107219,-0.107219,0.00989193
5346,-0.214438,0.214438,0.107219,-0.107219,0.00989193
5347,-0.214438,0.214438,0.107219,-0.107219,0.00989193
5348,-0.214438,0.214438,0.107219,-0.107219,0.00989193
5349,-0.214438,0.214438,0.107219,-0.107219,0.00989193
5350,-0.214438,0.214438,0.107219,-0.107219,0.00989193
5351,-0.214438,0.214438,0.107219,-0.107219,0.00989193
5352,-0.214438,0.214438,0.107219,-0.107219,0.00989193
5353,-0.214438,0.214438,0.107219,-0.107219,0.00989193
5354,-0.214438,0.214438,0.107219,-0.107219,0.00989193
5355,-0.214438,0.214438,0.107219,-0.107219,0.00989193
5356,-0.214438,0.214438,0.107219,-0.107219,0.00989193
5357,-0.214438,0.214438,0.107219,-0.107219,0.00989193
5358,-0.214438,0.214438,0.107219,-0.107219,0.00989193
5359,-0.214438,0.214438,0.107219,-0.107219,0.00989193
5360,-0.214438,0.214438,0.107219,-0.107219,0.00989193
5361,-0.214438,0.214438,0.107219,-0.107219,0.00989193
5362,-0.214438,0.214438,0.107219,-0.107219,0.00989193
5363,-0.214438,0.214438,0.107219,-0.107219,0.00989193
5364,-0.214438,0.214438,0.107219,-0.107219,0.00989193
5365,-0.214438,0.214438,0.107219,-0.107219,0.00989193
5366,-0.214438,0.214438,0.107219,-0.107219,0.00989193
5367,-0.214438,0.214438,0.107219,-0.107219,0.00989193
5368,-0.214438,0.214438,0.107219,-0.107219,0.00989193
5369,-0.214438,0.214438,0.107219,-0.107219,0.00989193
5370,-0.214438,0.214438,0.107219,-0.107219,0.00989193
5371,-0.214438,0.214438,0.107219,-0.107219,0.00989193
5372,-0.214438,0.214438,0.107219,-0.107219,0.00989193
5373,-0.214438,0.214438,0.107219,-0.107219,0.00989193
5374,-0.214438,0.214438,0.107219,-0.107219,0.00989193
5375,-0.214438,0.214438,0.107219,-0.107219,0.00989193
5376,-0.214438,0.214438,0.107219,-0.107219,0.00989193
5377,-0.214438,0.214438,0.107219,-0.107219,0.00989193
5378,-0.214438,0.214438,0.107219,-0.107219,0.00989193
5379,-0.214438,0.214438,0.107219,-0.107219,0.00989193
5380,-0.214438,0.214438,0.107219,-0.107219,0.00989193
5381,-0.214438,0.214438,0.107219,-0.107219,0.00989193
5382,-0.214438,0.214438,0.107219,-0.107219,0.00989193
5383,-0.214438,0.214438,0.107219,-0.107219,0.00989193
5384,-0.214438,0.214438,0.107219,-0.107219,0.00989193
5385,-0.214438,0.214438,0.107219,-0.107219,0.00989193
5386,-0.214438,0.214438,0.107219,-0.107219,0.00989193
5387,-0.214438,0.214438,0.107219,-0.107219,0.00989193
5388,-0.214438,0.214438,0.107219,-0.107219,0.00989193
5389,-0.214438,0.214438,0.107219,-0.107219,0.00989193
5390,-0.214438,0.214438,0.107219,-0.107219,0.00989193
5391,-0.214438,0.214438,0.107219,-0.107219,0.00989193
5392,-0.214438,0.214438,0.107219,-0.107219,0.00989193
5393,-0.214438,0.214438,0.107219,-0.107219,0.00989193
5394,-0.214438,0.214438,0.107219,-0.107219,0.00989193
5395,-0.214438,0.214438,0.107219,-0.107219,0.00989193
5396,-0.214438,0.214438,0.107219,-0.107219,0.00989193
5397,-0.214438,0.214438,0.107219,-0.107219,0.00989193
5398,-0.214438,0.214438,0.107219,-0.107219,0.00989193
5399,-0.214438,0.214438,0.107219,-0.107219,0.00989193
5400,-0.214438,0.214438,0.107219,-0.107219,0.00989193
5401,-0.214438,0.214438,0.107219,-0.107219,0.00989193
5402,-0.214438,0.214438,0.107219,-0.107219,0.00989193
5403,-0.214438,0.214438,0.107219,-0.107219,0.00989193
5404,-0.214438,0.214438,0.107219,-0.107219,0.00989193
5405,-0.214438,0.214438,0.107219,-0.107219,0.00989193
5406,-0.214438,0.214438,0.107219,-0.107219,0.00989193
5407,-0.214438,0.214438,0.107219,-0.107219,0.00989193
5408,-0.214438,0.214438,0.107219,-0.107219,0.00989193
5409,-0.214438,0.214438,0.107219,-0.107219,0.00989193
5410,-0.214438,0.214438,0.107219,-0.107219,0.00989193
5411,-0.214438,0.214438,0.107219,-0.107219,0.00989193
5412,-0.214438,0.214438,0.107219,-0.107219,0.00989193
5413,-0.214438,0.214438,0.107219,-0.107219,0.00989193
5414,-0.214438,0.214438,0.107219,-0.107219,0.00989193
5415,-0.214438,0.214438,0.107219,-0.107219,0.00989193
5416,-0.214438,0.214438,0.107219,-0.107219,0.00989193
5417,-0.214438,0.214438,0.107219,-0.107219,0.00989193
5418,-0.214438,0.214438,0.107219,-0.107219,0.00989193
5419,-0.214438,0.214438,0.107219,-0.107219,0.00989193
5420,-0.214438,0.214438,0.107219,-0.107219,0.00989193
5421,-0.214438,0.214438,0.107219,-0.107219,0.00989193
5422,-0.214438,0.214438,0.107219,-0.107219,0.00989193
5423,-0.214438,0.214438,0.107219,-0.107219,0.00989193
5424,-0.214438,0.214438,0.107219,-0.107219,0.00989193
5425,-0.214438,0.214438,0.107219,-0.107219,0.00989193
5426,-0.214438,0.214438,0.107219,-0.107219,0.00989193
5427,-0.214438,0.214438,0.107219,-0.107219,0.00989193
5428,-0.214438,0.214438,0.107219,-0.107219,0.00989193
5429,-0.214438,0.214438,0.107219,-0.107219,0.00989193
5430,-0.214438,0.214438,0.107219,-0.107219,0.00989193
5431,-0.214438,0.214438,0.107219,-0.107219,0.00989193
5432,-0.214438,0.214438,0.107219,-0.107219,0.00989193
5433,-0.214438,0.214438,0.107219,-0.107219,0.00989193
5434,-0.214438,0.214438,0.107219,-0.107219,0.00989193
5435,-0.214438,0.214438,0.107219,-0.107219,0.00989193
5436,-0.214438,0.214438,0.107219,-0.107219,0.00989193
5437,-0.214438,0.214438,0.107219,-0.107219,0.00989193
5438,-0.214438,0.214438,0.107219,-0.107219,0.00989193
5439,-0.214438,0.214438,0.107219,-0.107219,0.00989193
5440,-0.214438,0.214438,0.107219,-0.107219,0.00989193
5441,-0.214438,0.214438,0.107219,-0.107219,0.00989193
5442,-0.214438,0.214438,0.107219,-0.107219,0.00989193
5443,-0.214438,0.214438,0.107219,-0.107219,0.00989193
5444,-0.214438,0.214438,0.107219,-0.107219,0.00989193
5445,-0.214438,0.214438,0.107219,-0.107219,0.00989193
5446,-0.214438,0.214438,0.107219,-0.107219,0.00989193
5447,-0.214438,0.214438,0.107219,-0.107219,0.00989193
5448,-0.214438,0.214438,0.107219,-0.107219,0.00989193
5449,-0.214438,0.214438,0.107219,-0.107219,0.00989193
5450,-0.214438,0.214438,0.107219,-0.107219,0.00989193
5451,-0.214438,0.214438,0.107219,-0.107219,0.00989193
5452,-0.214438,0.214438,0.107219,-0.107219,0.00989193
5453,-0.214438,0.214438,0.107219,-0.107219,0.00989193
5454,-0.214438,0.214438,0.107219,-0.107219,0.00989193
5455,-0.214438,0.214438,0.107219,-0.107219,0.00989193
5456,-0.214438,0.214438,0.107219,-0.107219,0.00989193
5457,-0.214438,0.214438,0.107219,-0.107219,0.00989193
5458,-0.214438,0.214438,0.107219,-0.107219,0.00989193
5459,-0.214438,0.214438,0.107219,-0.107219,0.00989193
5460,-0.214438,0.214438,0.107219,-0.107219,0.00989193
5461,-0.214438,0.214438,0.107219,-0.107219,0.00989193
5462,-0.214438,0.214438,0.107219,-0.107219,0.00989193
5463,-0.214438,0.214438,0.107219,-0.107219,0.00989193
5464,-0.214438,0.214438,0.107219,-0.107219,0.00989193
5465,-0.214438,0.214438,0.107219,-0.107219,0.00989193
5466,-0.214438,0.214438,0.107219,-0.107219,0.00989193
5467,-0.214438,0.214438,0.107219,-0.107219,0.00989193
5468,-0.214438,0.214438,0.107219,-0.107219,0.00989193
5469,-0.214438,0.214438,0.107219,-0.107219,0.00989193
5470,-0.214438,0.214438,0.107219,-0.107219,0.00989193
5471,-0.214438,0.214438,0.107219,-0.107219,0.00989193
5472,-0.214438,0.214438,0.107219,-0.107219,0.00989193
5473,-0.214438,0.214438,0.107219,-0.107219,0.00989193
5474,-0.214438,0.214438,0.107219,-0.107219,0.00989193
5475,-0.214438,0.214438,0.107219,-0.107219,0.00989193
5476,-0.214438,0.214438,0.107219,-0.107219,0.00989193
5477,-0.214438,0.214438,0.107219,-0.107219,0.00989193
5478,-0.214438,0.214438,0.107219,-0.107219,0.00989193
5479,-0.214438,0.214438,0.107219,-0.107219,0.00989193
5480,-0.214438,0.214438,0.107219,-0.107219,0.00989193
5481,-0.214438,0.214438,0.107219,-0.107219,0.00989193
5482,-0.214438,0.214438,0.107219,-0.107219,0.00989193
5483,-0.214438,0.214438,0.107219,-0.107219,0.00989193
5484,-0.214438,0.214438,0.107219,-0.107219,0.00989193
5485,-0.214438,0.214438,0.107219,-0.107219,0.00989193
5486,-0.214438,0.214438,0.107219,-0.107219,0.00989193
5487,-0.214438,0.214438,0.107219,-0.107219,0.00989193
5488,-0.214438,0.214438,0.107219,-0.107219,0.00989193
5489,-0.214438,0.214438,0.107219,-0.107219,0.00989193
5490,-0.214438,0.214438,0.107219,-0.107219,0.00989193
5491,-0.214438,0.214438,0.107219,-0.107219,0.00989193
5492,-0.214438,0.214438,0.107219,-0.107219,0.00989193
5493,-0.214438,0.214438,0.107219,-0.107219,0.00989193
5494,-0.214438,0.214438,0.107219,-0.107219,0.00989193
5495,-0.214438,0.214438,0.107219,-0.107219,0.00989193
5496,-0.214438,0.214438,0.107219,-0.107219,0.00989193
5497,-0.214438,0.214438,0.107219,-0.107219,0.00989193
5498,-0.214438,0.214438,0.107219,-0.107219,0.00989193
5499,-0.214438,0.214438,0.107219,-0.107219,0.00989193
5500,-0.214438,0.214438,0.107219,-0.107219,0.00989193
5501,-0.214438,0.214438,0.107219,-0.107219,0.00989193
5502,-0.214438,0.214438,0.107219,-0.107219,0.00989193
5503,-0.214438,0.214438,0.107219,-0.107219,0.00989193
5504,-0.214438,0.214438,0.107219,-0.107219,0.00989193
5505,-0.214438,0.214438,0.107219,-0.107219,0.00989193
5506,-0.214438,0.214438,0.107219,-0.107219,0.00989193
5507,-0.214438,0.214438,0.107219,-0.107219,0.00989193
5508,-0.214438,0.214438,0.107219,-0.107219,0.00989193
5509,-0.214438,0.214438,0.107219,-0.107219,0.00989193
5510,-0.214438,0.214438,0.107219,-0.107219,0.00989193
5511,-0.214438,0.214438,0.107219,-0.107219,0.00989193
5512,-0.214438,0.214438,0.107219,-0.107219,0.00989193
5513,-0.214438,0.214438,0.107219,-0.107219,0.00989193
5514,-0.214438,0.214438,0.107219,-0.107219,0.00989193
5515,-0.214438,0.214438,0.107219,-0.107219,0.00989193
5516,-0.214438,0.214438,0.107219,-0.107219,0.00989193
5517,-0.214438,0.214438,0.107219,-0.107219,0.00989193
5518,-0.214438,0.214438,0.107219,-0.107219,0.00989193
5519,-0.214438,0.214438,0.107219,-0.107219,0.00989193
5520,-0.214438,0.214438,0.107219,-0.107219,0.00989193
5521,-0.214438,0.214438,0.107219,-0.107219,0.00989193
5522,-0.214438,0.214438,0.107219,-0.107219,0.00989193
5523,-0.214438,0.214438,0.107219,-0.107219,0.00989193
5524,-0.214438,0.214438,0.107219,-0.107219,0.00989193
5525,-0.214438,0.214438,0.107219,-0.107219,0.00989193
5526,-0.214438,0.214438,0.107219,-0.107219,0.00989193
5527,-0.214438,0.214438,0.107219,-0.107219,0.00989193
5528,-0.214438,0.214438,0.107219,-0.107219,0.00989193
5529,-0.214438,0.214438,0.107219,-0.107219,0.00989193
5530,-0.214438,0.214438,0.107219,-0.107219,0.00989193
5531,-0.214438,0.214438,0.107219,-0.107219,0.00989193
5532,-0.214438,0.214438,0.107219,-0.107219,0.00989193
5533,-0.214438,0.214438,0.107219,-0.107219,0.00989193
5534,-0.214438,0.214438,0.107219,-0.107219,0.00989193
5535,-0.214438,0.214438,0.107219,-0.107219,0.00989193
5536,-0.214438,0.214438,0.107219,-0.107219,0.00989193
5537,-0.214438,0.214438,0.107219,-0.107219,0.00989193
5538,-0.214438,0.214438,0.107219,-0.107219,0.00989193
5539,-0.214438,0.214438,0.107219,-0.107219,0.00989193
5540,-0.214438,0.214438,0.107219,-0.107219,0.00989193
5541,-0.214438,0.214438,0.107219,-0.107219,0.00989193
5542,-0.214438,0.214438,0.107219,-0.107219,0.00989193
5543,-0.214438,0.214438,0.107219,-0.107219,0.00989193
5544,-0.214438,0.214438,0.107219,-0.107219,0.00989193
5545,-0.214438,0.214438,0.107219,-0.107219,0.00989193
5546,-0.214438,0.214438,0.107219,-0.107219,0.00989193
5547,-0.214438,0.214438,0.107219,-0.107219,0.00989193
5548,-0.214438,0.214438,0.107219,-0.107219,0.00989193
5549,-0.214438,0.214438,0.107219,-0.107219,0.00989193
5550,-0.214438,0.214438,0.107219,-0.107219,0.00989193
5551,-0.214438,0.214438,0.107219,-0.107219,0.00989193
5552,-0.214438,0.214438,0.107219,-0.107219,0.00989193
5553,-0.214438,0.214438,0.107219,-0.107219,0.00989193
5554,-0.214438,0.214438,0.107219,-0.107219,0.00989193
5555,-0.214438,0.214438,0.107219,-0.107219,0.00989193
5556,-0.214438,0.214438,0.107219,-0.107219,0.00989193
5557,-0.214438,0.214438,0.107219,-0.107219,0.00989193
5558,-0.214438,0.214438,0.107219,-0.107219,0.00989193
5559,-0.214438,0.214438,0.107219,-0.107219,0.00989193
5560,-0.214438,0.214438,0.107219,-0.107219,0.00989193
5561,-0.214438,0.214438,0.107219,-0.107219,0.00989193
5562,-0.214438,0.214438,0.107219,-0.107219,0.00989193
5563,-0.214438,0.214438,0.107219,-0.107219,0.00989193
5564,-0.214438,0.214438,0.107219,-0.107219,0.00989193
5565,-0.214438,0.214438,0.107219,-0.107219,0.00989193
5566,-0.214438,0.214438,0.107219,-0.107219,0.00989193
5567,-0.214438,0.214438,0.107219,-0.107219,0.00989193
5568,-0.214438,0.214438,0.107219,-0.107219,0.00989193
5569,-0.214438,0.214438,0.107219,-0.107219,0.00989193
5570,-0.214438,0.214438,0.107219,-0.107219,0.00989193
5571,-0.214438,0.214438,0.107219,-0.107219,0.00989193
5572,-0.214438,0.214438,0.107219,-0.107219,0.00989193
5573,-0.214438,0.214438,0.107219,-0.107219,0.00989193
5574,-0.214438,0.214438,0.107219,-0.107219,0.00989193
5575,-0.214438,0.214438,0.107219,-0.107219,0.00989193
5576,-0.214438,0.214438,0.107219,-0.107219,0.00989193
5577,-0.214438,0.214438,0.107219,-0.107219,0.00989193
5578,-0.214438,0.214438,0.107219,-0.107219,0.00989193
5579,-0.214438,0.214438,0.107219,-0.107219,0.00989193
5580,-0.214438,0.214438,0.107219,-0.107219,0.00989193
5581,-0.214438,0.214438,0.107219,-0.107219,0.00989193
5582,-0.214438,0.214438,0.107219,-0.107219,0.00989193
5583,-0.214438,0.214438,0.107219,-0.107219,0.00989193
5584,-0.214438,0.214438,0.107219,-0.107219,0.00989193
5585,-0.214438,0.214438,0.107219,-0.107219,0.00989193
5586,-0.214438,0.214438,0.107219,-0.107219,0.00989193
5587,-0.214438,0.214438,0.107219,-0.107219,0.00989193
5588,-0.214438,0.214438,0.107219,-0.107219,0.00989193
5589,-0.214438,0.214438,0.107219,-0.107219,0.00989193
5590,-0.214438,0.214438,0.107219,-0.107219,0.00989193
5591,-0.214438,0.214438,0.107219,-0.107219,0.00989193
5592,-0.214438,0.214438,0.107219,-0.107219,0.00989193
5593,-0.214438,0.214438,0.107219,-0.107219,0.00989193
5594,-0.214438,0.214438,0.107219,-0.107219,0.00989193
5595,-0.214438,0.214438,0.107219,-0.107219,0.00989193
5596,-0.214438,0.214438,0.107219,-0.107219,0.00989193
5597,-0.214438,0.214438,0.107219,-0.107219,0.00989193
5598,-0.214438,0.214438,0.107219,-0.107219,0.00989193
5599,-0.214438,0.214438,0.107219,-0.107219,0.00989193
5600,-0.214438,0.214438,0.107219,-0.107219,0.00989193
5601,-0.214438,0.214438,0.107219,-0.107219,0.00989193
5602,-0.214438,0.214438,0.107219,-0.107219,0.00989193
5603,-0.214438,0.214438,0.107219,-0.107219,0.00989193
5604,-0.214438,0.214438,0.107219,-0.107219,0.00989193
5605,-0.214438,0.214438,0.107219,-0.107219,0.00989193
5606,-0.214438,0.214438,0.107219,-0.107219,0.00989193
5607,-0.214438,0.214438,0.107219,-0.107219,0.00989193
5608,-0.214438,0.214438,0.107219,-0.107219,0.00989193
5609,-0.214438,0.214438,0.107219,-0.107219,0.00989193
5610,-0.214438,0.214438,0.107219,-0.107219,0.00989193
5611,-0.214438,0.214438,0.107219,-0.107219,0.00989193
5612,-0.214438,0.214438,0.107219,-0.107219,0.00989193
5613,-0.214438,0.214438,0.107219,-0.107219,0.00989193
5614,-0.214438,0.214438,0.107219,-0.107219,0.00989193
5615,-0.214438,0.214438,0.107219,-0.107219,0.00989193
5616,-0.214438,0.214438,0.107219,-0.107219,0.00989193
5617,-0.214438,0.214438,0.107219,-0.107219,0.00989193
5618,-0.214438,0.214438,0.107219,-0.107219,0.00989193
5619,-0.214438,0.214438,0.107219,-0.107219,0.00989193
5620,-0.214438,0.214438,0.107219,-0.107219,0.00989193
5621,-0.214438,0.214438,0.107219,-0.107219,0.00989193
5622,-0.214438,0.214438,0.107219,-0.107219,0.00989193
5623,-0.214438,0.214438,0.107219,-0.107219,0.00989193
5624,-0.214438,0.214438,0.107219,-0.107219,0.00989193
5625,-0.214438,0.214438,0.107219,-0.107219,0.00989193
5626,-0.214438,0.214438,0.107219,-0.107219,0.00989193
5627,-0.214438,0.214438,0.107219,-0.107219,0.00989193
5628,-0.214438,0.214438,0.107219,-0.107219,0.00989193
5629,-0.214438,0.214438,0.107219,-0.107219,0.00989193
5630,-0.214438,0.214438,0.107219,-0.107219,0.00989193
5631,-0.214438,0.214438,0.107219,-0.107219,0.00989193
5632,-0.214438,0.214438,0.107219,-0.107219,0.00989193
5633,-0.214438,0.214438,0.107219,-0.107219,0.00989193
5634,-0.214438,0.214438,0.107219,-0.107219,0.00989193
5635,-0.214438,0.214438,0.107219,-0.107219,0.00989193
5636,-0.214438,0.214438,0.107219,-0.107219,0.00989193
5637,-0.214438,0.214438,0.107219,-0.107219,0.00989193
5638,-0.214438,0.214438,0.107219,-0.107219,0.00989193
5639,-0.214438,0.214438,0.107219,-0.107219,0.00989193
5640,-0.214438,0.214438,0.107219,-0.107219,0.00989193
5641,-0.214438,0.214438,0.107219,-0.107219,0.00989193
5642,-0.214438,0.214438,0.107219,-0.107219,0.00989193
5643,-0.214438,0.214438,0.107219,-0.107219,0.00989193
5644,-0.214438,0.214438,0.107219,-0.107219,0.00989193
5645,-0.214438,0.214438,0.107219,-0.107219,0.00989193
5646,-0.214438,0.214438,0.107219,-0.107219,0.00989193
5647,-0.214438,0.214438,0.107219,-0.107219,0.00989193
5648,-0.214438,0.214438,0.107219,-0.107219,0.00989193
5649,-0.214438,0.214438,0.107219,-0.107219,0.00989193
5650,-0.214438,0.214438,0.107219,-0.107219,0.00989193
5651,-0.214438,0.214438,0.107219,-0.107219,0.00989193
5652,-0.214438,0.214438,0.107219,-0.107219,0.00989193
5653,-0.214438,0.214438,0.107219,-0.107219,0.00989193
5654,-0.214438,0.214438,0.107219,-0.107219,0.00989193
5655,-0.214438,0.214438,0.107219,-0.107219,0.00989193
5656,-0.214438,0.214438,0.107219,-0.107219,0.00989193
5657,-0.214438,0.214438,0.107219,-0.107219,0.00989193
5658,-0.214438,0.214438,0.107219,-0.107219,0.00989193
5659,-0.214438,0.214438,0.107219,-0.107219,0.00989193
5660,-0.214438,0.214438,0.107219,-0.107219,0.00989193
5661,-0.214438,0.214438,0.107219,-0.107219,0.00989193
5662,-0.214438,0.214438,0.107219,-0.107219,0.00989193
5663,-0.214438,0.214438,0.107219,-0.107219,0.00989193
5664,-0.214438,0.214438,0.107219,-0.107219,0.00989193
5665,-0.214438,0.214438,0.107219,-0.107219,0.00989193
5666,-0.214438,0.214438,0.107219,-0.107219,0.00989193
5667,-0.214438,0.214438,0.107219,-0.107219,0.00989193
5668,-0.214438,0.214438,0.107219,-0.107219,0.00989193
5669,-0.214438,0.214438,0.107219,-0.107219,0.00989193
5670,-0.214438,0.214438,0.107219,-0.107219,0.00989193
5671,-0.214438,0.214438,0.107219,-0.107219,0.00989193
5672,-0.214438,0.214438,0.107219,-0.107219,0.00989193
5673,-0.214438,0.214438,0.107219,-0.107219,0.00989193
5674,-0.214438,0.214438,0.107219,-0.107219,0.00989193
5675,-0.214438,0.214438,0.107219,-0.107219,0.00989193
5676,-0.214438,0.214438,0.107219,-0.107219,0.00989193
5677,-0.214438,0.214438,0.107219,-0.107219,0.00989193
5678,-0.214438,0.214438,0.107219,-0.107219,0.00989193
5679,-0.214438,0.214438,0.107219,-0.107219,0.00989193
5680,-0.214438,0.214438,0.107219,-0.107219,0.00989193
5681,-0.214438,0.214438,0.107219,-0.107219,0.00989193
5682,-0.214438,0.214438,0.107219,-0.107219,0.00989193
5683,-0.214438,0.214438,0.107219,-0.107219,0.00989193
5684,-0.214438,0.214438,0.107219,-0.107219,0.00989193
5685,-0.214438,0.214438,0.107219,-0.107219,0.00989193
5686,-0.214438,0.214438,0.107219,-0.107219,0.00989193
5687,-0.214438,0.214438,0.107219,-0.107219,0.00989193
5688,-0.214438,0.214438,0.107219,-0.107219,0.00989193
5689,-0.214438,0.214438,0.107219,-0.107219,0.00989193
5690,-0.214438,0.214438,0.107219,-0.107219,0.00989193
5691,-0.214438,0.214438,0.107219,-0.107219,0.00989193
5692,-0.214438,0.214438,0.107219,-0.107219,0.00989193
5693,-0.214438,0.214438,0.107219,-0.107219,0.00989193
5694,-0.214438,0.214438,0.107219,-0.107219,0.00989193
5695,-0.214438,0.214438,0.107219,-0.107219,0.00989193
5696,-0.214438,0.214438,0.107219,-0.107219,0.00989193
5697,-0.214438,0.214438,0.107219,-0.107219,0.00989193
5698,-0.214438,0.214438,0.107219,-0.107219,0.00989193
5699,-0.214438,0.214438,0.107219,-0.107219,0.00989193
5700,-0.214438,0.214438,0.107219,-0.107219,0.00989193
5701,-0.214438,0.214438,0.107219,-0.107219,0.00989193
5702,-0.214438,0.214438,0.107219,-0.107219,0.00989193
5703,-0.214438,0.214438,0.107219,-0.107219,0.00989193
5704,-0.214438,0.214438,0.107219,-0.107219,0.00989193
5705,-0.214438,0.214438,0.107219,-0.107219,0.00989193
5706,-0.214438,0.214438,0.107219,-0.107219,0.00989193
5707,-0.214438,0.214438,0.107219,-0.107219,0.00989193
5708,-0.214438,0.214438,0.107219,-0.107219,0.00989193
5709,-0.214438,0.214438,0.107219,-0.107219,0.00989193
5710,-0.214438,0.214438,0.107219,-0.107219,0.00989193
5711,-0.214438,0.214438,0.107219,-0.107219,0.00989193
5712,-0.214438,0.214438,0.107219,-0.107219,0.00989193
5713,-0.214438,0.214438,0.107219,-0.107219,0.00989193
5714,-0.214438,0.214438,0.107219,-0.107219,0.00989193
5715,-0.214438,0.214438,0.107219,-0.107219,0.00989193
5716,-0.214438,0.214438,0.107219,-0.107219,0.00989193
5717,-0.214438,0.214438,0.107219,-0.107219,0.00989193
5718,-0.214438,0.214438,0.107219,-0.107219,0.00989193
5719,-0.214438,0.214438,0.107219,-0.107219,0.00989193
5720,-0.214438,0.214438,0.107219,-0.107219,0.00989193
5721,-0.214438,0.214438,0.107219,-0.107219,0.00989193
5722,-0.214438,0.214438,0.107219,-0.107219,0.00989193
5723,-0.214438,0.214438,0.107219,-0.107219,0.00989193
5724,-0.214438,0.214438,0.107219,-0.107219,0.00989193
5725,-0.214438,0.214438,0.107219,-0.107219,0.00989193
5726,-0.214438,0.214438,0.107219,-0.107219,0.00989193
5727,-0.214438,0.214438,0.107219,-0.107219,0.00989193
5728,-0.214438,0.214438,0.107219,-0.107219,0.00989193
5729,-0.214438,0.214438,0.107219,-0.107219,0.00989193
5730,-0.214438,0.214438,0.107219,-0.107219,0.00989193
5731,-0.214438,0.214438,0.107219,-0.107219,0.00989193
5732,-0.214438,0.214438,0.107219,-0.107219,0.00989193
5733,-0.214438,0.214438,0.107219,-0.107219,0.00989193
5734,-0.214438,0.214438,0.107219,-0.107219,0.00989193
5735,-0.214438,0.214438,0.107219,-0.107219,0.00989193
5736,-0.214438,0.214438,0.107219,-0.107219,0.00989193
5737,-0.214438,0.214438,0.107219,-0.107219,0.00989193
5738,-0.214438,0.214438,0.107219,-0.107219,0.00989193
5739,-0.214438,0.214438,0.107219,-0.107219,0.00989193
5740,-0.214438,0.214438,0.107219,-0.107219,0.00989193
5741,-0.214438,0.214438,0.107219,-0.107219,0.00989193
5742,-0.214438,0.214438,0.107219,-0.107219,0.00989193
5743,-0.214438,0.214438,0.107219,-0.107219,0.00989193
5744,-0.214438,0.214438,0.107219,-0.107219,0.00989193
5745,-0.214438,0.214438,0.107219,-0.107219,0.00989193
5746,-0.214438,0.214438,0.107219,-0.107219,0.00989193
5747,-0.214438,0.214438,0.107219,-0.107219,0.00989193
5748,-0.214438,0.214438,0.107219,-0.107219,0.00989193
5749,-0.214438,0.214438,0.107219,-0.107219,0.00989193
5750,-0.214438,0.214438,0.107219,-0.107219,0.00989193
5751,-0.214438,0.214438,0.107219,-0.107219,0.00989193
5752,-0.214438,0.214438,0.107219,-0.107219,0.00989193
5753,-0.214438,0.214438,0.107219,-0.107219,0.00989193
5754,-0.214438,0.214438,0.107219,-0.107219,0.00989193
5755,-0.214438,0.214438,0.107219,-0.107219,0.00989193
5756,-0.214438,0.214438,0.107219,-0.107219,0.00989193
5757,-0.214438,0.214438,0.107219,-0.107219,0.00989193
5758,-0.214438,0.214438,0.107219,-0.107219,0.00989193
5759,-0.214438,0.214438,0.107219,-0.107219,0.00989193
5760,-0.214438,0.214438,0.107219,-0.107219,0.00989193
5761,-0.214438,0.214438,0.107219,-0.107219,0.00989193
5762,-0.214438,0.214438,0.107219,-0.107219,0.00989193
5763,-0.214438,0.214438,0.107219,-0.107219,0.00989193
5764,-0.214438,0.214438,0.107219,-0.107219,0.00989193
5765,-0.214438,0.214438,0.107219,-0.107219,0.00989193
5766,-0.214438,0.214438,0.107219,-0.107219,0.00989193
5767,-0.214438,0.214438,0.107219,-0.107219,0.00989193
5768,-0.214438,0.214438,0.107219,-0.107219,0.00989193
5769,-0.214438,0.214438,0.107219,-0.107219,0.00989193
5770,-0.214438,0.214438,0.107219,-0.107219,0.00989193
5771,-0.214438,0.214438,0.107219,-0.107219,0.00989193
5772,-0.214438,0.214438,0.107219,-0.107219,0.00989193
5773,-0.214438,0.214438,0.107219,-0.107219,0.00989193
5774,-0.214438,0.214438,0.107219,-0.107219,0.00989193
5775,-0.214438,0.214438,0.107219,-0.107219,0.00989193
5776,-0.214438,0.214438,0.107219,-0.107219,0.00989193
5777,-0.214438,0.214438,0.107219,-0.107219,0.00989193
5778,-0.214438,0.214438,0.107219,-0.107219,0.00989193
5779,-0.214438,0.214438,0.107219,-0.107219,0.00989193
5780,-0.214438,0.214438,0.107219,-0.107219,0.00989193
5781,-0.214438,0.214438,0.107219,-0.107219,0.00989193
5782,-0.214438,0.214438,0.107219,-0.107219,0.00989193
5783,-0.214438,0.214438,0.107219,-0.107219,0.00989193
5784,-0.214438,0.214438,0.107219,-0.107219,0.00989193
5785,-0.214438,0.214438,0.107219,-0.107219,0.00989193
5786,-0.214438,0.214438,0.107219,-0.107219,0.00989193
5787,-0.214438,0.214438,0.107219,-0.107219,0.00989193
5788,-0.214438,0.214438,0.107219,-0.107219,0.00989193
5789,-0.214438,0.214438,0.107219,-0.107219,0.00989193
5790,-0.214438,0.214438,0.107219,-0.107219,0.00989193
5791,-0.214438,0.214438,0.107219,-0.107219,0.00989193
5792,-0.214438,0.214438,0.107219,-0.107219,0.00989193
5793,-0.214438,0.214438,0.107219,-0.107219,0.00989193
5794,-0.214438,0.214438,0.107219,-0.107219,0.00989193
5795,-0.214438,0.214438,0.107219,-0.107219,0.00989193
5796,-0.214438,0.214438,0.107219,-0.107219,0.00989193
5797,-0.214438,0.214438,0.107219,-0.107219,0.00989193
5798,-0.214438,0.214438,0.107219,-0.107219,0.00989193
5799,-0.214438,0.214438,0.107219,-0.107219,0.00989193
5800,-0.214438,0.214438,0.107219,-0.107219,0.00989193
5801,-0.214438,0.214438,0.107219,-0.107219,0.00989193
5802,-0.214438,0.214438,0.107219,-0.107219,0.00989193
5803,-0.214438,0.214438,0.107219,-0.107219,0.00989193
5804,-0.214438,0.214438,0.107219,-0.107219,0.00989193
5805,-0.214438,0.214438,0.107219,-0.107219,0.00989193
5806,-0.214438,0.214438,0.107219,-0.107219,0.00989193
5807,-0.214438,0.214438,0.107219,-0.107219,0.00989193
5808,-0.214438,0.214438,0.107219,-0.107219,0.00989193
5809,-0.214438,0.214438,0.107219,-0.107219,0.00989193
5810,-0.214438,0.214438,0.107219,-0.107219,0.00989193
5811,-0.214438,0.214438,0.107219,-0.107219,0.00989193
5812,-0.214438,0.214438,0.107219,-0.107219,0.00989193
5813,-0.214438,0.214438,0.107219,-0.107219,0.00989193
5814,-0.214438,0.214438,0.107219,-0.107219,0.00989193
5815,-0.214438,0.214438,0.107219,-0.107219,0.00989193
5816,-0.214438,0.214438,0.107219,-0.107219,0.00989193
5817,-0.214438,0.214438,0.107219,-0.107219,0.00989193
5818,-0.214438,0.214438,0.107219,-0.107219,0.00989193
5819,-0.214438,0.214438,0.107219,-0.107219,0.00989193
5820,-0.214438,0.214438,0.107219,-0.107219,0.00989193
5821,-0.214438,0.214438,0.107219,-0.107219,0.00989193
5822,-0.214438,0.214438,0.107219,-0.107219,0.00989193
5823,-0.214438,0.214438,0.107219,-0.107219,0.00989193
5824,-0.214438,0.214438,0.107219,-0.107219,0.00989193
5825,-0.214438,0.214438,0.107219,-0.107219,0.00989193
5826,-0.214438,0.214438,0.107219,-0.107219,0.00989193
5827,-0.214438,0.214438,0.107219,-0.107219,0.00989193
5828,-0.214438,0.214438,0.107219,-0.107219,0.00989193
5829,-0.214438,0.214438,0.107219,-0.107219,0.00989193
5830,-0.214438,0.214438,0.107219,-0.107219,0.00989193
5831,-0.214438,0.214438,0.107219,-0.107219,0.00989193
5832,-0.214438,0.214438,0.107219,-0.107219,0.00989193
5833,-0.214438,0.214438,0.107219,-0.107219,0.00989193
5834,-0.214438,0.214438,0.107219,-0.107219,0.00989193
5835,-0.214438,0.214438,0.107219,-0.107219,0.00989193
5836,-0.214438,0.214438,0.107219,-0.107219,0.00989193
5837,-0.214438,0.214438,0.107219,-0.107219,0.00989193
5838,-0.214438,0.214438,0.107219,-0.107219,0.00989193
5839,-0.214438,0.214438,0.107219,-0.107219,0.00989193
5840,-0.214438,0.214438,0.107219,-0.107219,0.00989193
5841,-0.214438,0.214438,0.107219,-0.107219,0.00989193
5842,-0.214438,0.214438,0.107219,-0.107219,0.00989193
5843,-0.214438,0.214438,0.107219,-0.107219,0.00989193
5844,-0.214438,0.214438,0.107219,-0.107219,0.00989193
5845,-0.214438,0.214438,0.107219,-0.107219,0.00989193
5846,-0.214438,0.214438,0.107219,-0.107219,0.00989193
5847,-0.214438,0.214438,0.107219,-0.107219,0.00989193
5848,-0.214438,0.214438,0.107219,-0.107219,0.00989193
5849,-0.214438,0.214438,0.107219,-0.107219,0.00989193
5850,-0.214438,0.214438,0.107219,-0.107219,0.00989193
5851,-0.214438,0.214438,0.107219,-0.107219,0.00989193
5852,-0.214438,0.214438,0.107219,-0.107219,0.00989193
5853,-0.214438,0.214438,0.107219,-0.107219,0.00989193
5854,-0.214438,0.214438,0.107219,-0.107219,0.00989193
5855,-0.214438,0.214438,0.107219,-0.107219,0.00989193
5856,-0.214438,0.214438,0.107219,-0.107219,0.00989193
5857,-0.214438,0.214438,0.107219,-0.107219,0.00989193
5858,-0.214438,0.214438,0.107219,-0.107219,0.00989193
5859,-0.214438,0.214438,0.107219,-0.107219,0.00989193
5860,-0.214438,0.214438,0.107219,-0.107219,0.00989193
5861,-0.214438,0.214438,0.107219,-0.107219,0.00989193
5862,-0.214438,0.214438,0.107219,-0.107219,0.00989193
5863,-0.214438,0.214438,0.107219,-0.107219,0.00989193
5864,-0.214438,0.214438,0.107219,-0.107219,0.00989193
5865,-0.214438,0.214438,0.107219,-0.107219,0.00989193
5866,-0.214438,0.214438,0.107219,-0.107219,0.00989193
5867,-0.214438,0.214438,0.107219,-0.107219,0.00989193
5868,-0.214438,0.214438,0.107219,-0.107219,0.00989193
5869,-0.214438,0.214438,0.107219,-0.107219,0.00989193
5870,-0.214438,0.214438,0.107219,-0.107219,0.00989193
5871,-0.214438,0.214438,0.107219,-0.107219,0.00989193
5872,-0.214438,0.214438,0.107219,-0.107219,0.00989193
5873,-0.214438,0.214438,0.107219,-0.107219,0.00989193
5874,-0.214438,0.214438,0.107219,-0.107219,0.00989193
5875,-0.214438,0.214438,0.107219,-0.107219,0.00989193
5876,-0.214438,0.214438,0.107219,-0.107219,0.00989193
5877,-0.214438,0.214438,0.107219,-0.107219,0.00989193
5878,-0.214438,0.214438,0.107219,-0.107219,0.00989193
5879,-0.214438,0.214438,0.107219,-0.107219,0.00989193
5880,-0.214438,0.214438,0.107219,-0.107219,0.00989193
5881,-0.214438,0.214438,0.107219,-0.107219,0.00989193
5882,-0.214438,0.214438,0.107219,-0.107219,0.00989193
5883,-0.214438,0.214438,0.107219,-0.107219,0.00989193
5884,-0.214438,0.214438,0.107219,-0.107219,0.00989193
5885,-0.214438,0.214438,0.107219,-0.107219,0.00989193
5886,-0.214438,0.214438,0.107219,-0.107219,0.00989193
5887,-0.214438,0.214438,0.107219,-0.107219,0.00989193
5888,-0.214438,0.214438,0.107219,-0.107219,0.00989193
5889,-0.214438,0.214438,0.107219,-0.107219,0.00989193
5890,-0.214438,0.214438,0.107219,-0.107219,0.00989193
5891,-0.214438,0.214438,0.107219,-0.107219,0.00989193
5892,-0.214438,0.214438,0.107219,-0.107219,0.00989193
5893,-0.214438,0.214438,0.107219,-0.107219,0.00989193
5894,-0.214438,0.214438,0.107219,-0.107219,0.00989193
5895,-0.214438,0.214438,0.107219,-0.107219,0.00989193
5896,-0.214438,0.214438,0.107219,-0.107219,0.00989193
5897,-0.214438,0.214438,0.107219,-0.107219,0.00989193
5898,-0.214438,0.214438,0.107219,-0.107219,0.00989193
5899,-0.214438,0.214438,0.107219,-0.107219,0.00989193
5900,-0.214438,0.214438,0.107219,-0.107219,0.00989193
5901,-0.214438,0.214438,0.107219,-0.107219,0.00989193
5902,-0.214438,0.214438,0.107219,-0.107219,0.00989193
5903,-0.214438,0.214438,0.107219,-0.107219,0.00989193
5904,-0.214438,0.214438,0.107219,-0.107219,0.00989193
5905,-0.214438,0.214438,0.107219,-0.107219,0.00989193
5906,-0.214438,0.214438,0.107219,-0.107219,0.00989193
5907,-0.214438,0.214438,0.107219,-0.107219,0.00989193
5908,-0.214438,0.214438,0.107219,-0.107219,0.00989193
5909,-0.214438,0.214438,0.107219,-0.107219,0.00989193
5910,-0.214438,0.214438,0.107219,-0.107219,0.00989193
5911,-0.214438,0.214438,0.107219,-0.107219,0.00989193
5912,-0.214438,0.214438,0.107219,-0.107219,0.00989193
5913,-0.214438,0.214438,0.107219,-0.107219,0.00989193
5914,-0.214438,0.214438,0.107219,-0.107219,0.00989193
5915,-0.214438,0.214438,0.107219,-0.107219,0.00989193
5916,-0.214438,0.214438,0.107219,-0.107219,0.00989193
5917,-0.214438,0.214438,0.107219,-0.107219,0.00989193
5918,-0.214438,0.214438,0.107219,-0.107219,0.00989193
5919,-0.214438,0.214438,0.107219,-0.107219,0.00989193
5920,-0.214438,0.214438,0.107219,-0.107219,0.00989193
5921,-0.214438,0.214438,0.107219,-0.107219,0.00989193
5922,-0.214438,0.214438,0.107219,-0.107219,0.00989193
5923,-0.214438,0.214438,0.107219,-0.107219,0.00989193
5924,-0.214438,0.214438,0.107219,-0.107219,0.00989193
5925,-0.214438,0.214438,0.107219,-0.107219,0.00989193
5926,-0.214438,0.214438,0.107219,-0.107219,0.00989193
5927,-0.214438,0.214438,0.107219,-0.107219,0.00989193
5928,-0.214438,0.214438,0.107219,-0.107219,0.00989193
5929,-0.214438,0.214438,0.107219,-0.107219,0.00989193
5930,-0.214438,0.214438,0.107219,-0.107219,0.00989193
5931,-0.214438,0.214438,0.107219,-0.107219,0.00989193
5932,-0.214438,0.214438,0.107219,-0.107219,0.00989193
5933,-0.214438,0.214438,0.107219,-0.107219,0.00989193
5934,-0.214438,0.214438,0.107219,-0.107219,0.00989193
5935,-0.214438,0.214438,0.107219,-0.107219,0.00989193
5936,-0.214438,0.214438,0.107219,-0.107219,0.00989193
5937,-0.214438,0.214438,0.107219,-0.107219,0.00989193
5938,-0.214438,0.214438,0.107219,-0.107219,0.00989193
5939,-0.214438,0.214438,0.107219,-0.107219,0.00989193
5940,-0.214438,0.214438,0.107219,-0.107219,0.00989193
5941,-0.214438,0.214438,0.107219,-0.107219,0.00989193
5942,-0.214438,0.214438,0.107219,-0.107219,0.00989193
5943,-0.214438,0.214438,0.107219,-0.107219,0.00989193
5944,-0.214438,0.214438,0.107219,-0.107219,0.00989193
5945,-0.214438,0.214438,0.107219,-0.107219,0.00989193
5946,-0.214438,0.214438,0.107219,-0.107219,0.00989193
5947,-0.214438,0.214438,0.107219,-0.107219,0.00989193
5948,-0.214438,0.214438,0.107219,-0.107219,0.00989193
5949,-0.214438,0.214438,0.107219,-0.107219,0.00989193
5950,-0.214438,0.214438,0.107219,-0.107219,0.00989193
5951,-0.214438,0.214438,0.107219,-0.107219,0.00989193
5952,-0.214438,0.214438,0.107219,-0.107219,0.00989193
5953,-0.214438,0.214438,0.107219,-0.107219,0.00989193
5954,-0.214438,0.214438,0.107219,-0.107219,0.00989193
5955,-0.214438,0.214438,0.107219,-0.107219,0.00989193
5956,-0.214438,0.214438,0.107219,-0.107219,0.00989193
5957,-0.214438,0.214438,0.107219,-0.107219,0.00989193
5958,-0.214438,0.214438,0.107219,-0.107219,0.00989193
5959,-0.214438,0.214438,0.107219,-0.107219,0.00989193
5960,-0.214438,0.214438,0.107219,-0.107219,0.00989193
5961,-0.214438,0.214438,0.107219,-0.107219,0.00989193
5962,-0.214438,0.214438,0.107219,-0.107219,0.00989193
5963,-0.214438,0.214438,0.107219,-0.107219,0.00989193
5964,-0.214438,0.214438,0.107219,-0.107219,0.00989193
5965,-0.214438,0.214438,0.107219,-0.107219,0.00989193
5966,-0.214438,0.214438,0.107219,-0.107219,0.00989193
5967,-0.214438,0.214438,0.107219,-0.107219,0.00989193
5968,-0.214438,0.214438,0.107219,-0.107219,0.00989193
5969,-0.214438,0.214438,0.107219,-0.107219,0.00989193
5970,-0.214438,0.214438,0.107219,-0.107219,0.00989193
5971,-0.214438,0.214438,0.107219,-0.107219,0.00989193
5972,-0.214438,0.214438,0.107219,-0.107219,0.00989193
5973,-0.214438,0.214438,0.107219,-0.107219,0.00989193
5974,-0.214438,0.214438,0.107219,-0.107219,0.00989193
5975,-0.214438,0.214438,0.107219,-0.107219,0.00989193
5976,-0.214438,0.214438,0.107219,-0.107219,0.00989193
5977,-0.214438,0.214438,0.107219,-0.107219,0.00989193
5978,-0.214438,0.214438,0.107219,-0.107219,0.00989193
5979,-0.214438,0.214438,0.107219,-0.107219,0.00989193
5980,-0.214438,0.214438,0.107219,-0.107219,0.00989193
5981,-0.214438,0.214438,0.107219,-0.107219,0.00989193
5982,-0.214438,0.214438,0.107219,-0.107219,0.00989193
5983,-0.214438,0.214438,0.107219,-0.107219,0.00989193
5984,-0.214438,0.214438,0.107219,-0.107219,0.00989193
5985,-0.214438,0.214438,0.107219,-0.107219,0.00989193
5986,-0.214438,0.214438,0.107219,-0.107219,0.00989193
5987,-0.214438,0.214438,0.107219,-0.107219,0.00989193
5988,-0.214438,0.214438,0.107219,-0.107219,0.00989193
5989,-0.214438,0.214438,0.107219,-0.107219,0.00989193
5990,-0.214438,0.214438,0.107219,-0.107219,0.00989193
5991,-0.214438,0.214438,0.107219,-0.107219,0.00989193
5992,-0.214438,0.214438,0.107219,-0.107219,0.00989193
5993,-0.214438,0.214438,0.107219,-0.107219,0.00989193
5994,-0.214438,0.214438,0.107219,-0.107219,0.00989193
5995,-0.214438,0.214438,0.107219,-0.107219,0.00989193
5996,-0.214438,0.214438,0.107219,-0.107219,0.00989193
5997,-0.214438,0.214438,0.107219,-0.107219,0.00989193
5998,-0.214438,0.214438,0.107219,-0.107219,0.00989193
5999,-0.214438,0.214438,0.107219,-0.107219,0.00989193
6000,-0.214438,0.214438,0.107219,-0.107219,0.00989193
