time_ms,left_cmd_torque,right_cmd_torque,fl_vel,fr_vel,robot_vel
1,0,0,0,0,0
2,0,0,0,0,0
3,0,0,0,0,0
4,0,0,0,0,0
5,0,0,0,0,0
6,0,0,0,0,0
7,0,0,0,0,0
8,0,0,0,0,0
9,0,0,0,0,0
10,0,0,0,0,0
11,0,0,0,0,0
12,0,0,0,0,0
13,0,0,0,0,0
14,0,0,0,0,0
15,0,0,0,0,0
16,0,0,0,0,0
17,0,0,0,0,0
18,0,0,0,0,0
19,0,0,0,0,0
20,0,0,0,0,0
21,0,0,0,0,0
22,-0,-0,0,0,0
23,-0,-0,0,0,0
24,-0,-0,0,0,0
25,-0,-0,0,0,0
26,-0,-0,0,0,0
27,-0,-0,0,0,0
28,-0,-0,0,0,0
29,-0,-0,0,0,0
30,-0,-0,0,0,0
31,-0,-0,0,0,0
32,-0,-0,0,0,0
33,-0,-0,0,0,0
34,-0,-0,0,0,0
35,-0,-0,0,0,0
36,-0,-0,0,0,0
37,-0,-0,0,0,0
38,-0,-0,0,0,0
39,-0,-0,0,0,0
40,-0,-0,0,0,0
41,-0,-0,0,0,0
42,-0,-0,0,0,0
43,-0,-0,0,0,0
44,-0,-0,0,0,0
45,-0,-0,0,0,0
46,-0,-0,0,0,0
47,-0,-0,0,0,0
48,-0,-0,0,0,0
49,-0,-0,0,0,0
50,-0,-0,0,0,0
51,-0,-0,0,0,0
52,-0,-0,0,0,0
53,-0,-0,0,0,0
54,-0,-0,0,0,0
55,-0,-0,0,0,0
56,-0,-0,0,0,0
57,-0,-0,0,0,0
58,-0,-0,0,0,0
59,-0,-0,0,0,0
60,-0,-0,0,0,0
61,-0,-0,0,0,0
62,-0,-0,0,0,0
63,-0,-0,0,0,0
64,-0,-0,0,0,0
65,-0,-0,0,0,0
66,-0,-0,0,0,0
67,-0,-0,0,0,0
68,-0,-0,0,0,0
69,-0,-0,0,0,0
70,-0,-0,0,0,0
71,-0,-0,0,0,0
72,-0,-0,0,0,0
73,-0,-0,0,0,0
74,-0,-0,0,0,0
75,-0,-0,0,0,0
76,-0,-0,0,0,0
77,-0,-0,0,0,0
78,-0,-0,0,0,0
79,-0,-0,0,0,0
80,-0,-0,0,0,0
81,-0,-0,0,0,0
82,-0,-0,0,0,0
83,-0,-0,0,0,0
84,-0,-0,0,0,0
85,-0,-0,0,0,0
86,-0,-0,0,0,0
87,-0,-0,0,0,0
88,-0,-0,0,0,0
89,-0,-0,0,0,0
90,-0,-0,0,0,0
91,-0,-0,0,0,0
92,-0,-0,0,0,0
93,-0,-0,0,0,0
94,-0,-0,0,0,0
95,-0,-0,0,0,0
96,-0,-0,0,0,0
97,-0,-0,0,0,0
98,-0,-0,0,0,0
99,-0,-0,0,0,0
100,-0,-0,0,0,0
101,-0,-0,0,0,0
102,-0,-0,0,0,0
103,-0,-0,0,0,0
104,-0,-0,0,0,0
105,-0,-0,0,0,0
106,-0,-0,0,0,0
107,-0,-0,0,0,0
108,-0,-0,0,0,0
109,-0,-0,0,0,0
110,-0,-0,0,0,0
111,-0,-0,0,0,0
112,-0,-0,0,0,0
113,-0,-0,0,0,0
114,-0,-0,0,0,0
115,-0,-0,0,0,0
116,-0,-0,0,0,0
117,-0,-0,0,0,0
118,-0,-0,0,0,0
119,-0,-0,0,0,0
120,-0,-0,0,0,0
121,-0,-0,0,0,0
122,-0,-0,0,0,0
123,-0,-0,0,0,0
124,-0,-0,0,0,0
125,-0,-0,0,0,0
126,-0,-0,0,0,0
127,-0,-0,0,0,0
128,-0,-0,0,0,0
129,-0,-0,0,0,0
130,-0,-0,0,0,0
131,-0,-0,0,0,0
132,-0,-0,0,0,0
133,-0,-0,0,0,0
134,-0,-0,0,0,0
135,-0,-0,0,0,0
136,-0,-0,0,0,0
137,-0,-0,0,0,0
138,-0,-0,0,0,0
139,-0,-0,0,0,0
140,-0,-0,0,0,0
141,-0,-0,0,0,0
142,-0,-0,0,0,0
143,-0,-0,0,0,0
144,-0,-0,0,0,0
145,-0,-0,0,0,0
146,-0,-0,0,0,0
147,-0,-0,0,0,0
148,-0,-0,0,0,0
149,-0,-0,0,0,0
150,-0,-0,0,0,0
151,-0,-0,0,0,0
152,-0,-0,0,0,0
153,-0,-0,0,0,0
154,-0,-0,0,0,0
155,-0,-0,0,0,0
156,-0,-0,0,0,0
157,-0,-0,0,0,0
158,-0,-0,0,0,0
159,-0,-0,0,0,0
160,-0,-0.1008,0,0,0
161,-0,-0.1008,0,-0.00192837,0
162,-0,-0.1024,0,-0.00353605,0
163,-0,-0.1024,0,-0.00490697,0
164,0.1008,-0.104,0,-0.0060499,0
165,0.1008,-0.104,0.00192837,-0.00703336,0
166,0.1024,-0.1056,0.00353605,-0.00785326,0
167,0.1024,-0.1056,0.00490697,-0.00856742,0
168,0.104,-0.1072,0.0060499,-0.0091628,0
169,0.104,-0.1072,0.00703336,-0.00968977,0
170,0.1056,-0.1088,0.00785326,-0.0101291,0
171,0.1056,-0.1088,0.00856742,-0.010526,0
172,0.1072,-0.1104,0.0091628,-0.0108569,0
173,0.1072,-0.1104,0.00968977,-0.0111633,0
174,0.1088,-0.112,0.0101291,-0.0114188,0
175,0.1088,-0.112,0.010526,-0.0116624,0
176,0.1104,-0.1136,0.0108569,-0.0118655,0
177,0.1104,-0.1136,0.0111633,-0.0120654,0
178,0.112,-0.1152,0.0114188,-0.012232,0
179,0.112,-0.1152,0.0116624,-0.0124016,0
180,0.1136,-0.1168,0.0118655,-0.0125429,0
181,0.1136,-0.1168,0.0120654,-0.0126914,0
182,0.1152,-0.1184,0.012232,-0.0128151,0
183,0.1152,-0.1184,0.0124016,-0.0129489,0
184,0.1168,-0.12,0.0125429,-0.0130604,0
185,0.1168,-0.12,0.0126914,-0.013184,0
186,0.1184,-0.1216,0.0128151,-0.013287,0
187,0.1184,-0.1216,0.0129489,-0.0134035,0
188,0.12,-0.1232,0.0130604,-0.0135006,0
189,0.12,-0.1232,0.013184,-0.0136122,0
190,0.1216,-0.1248,0.013287,-0.0137052,0
191,0.1216,-0.1248,0.0134035,-0.0138134,0
192,0.1232,-0.1264,0.0135006,-0.0139035,0
193,0.1232,-0.1264,0.0136122,-0.0140093,0
194,0.1248,-0.128,0.0137052,-0.0140975,0
195,0.1248,-0.128,0.0138134,-0.0142016,0
196,0.1264,-0.1296,0.0139035,-0.0142884,0
197,0.1264,-0.1296,0.0140093,-0.0143913,0
198,0.128,-0.1312,0.0140975,-0.0144772,0
199,0.128,-0.1312,0.0142016,-0.0145793,0
200,0.1296,-0.1328,0.0142884,-0.0146645,0
201,0.1296,-0.1328,0.0143913,-0.0147661,0
202,0.1312,-0.1344,0.0144772,-0.0148508,0
203,0.1312,-0.1344,0.0145793,-0.014952,0
204,0.1328,-0.136,0.0146645,-0.0150364,0
205,0.1328,-0.136,0.0147661,-0.0151374,0
206,0.1344,-0.1376,0.0148508,-0.0152215,0
207,0.1344,-0.1376,0.014952,-0.0153223,0
208,0.136,-0.1392,0.0150364,-0.0154063,0
209,0.136,-0.1392,0.0151374,-0.0155069,0
210,0.1376,-0.1408,0.0152215,-0.0155908,0
211,0.1376,-0.1408,0.0153223,-0.0156914,0
212,0.1392,-0.1424,0.0154063,-0.0157752,0
213,0.1392,-0.1424,0.0155069,-0.0158756,0
214,0.1408,-0.144,0.0155908,-0.0159594,0
215,0.1408,-0.144,0.0156914,-0.0160598,0
216,0.1424,-0.1456,0.0157752,-0.0161436,0
217,0.1424,-0.1456,0.0158756,-0.016244,0
218,0.144,-0.1472,0.0159594,-0.0163277,0
219,0.144,-0.1472,0.0160598,-0.0164281,0
220,0.1456,-0.1488,0.0161436,-0.0165117,0
221,0.1456,-0.1488,0.016244,-0.0166121,0
222,0.1472,-0.1504,0.0163277,-0.0166958,0
223,0.1472,-0.1504,0.0164281,-0.0167961,0
224,0.1488,-0.152,0.0165117,-0.0168798,0
225,0.1488,-0.152,0.0166121,-0.0169802,0
226,0.1504,-0.1536,0.0166958,-0.0170638,0
227,0.1504,-0.1536,0.0167961,-0.0171642,0
228,0.152,-0.1552,0.0168798,-0.0172478,0
229,0.152,-0.1552,0.0169802,-0.0173481,0
230,0.1536,-0.1568,0.0170638,-0.0174318,0
231,0.1536,-0.1568,0.0171642,-0.0175321,0
232,0.1552,-0.1584,0.0172478,-0.0176158,0
233,0.1552,-0.1584,0.0173481,-0.0177161,0
234,0.1568,-0.16,0.0174318,-0.0177997,0
235,0.1568,-0.16,0.0175321,-0.0179001,0
236,0.1584,-0.1616,0.0176158,-0.0179837,0
237,0.1584,-0.1616,0.0177161,-0.018084,0
238,0.16,-0.1632,0.0177997,-0.0181677,0
239,0.16,-0.1632,0.0179001,-0.018268,0
240,0.1616,-0.1648,0.0179837,-0.0183517,0
241,0.1616,-0.1648,0.018084,-0.018452,0
242,0.1632,-0.1664,0.0181677,-0.0185356,0
243,0.1632,-0.1664,0.018268,-0.0186359,0
244,0.1648,-0.168,0.0183517,-0.0187196,0
245,0.1648,-0.168,0.018452,-0.0188199,0
246,0.1664,-0.1696,0.0185356,-0.0189035,0
247,0.1664,-0.1696,0.0186359,-0.0190039,0
248,0.168,-0.1712,0.0187196,-0.0190875,0
249,0.168,-0.1712,0.0188199,-0.0191878,0
250,0.1696,-0.1728,0.0189035,-0.0192715,0
251,0.1696,-0.1728,0.0190039,-0.0193718,0
252,0.1712,-0.1744,0.0190875,-0.0194554,0
253,0.1712,-0.1744,0.0191878,-0.0195557,0
254,0.1728,-0.176,0.0192715,-0.0196394,0
255,0.1728,-0.176,0.0193718,-0.0197397,0
256,0.1744,-0.1776,0.0194554,-0.0198233,0
257,0.1744,-0.1776,0.0195557,-0.0199236,0
258,0.176,-0.1792,0.0196394,-0.0200073,0
259,0.176,-0.1792,0.0197397,-0.0201076,0
260,0.1776,-0.1808,0.0198233,-0.0201912,0
261,0.1776,-0.1808,0.0199236,-0.0202915,0
262,0.1792,-0.1824,0.0200073,-0.0203752,0
263,0.1792,-0.1824,0.0201076,-0.0204755,0
264,0.1808,-0.184,0.0201912,-0.0205591,0
265,0.1808,-0.184,0.0202915,-0.0206594,0
266,0.1824,-0.1856,0.0203752,-0.0207431,0
267,0.1824,-0.1856,0.0204755,-0.0208434,0
268,0.184,-0.1872,0.0205591,-0.020927,0
269,0.184,-0.1872,0.0206594,-0.0210273,0
270,0.1856,-0.1888,0.0207431,-0.021111,0
271,0.1856,-0.1888,0.0208434,-0.0212113,0
272,0.1872,-0.1904,0.020927,-0.0212949,0
273,0.1872,-0.1904,0.0210273,-0.0213952,0
274,0.1888,-0.192,0.021111,-0.0214789,0
275,0.1888,-0.192,0.0212113,-0.0215792,0
276,0.1904,-0.1936,0.0212949,-0.0216628,0
277,0.1904,-0.1936,0.0213952,-0.0217631,0
278,0.192,-0.1952,0.0214789,-0.0218467,0
279,0.192,-0.1952,0.0215792,-0.021947,0
280,0.1936,-0.1968,0.0216628,-0.0220307,0
281,0.1936,-0.1968,0.0217631,-0.022131,0
282,0.1952,-0.1984,0.0218467,-0.0222146,0
283,0.1952,-0.1984,0.021947,-0.0223149,0
284,0.1968,-0.2,0.0220307,-0.0223985,0
285,0.1968,-0.2,0.022131,-0.0224988,0
286,0.1984,-0.2016,0.0222146,-0.0225825,0
287,0.1984,-0.2016,0.0223149,-0.0226828,0
288,0.2,-0.2032,0.0223985,-0.0227664,0
289,0.2,-0.2032,0.0224988,-0.0228667,0
290,0.2016,-0.2048,0.0225825,-0.0229503,0
291,0.2016,-0.2048,0.0226828,-0.0230506,0
292,0.2032,-0.2064,0.0227664,-0.0231343,0
293,0.2032,-0.2064,0.0228667,-0.0232346,0
294,0.2048,-0.208,0.0229503,-0.0233182,0
295,0.2048,-0.208,0.0230506,-0.0234185,0
296,0.2064,-0.2096,0.0231343,-0.0235021,0
297,0.2064,-0.2096,0.0232346,-0.0236024,0
298,0.208,-0.2112,0.0233182,-0.023686,0
299,0.208,-0.2112,0.0234185,-0.0237863,0
300,0.2096,-0.2128,0.0235021,-0.02387,0
301,0.2096,-0.2128,0.0236024,-0.0239703,0
302,0.2112,-0.2144,0.023686,-0.0240539,0
303,0.2112,-0.2144,0.0237863,-0.0241542,0
304,0.2128,-0.216,0.02387,-0.0242378,0
305,0.2128,-0.216,0.0239703,-0.0243381,0
306,0.2144,-0.2176,0.0240539,-0.0244217,0
307,0.2144,-0.2176,0.0241542,-0.024522,0
308,0.216,-0.2192,0.0242378,-0.0246057,0
309,0.216,-0.2192,0.0243381,-0.024706,0
310,0.2176,-0.2208,0.0244217,-0.0247896,0
311,0.2176,-0.2208,0.024522,-0.0248899,0
312,0.2192,-0.2224,0.0246057,-0.0249735,0
313,0.2192,-0.2224,0.024706,-0.0250738,0
314,0.2208,-0.224,0.0247896,-0.0251574,0
315,0.2208,-0.224,0.0248899,-0.0252577,0
316,0.2224,-0.2256,0.0249735,-0.0253413,0
317,0.2224,-0.2256,0.0250738,-0.0254416,0
318,0.224,-0.2272,0.0251574,-0.0255252,0
319,0.224,-0.2272,0.0252577,-0.0256255,0
320,0.2256,-0.2288,0.0253413,-0.0257091,0
321,0.2256,-0.2288,0.0254416,-0.0258094,0
322,0.2272,-0.2304,0.0255252,-0.025893,0
323,0.2272,-0.2304,0.0256255,-0.0259933,0
324,0.2288,-0.232,0.0257091,-0.026077,0
325,0.2288,-0.232,0.0258094,-0.0261772,0
326,0.2304,-0.2336,0.025893,-0.0262609,0
327,0.2304,-0.2336,0.0259933,-0.0263612,0
328,0.232,-0.2352,0.026077,-0.0264448,0
329,0.232,-0.2352,0.0261772,-0.0265451,0
330,0.2336,-0.2368,0.0262609,-0.0266287,0
331,0.2336,-0.2368,0.0263612,-0.026729,0
332,0.2352,-0.2384,0.0264448,-0.0268126,0
333,0.2352,-0.2384,0.0265451,-0.0269129,0
334,0.2368,-0.24,0.0266287,-0.0269965,0
335,0.2368,-0.24,0.026729,-0.0270968,0
336,0.2384,-0.2416,0.0268126,-0.0271804,0
337,0.2384,-0.2416,0.0269129,-0.0272807,0
338,0.24,-0.2432,0.0269965,-0.0273643,0
339,0.24,-0.2432,0.0270968,-0.0274646,0
340,0.2416,-0.2448,0.0271804,-0.0275482,0
341,0.2416,-0.2448,0.0272807,-0.0276485,0
342,0.2432,-0.2464,0.0273643,-0.0277321,0
343,0.2432,-0.2464,0.0274646,-0.0278323,0
344,0.2448,-0.248,0.0275482,-0.027916,0
345,0.2448,-0.248,0.0276485,-0.0280162,0
346,0.2464,-0.2496,0.0277321,-0.0280998,0
347,0.2464,-0.2496,0.0278323,-0.0282001,0
348,0.248,-0.2512,0.027916,-0.0282837,0
349,0.248,-0.2512,0.0280162,-0.028384,0
350,0.2496,-0.2528,0.0280998,-0.0284676,0
351,0.2496,-0.2528,0.0282001,-0.0285679,0
352,0.2512,-0.2544,0.0282837,-0.0286515,0
353,0.2512,-0.2544,0.028384,-0.0287518,0
354,0.2528,-0.256,0.0284676,-0.0288354,0
355,0.2528,-0.256,0.0285679,-0.0289357,0
356,0.2544,-0.2576,0.0286515,-0.0290193,0
357,0.2544,-0.2576,0.0287518,-0.0291196,0
358,0.256,-0.2592,0.0288354,-0.0292032,0
359,0.256,-0.2592,0.0289357,-0.0293035,0
360,0.2576,-0.2608,0.0290193,-0.0293871,0
361,0.2576,-0.2608,0.0291196,-0.0294873,0
362,0.2592,-0.2624,0.0292032,-0.0295709,0
363,0.2592,-0.2624,0.0293035,-0.0296712,0
364,0.2608,-0.264,0.0293871,-0.0297548,0
365,0.2608,-0.264,0.0294873,-0.0298551,0
366,0.2624,-0.2656,0.0295709,-0.0299387,0
367,0.2624,-0.2656,0.0296712,-0.030039,0
368,0.264,-0.2672,0.0297548,-0.0301226,0
369,0.264,-0.2672,0.0298551,-0.0302229,0
370,0.2656,-0.2688,0.0299387,-0.0303065,0
371,0.2656,-0.2688,0.030039,-0.0304067,0
372,0.2672,-0.2704,0.0301226,-0.0304903,0
373,0.2672,-0.2704,0.0302229,-0.0305906,0
374,0.2688,-0.272,0.0303065,-0.0306742,0
375,0.2688,-0.272,0.0304067,-0.0307745,0
376,0.2704,-0.2736,0.0304903,-0.0308581,0
377,0.2704,-0.2736,0.0305906,-0.0309584,0
378,0.272,-0.2752,0.0306742,-0.031042,0
379,0.272,-0.2752,0.0307745,-0.0311422,0
380,0.2736,-0.2768,0.0308581,-0.0312258,0
381,0.2736,-0.2768,0.0309584,-0.0313261,0
382,0.2752,-0.2784,0.031042,-0.0314097,0
383,0.2752,-0.2784,0.0311422,-0.03151,0
384,0.2768,-0.28,0.0312258,-0.0315936,0
385,0.2768,-0.28,0.0313261,-0.0316938,0
386,0.2784,-0.2816,0.0314097,-0.0317774,0
387,0.2784,-0.2816,0.03151,-0.0318777,0
388,0.28,-0.2832,0.0315936,-0.0319613,0
389,0.28,-0.2832,0.0316938,-0.0320616,0
390,0.2816,-0.2848,0.0317774,-0.0321451,0
391,0.2816,-0.2848,0.0318777,-0.0322454,0
392,0.2832,-0.2864,0.0319613,-0.032329,0
393,0.2832,-0.2864,0.0320616,-0.0324293,0
394,0.2848,-0.288,0.0321451,-0.0325129,0
395,0.2848,-0.288,0.0322454,-0.0326131,0
396,0.2864,-0.2896,0.032329,-0.0326967,0
397,0.2864,-0.2896,0.0324293,-0.032797,0
398,0.288,-0.2912,0.0325129,-0.0328806,0
399,0.288,-0.2912,0.0326131,-0.0329809,0
400,0.2896,-0.2928,0.0326967,-0.0330644,0
401,0.2896,-0.2928,0.032797,-0.0331647,0
402,0.2912,-0.2944,0.0328806,-0.0332483,0
403,0.2912,-0.2944,0.0329809,-0.0333486,0
404,0.2928,-0.296,0.0330644,-0.0334322,0
405,0.2928,-0.296,0.0331647,-0.0335324,0
406,0.2944,-0.2976,0.0332483,-0.033616,0
407,0.2944,-0.2976,0.0333486,-0.0337163,0
408,0.296,-0.2992,0.0334322,-0.0337999,0
409,0.296,-0.2992,0.0335324,-0.0339001,0
410,0.2976,-0.3008,0.033616,-0.0339837,0
411,0.2976,-0.3008,0.0337163,-0.034084,0
412,0.2992,-0.3024,0.0337999,-0.0341676,0
413,0.2992,-0.3024,0.0339001,-0.0342678,0
414,0.3008,-0.304,0.0339837,-0.0343514,0
415,0.3008,-0.304,0.034084,-0.0344517,0
416,0.3024,-0.3056,0.0341676,-0.0345352,0
417,0.3024,-0.3056,0.0342678,-0.0346355,0
418,0.304,-0.3072,0.0343514,-0.0347191,0
419,0.304,-0.3072,0.0344517,-0.0348193,0
420,0.3056,-0.3088,0.0345352,-0.0349029,0
421,0.3056,-0.3088,0.0346355,-0.0350032,0
422,0.3072,-0.3104,0.0347191,-0.0350868,0
423,0.3072,-0.3104,0.0348193,-0.035187,0
424,0.3088,-0.312,0.0349029,-0.0352706,0
425,0.3088,-0.312,0.0350032,-0.0353709,0
426,0.3104,-0.3136,0.0350868,-0.0354545,0
427,0.3104,-0.3136,0.035187,-0.0355547,0
428,0.312,-0.3152,0.0352706,-0.0356383,0
429,0.312,-0.3152,0.0353709,-0.0357386,0
430,0.3136,-0.3168,0.0354545,-0.0358221,0
431,0.3136,-0.3168,0.0355547,-0.0359224,0
432,0.3152,-0.3184,0.0356383,-0.036006,0
433,0.3152,-0.3184,0.0357386,-0.0361062,0
434,0.3168,-0.32,0.0358221,-0.0361898,0
435,0.3168,-0.32,0.0359224,-0.03629,0
436,0.3184,-0.3216,0.036006,-0.0363736,0
437,0.3184,-0.3216,0.0361062,-0.0364739,0
438,0.32,-0.3232,0.0361898,-0.0365575,0
439,0.32,-0.3232,0.03629,-0.0366577,0
440,0.3216,-0.3248,0.0363736,-0.0367413,0
441,0.3216,-0.3248,0.0364739,-0.0368415,0
442,0.3232,-0.3264,0.0365575,-0.0369251,0
443,0.3232,-0.3264,0.0366577,-0.0370254,0
444,0.3248,-0.328,0.0367413,-0.0371089,0
445,0.3248,-0.328,0.0368415,-0.0372092,0
446,0.3264,-0.3296,0.0369251,-0.0372928,0
447,0.3264,-0.3296,0.0370254,-0.037393,0
448,0.328,-0.3312,0.0371089,-0.0374766,0
449,0.328,-0.3312,0.0372092,-0.0375768,0
450,0.3296,-0.3328,0.0372928,-0.0376604,0
451,0.3296,-0.3328,0.037393,-0.0377607,0
452,0.3312,-0.3344,0.0374766,-0.0378442,0
453,0.3312,-0.3344,0.0375768,-0.0379445,0
454,0.3328,-0.336,0.0376604,-0.0380281,0
455,0.3328,-0.336,0.0377607,-0.0381283,0
456,0.3344,-0.3376,0.0378442,-0.0382119,0
457,0.3344,-0.3376,0.0379445,-0.0383121,0
458,0.336,-0.3392,0.0380281,-0.0383957,0
459,0.336,-0.3392,0.0381283,-0.0384959,0
460,0.3376,-0.3408,0.0382119,-0.0385795,0
461,0.3376,-0.3408,0.0383121,-0.0386797,0
462,0.3392,-0.3424,0.0383957,-0.0387633,0
463,0.3392,-0.3424,0.0384959,-0.0388636,0
464,0.3408,-0.344,0.0385795,-0.0389471,0
465,0.3408,-0.344,0.0386797,-0.0390474,0
466,0.3424,-0.3456,0.0387633,-0.0391309,0
467,0.3424,-0.3456,0.0388636,-0.0392312,0
468,0.344,-0.3472,0.0389471,-0.0393148,0
469,0.344,-0.3472,0.0390474,-0.039415,0
470,0.3456,-0.3488,0.0391309,-0.0394986,0
471,0.3456,-0.3488,0.0392312,-0.0395988,0
472,0.3472,-0.3504,0.0393148,-0.0396824,0
473,0.3472,-0.3504,0.039415,-0.0397826,0
474,0.3488,-0.352,0.0394986,-0.0398662,0
475,0.3488,-0.352,0.0395988,-0.0399664,0
476,0.3504,-0.3536,0.0396824,-0.04005,0
477,0.3504,-0.3536,0.0397826,-0.0401502,0
478,0.352,-0.3552,0.0398662,-0.0402338,0
479,0.352,-0.3552,0.0399664,-0.040334,0
480,0.3536,-0.3568,0.04005,-0.0404176,0
481,0.3536,-0.3568,0.0401502,-0.0405178,0
482,0.3552,-0.3584,0.0402338,-0.0406014,0
483,0.3552,-0.3584,0.040334,-0.0407016,0
484,0.3568,-0.36,0.0404176,-0.0407852,0
485,0.3568,-0.36,0.0405178,-0.0408854,0
486,0.3584,-0.3616,0.0406014,-0.040969,0
487,0.3584,-0.3616,0.0407016,-0.0410692,0
488,0.36,-0.3632,0.0407852,-0.0411528,0
489,0.36,-0.3632,0.0408854,-0.041253,0
490,0.3616,-0.3648,0.040969,-0.0413366,0
491,0.3616,-0.3648,0.0410692,-0.0414368,0
492,0.3632,-0.3664,0.0411528,-0.0415204,0
493,0.3632,-0.3664,0.041253,-0.0416206,0
494,0.3648,-0.368,0.0413366,-0.0417042,0
495,0.3648,-0.368,0.0414368,-0.0418044,0
496,0.3664,-0.3696,0.0415204,-0.041888,0
497,0.3664,-0.3696,0.0416206,-0.0419882,0
498,0.368,-0.3712,0.0417042,-0.0420718,0
499,0.368,-0.3712,0.0418044,-0.042172,0
500,0.3696,-0.3728,0.041888,-0.0422555,0
501,0.3696,-0.3728,0.0419882,-0.0423558,0
502,0.3712,-0.3744,0.0420718,-0.0424393,0
503,0.3712,-0.3744,0.042172,-0.0425396,0
504,0.3728,-0.376,0.0422555,-0.0426231,0
505,0.3728,-0.376,0.0423558,-0.0427233,0
506,0.3744,-0.3776,0.0424393,-0.0428069,0
507,0.3744,-0.3776,0.0425396,-0.0429071,0
508,0.376,-0.3792,0.0426231,-0.0429907,0
509,0.376,-0.3792,0.0427233,-0.0430909,0
510,0.3776,-0.3808,0.0428069,-0.0431745,0
511,0.3776,-0.3808,0.0429071,-0.0432747,0
512,0.3792,-0.382399,0.0429907,-0.0433582,0
513,0.3792,-0.382399,0.0430909,-0.0434585,0
514,0.3808,-0.383999,0.0431745,-0.043542,0
515,0.3808,-0.383999,0.0432747,-0.0436422,0
516,0.382399,-0.385599,0.0433582,-0.0437258,0
517,0.382399,-0.385599,0.0434585,-0.043826,0
518,0.383999,-0.387199,0.043542,-0.0439096,0
519,0.383999,-0.387199,0.0436422,-0.0440098,0
520,0.385599,-0.388799,0.0437258,-0.0440934,0
521,0.385599,-0.388799,0.043826,-0.0441936,0
522,0.387199,-0.390399,0.0439096,-0.0442771,0
523,0.387199,-0.390399,0.0440098,-0.0443774,0
524,0.388799,-0.391999,0.0440934,-0.0444609,0
525,0.388799,-0.391999,0.0441936,-0.0445611,0
526,0.390399,-0.393599,0.0442771,-0.0446447,0
527,0.390399,-0.393599,0.0443774,-0.0447449,0
528,0.391999,-0.395199,0.0444609,-0.0448284,0
529,0.391999,-0.395199,0.0445611,-0.0449287,0
530,0.393599,-0.396799,0.0446447,-0.0450122,0
531,0.393599,-0.396799,0.0447449,-0.0451124,0
532,0.395199,-0.398399,0.0448284,-0.045196,0
533,0.395199,-0.398399,0.0449287,-0.0452962,0
534,0.396799,-0.399999,0.0450122,-0.0453797,0
535,0.396799,-0.399999,0.0451124,-0.04548,0
536,0.398399,-0.401599,0.045196,-0.0455635,0
537,0.398399,-0.401599,0.0452962,-0.0456637,0
538,0.399999,-0.403199,0.0453797,-0.0457473,0
539,0.399999,-0.403199,0.04548,-0.0458475,0
540,0.401599,-0.404799,0.0455635,-0.045931,0
541,0.401599,-0.404799,0.0456637,-0.0460313,0
542,0.403199,-0.406399,0.0457473,-0.0461148,0
543,0.403199,-0.406399,0.0458475,-0.046215,0
544,0.404799,-0.407999,0.045931,-0.0462986,0
545,0.404799,-0.407999,0.0460313,-0.0463988,0
546,0.406399,-0.409599,0.0461148,-0.0464823,0
547,0.406399,-0.409599,0.046215,-0.0465825,0
548,0.407999,-0.411199,0.0462986,-0.0466661,0
549,0.407999,-0.411199,0.0463988,-0.0467663,0
550,0.409599,-0.412799,0.0464823,-0.0468498,0
551,0.409599,-0.412799,0.0465825,-0.04695,0
552,0.411199,-0.414399,0.0466661,-0.0470336,0
553,0.411199,-0.414399,0.0467663,-0.0471338,0
554,0.412799,-0.415999,0.0468498,-0.0472173,0
555,0.412799,-0.415999,0.04695,-0.0473175,0
556,0.414399,-0.417599,0.0470336,-0.0474011,0
557,0.414399,-0.417599,0.0471338,-0.0475013,0
558,0.415999,-0.419199,0.0472173,-0.0475848,0
559,0.415999,-0.419199,0.0473175,-0.047685,0
560,0.417599,-0.420799,0.0474011,-0.0477686,0
561,0.417599,-0.420799,0.0475013,-0.0478688,0
562,0.419199,-0.422399,0.0475848,-0.0479523,0
563,0.419199,-0.422399,0.047685,-0.0480525,0
564,0.420799,-0.423999,0.0477686,-0.0481361,0
565,0.420799,-0.423999,0.0478688,-0.0482363,0
566,0.422399,-0.425599,0.0479523,-0.0483198,0
567,0.422399,-0.425599,0.0480525,-0.04842,0
568,0.423999,-0.427199,0.0481361,-0.0485036,0
569,0.423999,-0.427199,0.0482363,-0.0486038,0
570,0.425599,-0.428799,0.0483198,-0.0486873,0
571,0.425599,-0.428799,0.04842,-0.0487875,0
572,0.427199,-0.430399,0.0485036,-0.048871,0
573,0.427199,-0.430399,0.0486038,-0.0489712,0
574,0.428799,-0.431999,0.0486873,-0.0490548,0
575,0.428799,-0.431999,0.0487875,-0.049155,0
576,0.430399,-0.433599,0.048871,-0.0492385,0
577,0.430399,-0.433599,0.0489712,-0.0493387,0
578,0.431999,-0.435199,0.0490548,-0.0494222,0
579,0.431999,-0.435199,0.049155,-0.0495224,0
580,0.433599,-0.436799,0.0492385,-0.049606,0
581,0.433599,-0.436799,0.0493387,-0.0497062,0
582,0.435199,-0.438399,0.0494222,-0.0497897,0
583,0.435199,-0.438399,0.0495224,-0.0498899,0
584,0.436799,-0.439999,0.049606,-0.0499734,0
585,0.436799,-0.439999,0.0497062,-0.0500736,0
586,0.438399,-0.441599,0.0497897,-0.0501572,0
587,0.438399,-0.441599,0.0498899,-0.0502574,0
588,0.439999,-0.443199,0.0499734,-0.0503409,0
589,0.439999,-0.443199,0.0500736,-0.0504411,0
590,0.441599,-0.444799,0.0501572,-0.0505246,0
591,0.441599,-0.444799,0.0502574,-0.0506248,0
592,0.443199,-0.446399,0.0503409,-0.0507084,0
593,0.443199,-0.446399,0.0504411,-0.0508086,0
594,0.444799,-0.447999,0.0505246,-0.0508921,0
595,0.444799,-0.447999,0.0506248,-0.0509923,0
596,0.446399,-0.449599,0.0507084,-0.0510758,0
597,0.446399,-0.449599,0.0508086,-0.051176,0
598,0.447999,-0.451199,0.0508921,-0.0512595,0
599,0.447999,-0.451199,0.0509923,-0.0513597,0
600,0.449599,-0.452799,0.0510758,-0.0514432,0
601,0.449599,-0.452799,0.051176,-0.0515434,0
602,0.451199,-0.454399,0.0512595,-0.051627,0
603,0.451199,-0.454399,0.0513597,-0.0517272,0
604,0.452799,-0.455999,0.0514432,-0.0518107,0
605,0.452799,-0.455999,0.0515434,-0.0519109,0
606,0.454399,-0.457599,0.051627,-0.0519944,0
607,0.454399,-0.457599,0.0517272,-0.0520946,0
608,0.455999,-0.459199,0.0518107,-0.0521781,0
609,0.455999,-0.459199,0.0519109,-0.0522783,0
610,0.457599,-0.460799,0.0519944,-0.0523618,0
611,0.457599,-0.460799,0.0520946,-0.052462,0
612,0.459199,-0.462399,0.0521781,-0.0525455,0
613,0.459199,-0.462399,0.0522783,-0.0526457,0
614,0.460799,-0.463999,0.0523618,-0.0527293,0
615,0.460799,-0.463999,0.052462,-0.0528295,0
616,0.462399,-0.465599,0.0525455,-0.052913,0
617,0.462399,-0.465599,0.0526457,-0.0530132,0
618,0.463999,-0.467199,0.0527293,-0.0530967,0
619,0.463999,-0.467199,0.0528295,-0.0531969,0
620,0.465599,-0.468799,0.052913,-0.0532804,0
621,0.465599,-0.468799,0.0530132,-0.0533806,0
622,0.467199,-0.470399,0.0530967,-0.0534641,0
623,0.467199,-0.470399,0.0531969,-0.0535643,0
624,0.468799,-0.471999,0.0532804,-0.0536478,0
625,0.468799,-0.471999,0.0533806,-0.053748,0
626,0.470399,-0.473599,0.0534641,-0.0538315,0
627,0.470399,-0.473599,0.0535643,-0.0539317,0
628,0.471999,-0.475199,0.0536478,-0.0540152,0
629,0.471999,-0.475199,0.053748,-0.0541154,0
630,0.473599,-0.476799,0.0538315,-0.0541989,0
631,0.473599,-0.476799,0.0539317,-0.0542991,0
632,0.475199,-0.478399,0.0540152,-0.0543826,0
633,0.475199,-0.478399,0.0541154,-0.0544828,0
634,0.476799,-0.479999,0.0541989,-0.0545663,0
635,0.476799,-0.479999,0.0542991,-0.0546665,0
636,0.478399,-0.481599,0.0543826,-0.05475,0
637,0.478399,-0.481599,0.0544828,-0.0548502,0
638,0.479999,-0.483199,0.0545663,-0.0549337,0
639,0.479999,-0.483199,0.0546665,-0.0550339,0
640,0.481599,-0.484799,0.05475,-0.0551174,0
641,0.481599,-0.484799,0.0548502,-0.0552176,0
642,0.483199,-0.486399,0.0549337,-0.0553011,0
643,0.483199,-0.486399,0.0550339,-0.0554013,0
644,0.484799,-0.487999,0.0551174,-0.0554848,0
645,0.484799,-0.487999,0.0552176,-0.055585,0
646,0.486399,-0.489599,0.0553011,-0.0556685,0
647,0.486399,-0.489599,0.0554013,-0.0557686,0
648,0.487999,-0.491199,0.0554848,-0.0558522,0
649,0.487999,-0.491199,0.055585,-0.0559523,0
650,0.489599,-0.492799,0.0556685,-0.0560358,0
651,0.489599,-0.492799,0.0557686,-0.056136,0
652,0.491199,-0.494399,0.0558522,-0.0562195,0
653,0.491199,-0.494399,0.0559523,-0.0563197,0
654,0.492799,-0.495999,0.0560358,-0.0564032,0
655,0.492799,-0.495999,0.056136,-0.0565034,0
656,0.494399,-0.497599,0.0562195,-0.0565869,0
657,0.494399,-0.497599,0.0563197,-0.0566871,0
658,0.495999,-0.499199,0.0564032,-0.0567706,0
659,0.495999,-0.499199,0.0565034,-0.0568708,0
660,0.497599,-0.500799,0.0565869,-0.0569543,0
661,0.497599,-0.500799,0.0566871,-0.0570544,0
662,0.499199,-0.502399,0.0567706,-0.0571379,0
663,0.499199,-0.502399,0.0568708,-0.0572381,0
664,0.500799,-0.503999,0.0569543,-0.0573216,0
665,0.500799,-0.503999,0.0570544,-0.0574218,0
666,0.502399,-0.505599,0.0571379,-0.0575053,0
667,0.502399,-0.505599,0.0572381,-0.0576055,0
668,0.503999,-0.507199,0.0573216,-0.057689,0
669,0.503999,-0.507199,0.0574218,-0.0577891,0
670,0.505599,-0.508799,0.0575053,-0.0578726,0
671,0.505599,-0.508799,0.0576055,-0.0579728,0
672,0.507199,-0.510399,0.057689,-0.0580563,0
673,0.507199,-0.510399,0.0577891,-0.0581565,0
674,0.508799,-0.511999,0.0578726,-0.05824,0
675,0.508799,-0.511999,0.0579728,-0.0583402,0
676,0.510399,-0.5136,0.0580563,-0.0584237,0
677,0.510399,-0.5136,0.0581565,-0.0585238,0
678,0.511999,-0.5152,0.05824,-0.0586073,0
679,0.511999,-0.5152,0.0583402,-0.0587075,0
680,0.5136,-0.5168,0.0584237,-0.058791,0
681,0.5136,-0.5168,0.0585238,-0.0588912,0
682,0.5152,-0.5184,0.0586073,-0.0589747,0
683,0.5152,-0.5184,0.0587075,-0.0590748,0
684,0.5168,-0.52,0.058791,-0.0591583,0
685,0.5168,-0.52,0.0588912,-0.0592585,0
686,0.5184,-0.5216,0.0589747,-0.059342,0
687,0.5184,-0.5216,0.0590748,-0.0594422,0
688,0.52,-0.5232,0.0591583,-0.0595257,0
689,0.52,-0.5232,0.0592585,-0.0596258,0
690,0.5216,-0.5248,0.059342,-0.0597093,0
691,0.5216,-0.5248,0.0594422,-0.0598095,0
692,0.5232,-0.5264,0.0595257,-0.059893,0
693,0.5232,-0.5264,0.0596258,-0.0599932,0
694,0.5248,-0.528,0.0597093,-0.0600767,0
695,0.5248,-0.528,0.0598095,-0.0601768,0
696,0.5264,-0.5296,0.059893,-0.0602603,0
697,0.5264,-0.5296,0.0599932,-0.0603605,0
698,0.528,-0.5312,0.0600767,-0.060444,0
699,0.528,-0.5312,0.0601768,-0.0605441,0
700,0.5296,-0.5328,0.0602603,-0.0606276,0
701,0.5296,-0.5328,0.0603605,-0.0607278,0
702,0.5312,-0.5344,0.060444,-0.0608113,0
703,0.5312,-0.5344,0.0605441,-0.0609115,0
704,0.5328,-0.536,0.0606276,-0.0609949,0
705,0.5328,-0.536,0.0607278,-0.0610951,0
706,0.5344,-0.5376,0.0608113,-0.0611786,0
707,0.5344,-0.5376,0.0609115,-0.0612788,0
708,0.536,-0.5392,0.0609949,-0.0613623,0
709,0.536,-0.5392,0.0610951,-0.0614624,0
710,0.5376,-0.5408,0.0611786,-0.0615459,0
711,0.5376,-0.5408,0.0612788,-0.0616461,0
712,0.5392,-0.5424,0.0613623,-0.0617296,0
713,0.5392,-0.5424,0.0614624,-0.0618297,0
714,0.5408,-0.544,0.0615459,-0.0619132,0
715,0.5408,-0.544,0.0616461,-0.0620134,0
716,0.5424,-0.5456,0.0617296,-0.0620969,0
717,0.5424,-0.5456,0.0618297,-0.062197,0
718,0.544,-0.5472,0.0619132,-0.0622805,0
719,0.544,-0.5472,0.0620134,-0.0623807,0
720,0.5456,-0.5488,0.0620969,-0.0624641,0
721,0.5456,-0.5488,0.062197,-0.0625643,0
722,0.5472,-0.5504,0.0622805,-0.0626478,0
723,0.5472,-0.5504,0.0623807,-0.0627479,0
724,0.5488,-0.552,0.0624641,-0.0628314,0
725,0.5488,-0.552,0.0625643,-0.0629316,0
726,0.5504,-0.5536,0.0626478,-0.0630151,0
727,0.5504,-0.5536,0.0627479,-0.0631152,0
728,0.552,-0.5552,0.0628314,-0.0631987,0
729,0.552,-0.5552,0.0629316,-0.0632989,0
730,0.5536,-0.5568,0.0630151,-0.0633823,0
731,0.5536,-0.5568,0.0631152,-0.0634825,0
732,0.5552,-0.5584,0.0631987,-0.063566,0
733,0.5552,-0.5584,0.0632989,-0.0636661,0
734,0.5568,-0.56,0.0633823,-0.0637496,0
735,0.5568,-0.56,0.0634825,-0.0638498,0
736,0.5584,-0.5616,0.063566,-0.0639332,0
737,0.5584,-0.5616,0.0636661,-0.0640334,0
738,0.56,-0.5632,0.0637496,-0.0641169,0
739,0.56,-0.5632,0.0638498,-0.064217,0
740,0.5616,-0.5648,0.0639332,-0.0643005,0
741,0.5616,-0.5648,0.0640334,-0.0644006,0
742,0.5632,-0.5664,0.0641169,-0.0644841,0
743,0.5632,-0.5664,0.064217,-0.0645843,0
744,0.5648,-0.568,0.0643005,-0.0646677,0
745,0.5648,-0.568,0.0644006,-0.0647679,0
746,0.5664,-0.5696,0.0644841,-0.0648514,0
747,0.5664,-0.5696,0.0645843,-0.0649515,0
748,0.568,-0.5712,0.0646677,-0.065035,0
749,0.568,-0.5712,0.0647679,-0.0651351,0
750,0.5696,-0.572801,0.0648514,-0.0652186,0
751,0.5696,-0.572801,0.0649515,-0.0653188,0
752,0.5712,-0.574401,0.065035,-0.0654022,0
753,0.5712,-0.574401,0.0651351,-0.0655024,0
754,0.572801,-0.576001,0.0652186,-0.0655859,0
755,0.572801,-0.576001,0.0653188,-0.065686,0
756,0.574401,-0.577601,0.0654022,-0.0657695,0
757,0.574401,-0.577601,0.0655024,-0.0658696,0
758,0.576001,-0.579201,0.0655859,-0.0659531,0
759,0.576001,-0.579201,0.065686,-0.0660532,0
760,0.577601,-0.580801,0.0657695,-0.0661367,0
761,0.577601,-0.580801,0.0658696,-0.0662369,0
762,0.579201,-0.582401,0.0659531,-0.0663203,0
763,0.579201,-0.582401,0.0660532,-0.0664205,0
764,0.580801,-0.584001,0.0661367,-0.066504,0
765,0.580801,-0.584001,0.0662369,-0.0666041,0
766,0.582401,-0.585601,0.0663203,-0.0666876,0
767,0.582401,-0.585601,0.0664205,-0.0667877,0
768,0.584001,-0.587201,0.066504,-0.0668712,0
769,0.584001,-0.587201,0.0666041,-0.0669713,0
770,0.585601,-0.588801,0.0666876,-0.0670548,0
771,0.585601,-0.588801,0.0667877,-0.0671549,0
772,0.587201,-0.590401,0.0668712,-0.0672384,0
773,0.587201,-0.590401,0.0669713,-0.0673385,0
774,0.588801,-0.592001,0.0670548,-0.067422,0
775,0.588801,-0.592001,0.0671549,-0.0675221,0
776,0.590401,-0.593601,0.0672384,-0.0676056,0
777,0.590401,-0.593601,0.0673385,-0.0677057,0
778,0.592001,-0.595201,0.067422,-0.0677892,0
779,0.592001,-0.595201,0.0675221,-0.0678893,0
780,0.593601,-0.596801,0.0676056,-0.0679728,0
781,0.593601,-0.596801,0.0677057,-0.0680729,0
782,0.595201,-0.598401,0.0677892,-0.0681564,0
783,0.595201,-0.598401,0.0678893,-0.0682565,0
784,0.596801,-0.600001,0.0679728,-0.06834,0
785,0.596801,-0.600001,0.0680729,-0.0684401,0
786,0.598401,-0.601601,0.0681564,-0.0685236,0
787,0.598401,-0.601601,0.0682565,-0.0686237,0
788,0.600001,-0.603201,0.06834,-0.0687072,0
789,0.600001,-0.603201,0.0684401,-0.0688073,0
790,0.601601,-0.604801,0.0685236,-0.0688908,0
791,0.601601,-0.604801,0.0686237,-0.0689909,0
792,0.603201,-0.606401,0.0687072,-0.0690744,0
793,0.603201,-0.606401,0.0688073,-0.0691745,0
794,0.604801,-0.608001,0.0688908,-0.069258,0
795,0.604801,-0.608001,0.0689909,-0.0693581,0
796,0.606401,-0.609601,0.0690744,-0.0694416,0
797,0.606401,-0.609601,0.0691745,-0.0695417,0
798,0.608001,-0.611201,0.069258,-0.0696252,0
799,0.608001,-0.611201,0.0693581,-0.0697253,0
800,0.609601,-0.612801,0.0694416,-0.0698088,0
801,0.609601,-0.612801,0.0695417,-0.0699089,0
802,0.611201,-0.614401,0.0696252,-0.0699924,0
803,0.611201,-0.614401,0.0697253,-0.0700925,0
804,0.612801,-0.616001,0.0698088,-0.070176,0
805,0.612801,-0.616001,0.0699089,-0.0702761,0
806,0.614401,-0.617601,0.0699924,-0.0703595,0
807,0.614401,-0.617601,0.0700925,-0.0704597,0
808,0.616001,-0.619201,0.070176,-0.0705431,0
809,0.616001,-0.619201,0.0702761,-0.0706432,0
810,0.617601,-0.620801,0.0703595,-0.0707267,0
811,0.617601,-0.620801,0.0704597,-0.0708268,0
812,0.619201,-0.622401,0.0705431,-0.0709103,0
813,0.619201,-0.622401,0.0706432,-0.0710104,0
814,0.620801,-0.624001,0.0707267,-0.0710939,0
815,0.620801,-0.624001,0.0708268,-0.071194,0
816,0.622401,-0.625601,0.0709103,-0.0712774,0
817,0.622401,-0.625601,0.0710104,-0.0713776,0
818,0.624001,-0.627201,0.0710939,-0.071461,0
819,0.624001,-0.627201,0.071194,-0.0715611,0
820,0.625601,-0.628801,0.0712774,-0.0716446,0
821,0.625601,-0.628801,0.0713776,-0.0717447,0
822,0.627201,-0.630401,0.071461,-0.0718282,0
823,0.627201,-0.630401,0.0715611,-0.0719283,0
824,0.628801,-0.632002,0.0716446,-0.0720117,0
825,0.628801,-0.632002,0.0717447,-0.0721119,0
826,0.630401,-0.633602,0.0718282,-0.0721953,0
827,0.630401,-0.633602,0.0719283,-0.0722954,0
828,0.632002,-0.635202,0.0720117,-0.0723789,0
829,0.632002,-0.635202,0.0721119,-0.072479,0
830,0.633602,-0.636802,0.0721953,-0.0725624,0
831,0.633602,-0.636802,0.0722954,-0.0726626,0
832,0.635202,-0.638402,0.0723789,-0.072746,0
833,0.635202,-0.638402,0.072479,-0.0728461,0
834,0.636802,-0.640002,0.0725624,-0.0729296,0
835,0.636802,-0.640002,0.0726626,-0.0730297,0
836,0.638402,-0.641602,0.072746,-0.0731132,0
837,0.638402,-0.641602,0.0728461,-0.0732133,0
838,0.640002,-0.643202,0.0729296,-0.0732967,0
839,0.640002,-0.643202,0.0730297,-0.0733968,0
840,0.641602,-0.644802,0.0731132,-0.0734803,0
841,0.641602,-0.644802,0.0732133,-0.0735804,0
842,0.643202,-0.646402,0.0732967,-0.0736638,0
843,0.643202,-0.646402,0.0733968,-0.0737639,0
844,0.644802,-0.648002,0.0734803,-0.0738474,0
845,0.644802,-0.648002,0.0735804,-0.0739475,0
846,0.646402,-0.649602,0.0736638,-0.074031,0
847,0.646402,-0.649602,0.0737639,-0.0741311,0
848,0.648002,-0.651202,0.0738474,-0.0742145,0
849,0.648002,-0.651202,0.0739475,-0.0743146,0
850,0.649602,-0.652802,0.074031,-0.0743981,0
851,0.649602,-0.652802,0.0741311,-0.0744982,0
852,0.651202,-0.654402,0.0742145,-0.0745816,0
853,0.651202,-0.654402,0.0743146,-0.0746817,0
854,0.652802,-0.656002,0.0743981,-0.0747652,0
855,0.652802,-0.656002,0.0744982,-0.0748653,0
856,0.654402,-0.657602,0.0745816,-0.0749487,0
857,0.654402,-0.657602,0.0746817,-0.0750488,0
858,0.656002,-0.659202,0.0747652,-0.0751323,0
859,0.656002,-0.659202,0.0748653,-0.0752324,0
860,0.657602,-0.660802,0.0749487,-0.0753158,0
861,0.657602,-0.660802,0.0750488,-0.0754159,0
862,0.659202,-0.662402,0.0751323,-0.0754994,0
863,0.659202,-0.662402,0.0752324,-0.0755995,0
864,0.660802,-0.664002,0.0753158,-0.0756829,0
865,0.660802,-0.664002,0.0754159,-0.075783,0
866,0.662402,-0.665602,0.0754994,-0.0758665,0
867,0.662402,-0.665602,0.0755995,-0.0759666,0
868,0.664002,-0.667202,0.0756829,-0.07605,0
869,0.664002,-0.667202,0.075783,-0.0761501,0
870,0.665602,-0.668802,0.0758665,-0.0762336,0
871,0.665602,-0.668802,0.0759666,-0.0763337,0
872,0.667202,-0.670402,0.07605,-0.0764171,0
873,0.667202,-0.670402,0.0761501,-0.0765172,0
874,0.668802,-0.672002,0.0762336,-0.0766006,0
875,0.668802,-0.672002,0.0763337,-0.0767007,0
876,0.670402,-0.673602,0.0764171,-0.0767842,0
877,0.670402,-0.673602,0.0765172,-0.0768843,0
878,0.672002,-0.675202,0.0766006,-0.0769677,0
879,0.672002,-0.675202,0.0767007,-0.0770678,0
880,0.673602,-0.676802,0.0767842,-0.0771512,0
881,0.673602,-0.676802,0.0768843,-0.0772513,0
882,0.675202,-0.678402,0.0769677,-0.0773348,0
883,0.675202,-0.678402,0.0770678,-0.0774349,0
884,0.676802,-0.680002,0.0771512,-0.0775183,0
885,0.676802,-0.680002,0.0772513,-0.0776184,0
886,0.678402,-0.681602,0.0773348,-0.0777018,0
887,0.678402,-0.681602,0.0774349,-0.0778019,0
888,0.680002,-0.683202,0.0775183,-0.0778854,0
889,0.680002,-0.683202,0.0776184,-0.0779855,0
890,0.681602,-0.684802,0.0777018,-0.0780689,0
891,0.681602,-0.684802,0.0778019,-0.078169,0
892,0.683202,-0.686402,0.0778854,-0.0782524,0
893,0.683202,-0.686402,0.0779855,-0.0783525,0
894,0.684802,-0.688002,0.0780689,-0.0784359,0
895,0.684802,-0.688002,0.078169,-0.078536,0
896,0.686402,-0.689602,0.0782524,-0.0786195,0
897,0.686402,-0.689602,0.0783525,-0.0787196,0
898,0.688002,-0.691203,0.0784359,-0.078803,0
899,0.688002,-0.691203,0.078536,-0.0789031,0
900,0.689602,-0.692803,0.0786195,-0.0789865,0
901,0.689602,-0.692803,0.0787196,-0.0790866,0
902,0.691203,-0.694403,0.078803,-0.07917,0
903,0.691203,-0.694403,0.0789031,-0.0792701,0
904,0.692803,-0.696003,0.0789865,-0.0793536,0
905,0.692803,-0.696003,0.0790866,-0.0794537,0
906,0.694403,-0.697603,0.07917,-0.0795371,0
907,0.694403,-0.697603,0.0792701,-0.0796372,0
908,0.696003,-0.699203,0.0793536,-0.0797206,0
909,0.696003,-0.699203,0.0794537,-0.0798207,0
910,0.697603,-0.700803,0.0795371,-0.0799041,0
911,0.697603,-0.700803,0.0796372,-0.0800042,0
912,0.699203,-0.702403,0.0797206,-0.0800876,0
913,0.699203,-0.702403,0.0798207,-0.0801877,0
914,0.700803,-0.704003,0.0799041,-0.0802711,0
915,0.700803,-0.704003,0.0800042,-0.0803712,0
916,0.702403,-0.705603,0.0800876,-0.0804546,0
917,0.702403,-0.705603,0.0801877,-0.0805547,0
918,0.704003,-0.707203,0.0802711,-0.0806382,0
919,0.704003,-0.707203,0.0803712,-0.0807382,0
920,0.705603,-0.708803,0.0804546,-0.0808217,0
921,0.705603,-0.708803,0.0805547,-0.0809217,0
922,0.707203,-0.710403,0.0806382,-0.0810052,0
923,0.707203,-0.710403,0.0807382,-0.0811053,0
924,0.708803,-0.712003,0.0808217,-0.0811887,0
925,0.708803,-0.712003,0.0809217,-0.0812888,0
926,0.710403,-0.713603,0.0810052,-0.0813722,0
927,0.710403,-0.713603,0.0811053,-0.0814723,0
928,0.712003,-0.715203,0.0811887,-0.0815557,0
929,0.712003,-0.715203,0.0812888,-0.0816558,0
930,0.713603,-0.716803,0.0813722,-0.0817392,0
931,0.713603,-0.716803,0.0814723,-0.0818393,0
932,0.715203,-0.718403,0.0815557,-0.0819227,0
933,0.715203,-0.718403,0.0816558,-0.0820228,0
934,0.716803,-0.720003,0.0817392,-0.0821062,0
935,0.716803,-0.720003,0.0818393,-0.0822063,0
936,0.718403,-0.721603,0.0819227,-0.0822897,0
937,0.718403,-0.721603,0.0820228,-0.0823898,0
938,0.720003,-0.723203,0.0821062,-0.0824732,0
939,0.720003,-0.723203,0.0822063,-0.0825733,0
940,0.721603,-0.724803,0.0822897,-0.0826567,0
941,0.721603,-0.724803,0.0823898,-0.0827568,0
942,0.723203,-0.726403,0.0824732,-0.0828402,0
943,0.723203,-0.726403,0.0825733,-0.0829403,0
944,0.724803,-0.728003,0.0826567,-0.0830237,0
945,0.724803,-0.728003,0.0827568,-0.0831237,0
946,0.726403,-0.729603,0.0828402,-0.0832072,0
947,0.726403,-0.729603,0.0829403,-0.0833072,0
948,0.728003,-0.731203,0.0830237,-0.0833906,0
949,0.728003,-0.731203,0.0831237,-0.0834907,0
950,0.729603,-0.732803,0.0832072,-0.0835741,0
951,0.729603,-0.732803,0.0833072,-0.0836742,0
952,0.731203,-0.734403,0.0833906,-0.0837576,0
953,0.731203,-0.734403,0.0834907,-0.0838577,0
954,0.732803,-0.736003,0.0835741,-0.0839411,0
955,0.732803,-0.736003,0.0836742,-0.0840412,0
956,0.734403,-0.737603,0.0837576,-0.0841246,0
957,0.734403,-0.737603,0.0838577,-0.0842247,0
958,0.736003,-0.739203,0.0839411,-0.0843081,0
959,0.736003,-0.739203,0.0840412,-0.0844081,0
960,0.737603,-0.740803,0.0841246,-0.0844916,0
961,0.737603,-0.740803,0.0842247,-0.0845916,0
962,0.739203,-0.742403,0.0843081,-0.084675,0
963,0.739203,-0.742403,0.0844081,-0.0847751,0
964,0.740803,-0.744003,0.0844916,-0.0848585,0
965,0.740803,-0.744003,0.0845916,-0.0849586,0
966,0.742403,-0.745603,0.084675,-0.085042,0
967,0.742403,-0.745603,0.0847751,-0.0851421,0
968,0.744003,-0.747203,0.0848585,-0.0852255,0
969,0.744003,-0.747203,0.0849586,-0.0853255,0
970,0.745603,-0.748803,0.085042,-0.0854089,0
971,0.745603,-0.748803,0.0851421,-0.085509,0
972,0.747203,-0.750404,0.0852255,-0.0855924,0
973,0.747203,-0.750404,0.0853255,-0.0856925,0
974,0.748803,-0.752004,0.0854089,-0.0857759,0
975,0.748803,-0.752004,0.085509,-0.085876,0
976,0.750404,-0.753604,0.0855924,-0.0859594,0
977,0.750404,-0.753604,0.0856925,-0.0860594,0
978,0.752004,-0.755204,0.0857759,-0.0861428,0
979,0.752004,-0.755204,0.085876,-0.0862429,0
980,0.753604,-0.756804,0.0859594,-0.0863263,0
981,0.753604,-0.756804,0.0860594,-0.0864264,0
982,0.755204,-0.758404,0.0861428,-0.0865098,0
983,0.755204,-0.758404,0.0862429,-0.0866098,0
984,0.756804,-0.760004,0.0863263,-0.0866932,0
985,0.756804,-0.760004,0.0864264,-0.0867933,0
986,0.758404,-0.761604,0.0865098,-0.0868767,0
987,0.758404,-0.761604,0.0866098,-0.0869768,0
988,0.760004,-0.763204,0.0866932,-0.0870602,0
989,0.760004,-0.763204,0.0867933,-0.0871602,0
990,0.761604,-0.764804,0.0868767,-0.0872436,0
991,0.761604,-0.764804,0.0869768,-0.0873437,0
992,0.763204,-0.766404,0.0870602,-0.0874271,0
993,0.763204,-0.766404,0.0871602,-0.0875271,0
994,0.764804,-0.768004,0.0872436,-0.0876105,0
995,0.764804,-0.768004,0.0873437,-0.0877106,0
996,0.766404,-0.769604,0.0874271,-0.087794,0
997,0.766404,-0.769604,0.0875271,-0.087894,0
998,0.768004,-0.771204,0.0876105,-0.0879774,0
999,0.768004,-0.771204,0.0877106,-0.0880775,0
1000,0.769604,-0.772804,0.087794,-0.0881609,0
1001,0.769604,-0.772804,0.0858218,-0.08618,0
1002,0.771204,-0.774404,0.0842224,-0.0845737,0
1003,0.771204,-0.774404,0.0829558,-0.0833014,0
1004,0.772804,-0.776004,0.0819287,-0.0822696,0
1005,0.772804,-0.776004,0.0811261,-0.0814633,0
1006,0.774404,-0.777604,0.0804753,-0.0808094,0
1007,0.774404,-0.777604,0.0799778,-0.0803095,0
1008,0.776004,-0.779204,0.0795745,-0.0799042,0
1009,0.776004,-0.779204,0.0792777,-0.0796058,0
1010,0.777604,-0.780804,0.0790371,-0.0793638,0
1011,0.777604,-0.780804,0.0788723,-0.079198,0
1012,0.779204,-0.782404,0.0787386,-0.0790635,0
1013,0.779204,-0.782404,0.0786606,-0.0789848,0
1014,0.780804,-0.784004,0.0785974,-0.078921,0
1015,0.780804,-0.784004,0.0785764,-0.0788996,0
1016,0.782404,-0.785604,0.0785595,-0.0788822,0
1017,0.782404,-0.785604,0.078576,-0.0788985,0
1018,0.784004,-0.787204,0.0785895,-0.0789117,0
1019,0.784004,-0.787204,0.0786308,-0.0789528,0
1020,0.785604,-0.788804,0.0786642,-0.0789861,0
1021,0.785604,-0.788804,0.0787217,-0.0790435,0
1022,0.787204,-0.790404,0.0787684,-0.07909,0
1023,0.787204,-0.790404,0.0788366,-0.0791581,0
1024,0.788804,-0.792004,0.0788918,-0.0792133,0
1025,0.788804,-0.792004,0.078967,-0.0792884,0
1026,0.790404,-0.793604,0.079028,-0.0793494,0
1027,0.790404,-0.793604,0.0791078,-0.0794291,0
1028,0.792004,-0.795204,0.0791725,-0.0794938,0
1029,0.792004,-0.795204,0.0792554,-0.0795766,0
1030,0.793604,-0.796804,0.0793225,-0.0796438,0
1031,0.793604,-0.796804,0.0794074,-0.0797286,0
1032,0.795204,-0.798404,0.0794762,-0.0797974,0
1033,0.795204,-0.798404,0.0795623,-0.0798835,0
1034,0.796804,-0.800004,0.0796322,-0.0799534,0
1035,0.796804,-0.800004,0.0797192,-0.0800404,0
1036,0.798404,-0.801604,0.0797898,-0.0801109,0
1037,0.798404,-0.801604,0.0798774,-0.0801985,0
1038,0.800004,-0.803204,0.0799484,-0.0802695,0
1039,0.800004,-0.803204,0.0800363,-0.0803575,0
1040,0.801604,-0.804804,0.0801077,-0.0804288,0
1041,0.801604,-0.804804,0.0801959,-0.080517,0
1042,0.803204,-0.806404,0.0802674,-0.0805885,0
1043,0.803204,-0.806404,0.0803557,-0.0806769,0
1044,0.804804,-0.808004,0.0804274,-0.0807485,0
1045,0.804804,-0.808004,0.0805158,-0.080837,0
1046,0.806404,-0.809605,0.0805876,-0.0809087,0
1047,0.806404,-0.809605,0.0806761,-0.0809973,0
1048,0.808004,-0.811205,0.0807479,-0.081069,0
1049,0.808004,-0.811205,0.0808365,-0.0811576,0
1050,0.809605,-0.812805,0.0809083,-0.0812295,0
1051,0.809605,-0.812805,0.0809969,-0.0813181,0
1052,0.811205,-0.814405,0.0810688,-0.0813899,0
1053,0.811205,-0.814405,0.0811574,-0.0814785,0
1054,0.812805,-0.816005,0.0812293,-0.0815504,0
1055,0.812805,-0.816005,0.0813179,-0.0816391,0
1056,0.814405,-0.817605,0.0813898,-0.0817109,0
1057,0.814405,-0.817605,0.0814785,-0.0817996,0
1058,0.816005,-0.819205,0.0815503,-0.0818715,0
1059,0.816005,-0.819205,0.081639,-0.0819601,0
1060,0.817605,-0.820805,0.0817109,-0.082032,0
1061,0.817605,-0.820805,0.0817995,-0.0821207,0
1062,0.819205,-0.822405,0.0818714,-0.0821926,0
1063,0.819205,-0.822405,0.0819601,-0.0822812,0
1064,0.820805,-0.824005,0.082032,-0.0823531,0
1065,0.820805,-0.824005,0.0821206,-0.0824418,0
1066,0.822405,-0.825605,0.0821925,-0.0825136,0
1067,0.822405,-0.825605,0.0822812,-0.0826023,0
1068,0.824005,-0.827205,0.0823531,-0.0826742,0
1069,0.824005,-0.827205,0.0824417,-0.0827629,0
1070,0.825605,-0.828805,0.0825136,-0.0828348,0
1071,0.825605,-0.828805,0.0826023,-0.0829234,0
1072,0.827205,-0.830405,0.0826742,-0.0829953,0
1073,0.827205,-0.830405,0.0827629,-0.083084,0
1074,0.828805,-0.832005,0.0828348,-0.0831559,0
1075,0.828805,-0.832005,0.0829234,-0.0832445,0
1076,0.830405,-0.833605,0.0829953,-0.0833164,0
1077,0.830405,-0.833605,0.083084,-0.0834051,0
1078,0.832005,-0.835205,0.0831559,-0.083477,0
1079,0.832005,-0.835205,0.0832445,-0.0835656,0
1080,0.833605,-0.836805,0.0833164,-0.0836375,0
1081,0.833605,-0.836805,0.0834051,-0.0837262,0
1082,0.835205,-0.838405,0.083477,-0.0837981,0
1083,0.835205,-0.838405,0.0835656,-0.0838867,0
1084,0.836805,-0.840005,0.0836375,-0.0839586,0
1085,0.836805,-0.840005,0.0837262,-0.0840473,0
1086,0.838405,-0.841605,0.0837981,-0.0841192,0
1087,0.838405,-0.841605,0.0838867,-0.0842078,0
1088,0.840005,-0.843205,0.0839586,-0.0842797,0
1089,0.840005,-0.843205,0.0840473,-0.0843684,0
1090,0.841605,-0.844805,0.0841192,-0.0844403,0
1091,0.841605,-0.844805,0.0842078,-0.0845289,0
1092,0.843205,-0.846405,0.0842797,-0.0846008,0
1093,0.843205,-0.846405,0.0843684,-0.0846895,0
1094,0.844805,-0.848005,0.0844403,-0.0847613,0
1095,0.844805,-0.848005,0.0845289,-0.08485,0
1096,0.846405,-0.849605,0.0846008,-0.0849219,0
1097,0.846405,-0.849605,0.0846895,-0.0850105,0
1098,0.848005,-0.851205,0.0847613,-0.0850824,0
1099,0.848005,-0.851205,0.08485,-0.0851711,0
1100,0.849605,-0.852805,0.0849219,-0.085243,0
1101,0.849605,-0.852805,0.0850105,-0.0853316,0
1102,0.851205,-0.854405,0.0850824,-0.0854035,0
1103,0.851205,-0.854405,0.0851711,-0.0854922,0
1104,0.852805,-0.856005,0.085243,-0.0855641,0
1105,0.852805,-0.856005,0.0853316,-0.0856527,0
1106,0.854405,-0.857605,0.0854035,-0.0857246,0
1107,0.854405,-0.857605,0.0854922,-0.0858133,0
1108,0.856005,-0.859205,0.0855641,-0.0858852,0
1109,0.856005,-0.859205,0.0856527,-0.0859738,0
1110,0.857605,-0.860805,0.0857246,-0.0860457,0
1111,0.857605,-0.860805,0.0858133,-0.0861343,0
1112,0.859205,-0.862405,0.0858852,-0.0862062,0
1113,0.859205,-0.862405,0.0859738,-0.0862949,0
1114,0.860805,-0.864005,0.0860457,-0.0863668,0
1115,0.860805,-0.864005,0.0861343,-0.0864554,0
1116,0.862405,-0.865605,0.0862062,-0.0865273,0
1117,0.862405,-0.865605,0.0862949,-0.0866159,0
1118,0.864005,-0.867206,0.0863668,-0.0866878,0
1119,0.864005,-0.867206,0.0864554,-0.0867765,0
1120,0.865605,-0.868806,0.0865273,-0.0868483,0
1121,0.865605,-0.868806,0.0866159,-0.086937,0
1122,0.867206,-0.870406,0.0866878,-0.0870089,0
1123,0.867206,-0.870406,0.0867765,-0.0870975,0
1124,0.868806,-0.872006,0.0868483,-0.0871694,0
1125,0.868806,-0.872006,0.086937,-0.087258,0
1126,0.870406,-0.873606,0.0870089,-0.0873299,0
1127,0.870406,-0.873606,0.0870975,-0.0874186,0
1128,0.872006,-0.875206,0.0871694,-0.0874904,0
1129,0.872006,-0.875206,0.087258,-0.0875791,0
1130,0.873606,-0.876806,0.0873299,-0.087651,0
1131,0.873606,-0.876806,0.0874186,-0.0877396,0
1132,0.875206,-0.878406,0.0874904,-0.0878115,0
1133,0.875206,-0.878406,0.0875791,-0.0879001,0
1134,0.876806,-0.880006,0.087651,-0.087972,0
1135,0.876806,-0.880006,0.0877396,-0.0880607,0
1136,0.878406,-0.881606,0.0878115,-0.0881325,0
1137,0.878406,-0.881606,0.0879001,-0.0882212,0
1138,0.880006,-0.883206,0.087972,-0.0882931,0
1139,0.880006,-0.883206,0.0880607,-0.0883817,0
1140,0.881606,-0.884806,0.0881325,-0.0884536,0
1141,0.881606,-0.884806,0.0882212,-0.0885422,0
1142,0.883206,-0.886406,0.0882931,-0.0886141,0
1143,0.883206,-0.886406,0.0883817,-0.0887027,0
1144,0.884806,-0.888006,0.0884536,-0.0887746,0
1145,0.884806,-0.888006,0.0885422,-0.0888632,0
1146,0.886406,-0.889606,0.0886141,-0.0889351,0
1147,0.886406,-0.889606,0.0887027,-0.0890238,0
1148,0.888006,-0.891206,0.0887746,-0.0890956,0
1149,0.888006,-0.891206,0.0888632,-0.0891843,0
1150,0.889606,-0.892806,0.0889351,-0.0892562,0
1151,0.889606,-0.892806,0.0890238,-0.0893448,0
1152,0.891206,-0.894406,0.0890956,-0.0894167,0
1153,0.891206,-0.894406,0.0891843,-0.0895053,0
1154,0.892806,-0.896006,0.0892562,-0.0895772,0
1155,0.892806,-0.896006,0.0893448,-0.0896658,0
1156,0.894406,-0.897606,0.0894167,-0.0897377,0
1157,0.894406,-0.897606,0.0895053,-0.0898263,0
1158,0.896006,-0.899206,0.0895772,-0.0898982,0
1159,0.896006,-0.899206,0.0896658,-0.0899869,0
1160,0.897606,-0.900806,0.0897377,-0.0900587,0
1161,0.897606,-0.900806,0.0898263,-0.0901474,0
1162,0.899206,-0.902406,0.0898982,-0.0902192,0
1163,0.899206,-0.902406,0.0899869,-0.0903079,0
1164,0.900806,-0.904006,0.0900587,-0.0903798,0
1165,0.900806,-0.904006,0.0901474,-0.0904684,0
1166,0.902406,-0.905606,0.0902192,-0.0905403,0
1167,0.902406,-0.905606,0.0903079,-0.0906289,0
1168,0.904006,-0.907206,0.0903798,-0.0907008,0
1169,0.904006,-0.907206,0.0904684,-0.0907894,0
1170,0.905606,-0.908806,0.0905403,-0.0908613,0
1171,0.905606,-0.908806,0.0906289,-0.0909499,0
1172,0.907206,-0.910406,0.0907008,-0.0910218,0
1173,0.907206,-0.910406,0.0907894,-0.0911104,0
1174,0.908806,-0.912006,0.0908613,-0.0911823,0
1175,0.908806,-0.912006,0.0909499,-0.0912709,0
1176,0.910406,-0.913606,0.0910218,-0.0913428,0
1177,0.910406,-0.913606,0.0911104,-0.0914314,0
1178,0.912006,-0.915206,0.0911823,-0.0915033,0
1179,0.912006,-0.915206,0.0912709,-0.0915919,0
1180,0.913606,-0.916806,0.0913428,-0.0916638,0
1181,0.913606,-0.916806,0.0914314,-0.0917524,0
1182,0.915206,-0.918406,0.0915033,-0.0918243,0
1183,0.915206,-0.918406,0.0915919,-0.0919129,0
1184,0.916806,-0.920006,0.0916638,-0.0919848,0
1185,0.916806,-0.920006,0.0917524,-0.0920734,0
1186,0.918406,-0.921606,0.0918243,-0.0921453,0
1187,0.918406,-0.921606,0.0919129,-0.0922339,0
1188,0.920006,-0.923206,0.0919848,-0.0923058,0
1189,0.920006,-0.923206,0.0920734,-0.0923944,0
1190,0.921606,-0.924806,0.0921453,-0.0924663,0
1191,0.921606,-0.924806,0.0922339,-0.0925549,0
1192,0.923206,-0.926407,0.0923058,-0.0926268,0
1193,0.923206,-0.926407,0.0923944,-0.0927154,0
1194,0.924806,-0.928007,0.0924663,-0.0927872,0
1195,0.924806,-0.928007,0.0925549,-0.0928759,0
1196,0.926407,-0.929607,0.0926268,-0.0929477,0
1197,0.926407,-0.929607,0.0927154,-0.0930364,0
1198,0.928007,-0.931207,0.0927872,-0.0931082,0
1199,0.928007,-0.931207,0.0928759,-0.0931968,0
1200,0.929607,-0.932807,0.0929477,-0.0932687,0
1201,0.929607,-0.932807,0.0930364,-0.0933573,0
1202,0.931207,-0.934407,0.0931082,-0.0934292,0
1203,0.931207,-0.934407,0.0931968,-0.0935178,0
1204,0.932807,-0.936007,0.0932687,-0.0935897,0
1205,0.932807,-0.936007,0.0933573,-0.0936783,0
1206,0.934407,-0.937607,0.0934292,-0.0937502,0
1207,0.934407,-0.937607,0.0935178,-0.0938388,0
1208,0.936007,-0.939207,0.0935897,-0.0939107,0
1209,0.936007,-0.939207,0.0936783,-0.0939993,0
1210,0.937607,-0.940807,0.0937502,-0.0940711,0
1211,0.937607,-0.940807,0.0938388,-0.0941598,0
1212,0.939207,-0.942407,0.0939107,-0.0942316,0
1213,0.939207,-0.942407,0.0939993,-0.0943203,0
1214,0.940807,-0.944007,0.0940711,-0.0943921,0
1215,0.940807,-0.944007,0.0941598,-0.0944807,0
1216,0.942407,-0.945607,0.0942316,-0.0945526,0
1217,0.942407,-0.945607,0.0943203,-0.0946412,0
1218,0.944007,-0.947207,0.0943921,-0.0947131,0
1219,0.944007,-0.947207,0.0944807,-0.0948017,0
1220,0.945607,-0.948807,0.0945526,-0.0948736,0
1221,0.945607,-0.948807,0.0946412,-0.0949622,0
1222,0.947207,-0.950407,0.0947131,-0.095034,0
1223,0.947207,-0.950407,0.0948017,-0.0951227,0
1224,0.948807,-0.952007,0.0948736,-0.0951945,0
1225,0.948807,-0.952007,0.0949622,-0.0952831,0
1226,0.950407,-0.953607,0.095034,-0.095355,0
1227,0.950407,-0.953607,0.0951227,-0.0954436,0
1228,0.952007,-0.955207,0.0951945,-0.0955155,0
1229,0.952007,-0.955207,0.0952831,-0.0956041,0
1230,0.953607,-0.956807,0.095355,-0.095676,0
1231,0.953607,-0.956807,0.0954436,-0.0957646,0
1232,0.955207,-0.958407,0.0955155,-0.0958364,0
1233,0.955207,-0.958407,0.0956041,-0.095925,0
1234,0.956807,-0.960007,0.095676,-0.0959969,0
1235,0.956807,-0.960007,0.0957646,-0.0960855,0
1236,0.958407,-0.961607,0.0958364,-0.0961574,0
1237,0.958407,-0.961607,0.095925,-0.096246,0
1238,0.960007,-0.963207,0.0959969,-0.0963178,0
1239,0.960007,-0.963207,0.0960855,-0.0964064,0
1240,0.961607,-0.964807,0.0961574,-0.0964783,0
1241,0.961607,-0.964807,0.096246,-0.0965669,0
1242,0.963207,-0.966407,0.0963178,-0.0966388,0
1243,0.963207,-0.966407,0.0964064,-0.0967274,0
1244,0.964807,-0.968007,0.0964783,-0.0967992,0
1245,0.964807,-0.968007,0.0965669,-0.0968878,0
1246,0.966407,-0.969607,0.0966388,-0.0969597,0
1247,0.966407,-0.969607,0.0967274,-0.0970483,0
1248,0.968007,-0.971207,0.0967992,-0.0971201,0
1249,0.968007,-0.971207,0.0968878,-0.0972088,0
1250,0.969607,-0.972807,0.0969597,-0.0972806,0
1251,0.969607,-0.972807,0.0970483,-0.0973692,0
1252,0.971207,-0.974407,0.0971201,-0.0974411,0
1253,0.971207,-0.974407,0.0972088,-0.0975297,0
1254,0.972807,-0.976007,0.0972806,-0.0976015,0
1255,0.972807,-0.976007,0.0973692,-0.0976902,0
1256,0.974407,-0.977607,0.0974411,-0.097762,0
1257,0.974407,-0.977607,0.0975297,-0.0978506,0
1258,0.976007,-0.979207,0.0976015,-0.0979225,0
1259,0.976007,-0.979207,0.0976902,-0.0980111,0
1260,0.977607,-0.980807,0.097762,-0.0980829,0
1261,0.977607,-0.980807,0.0978506,-0.0981715,0
1262,0.979207,-0.982407,0.0979225,-0.0982434,0
1263,0.979207,-0.982407,0.0980111,-0.098332,0
1264,0.980807,-0.984007,0.0980829,-0.0984038,0
1265,0.980807,-0.984007,0.0981715,-0.0984924,0
1266,0.982407,-0.985608,0.0982434,-0.0985643,0
1267,0.982407,-0.985608,0.098332,-0.0986529,0
1268,0.984007,-0.987208,0.0984038,-0.0987247,0
1269,0.984007,-0.987208,0.0984924,-0.0988133,0
1270,0.985608,-0.988808,0.0985643,-0.0988852,0
1271,0.985608,-0.988808,0.0986529,-0.0989738,0
1272,0.987208,-0.990408,0.0987247,-0.0990456,0
1273,0.987208,-0.990408,0.0988133,-0.0991343,0
1274,0.988808,-0.992008,0.0988852,-0.0992061,0
1275,0.988808,-0.992008,0.0989738,-0.0992947,0
1276,0.990408,-0.993608,0.0990456,-0.0993666,0
1277,0.990408,-0.993608,0.0991343,-0.0994552,0
1278,0.992008,-0.995208,0.0992061,-0.099527,0
1279,0.992008,-0.995208,0.0992947,-0.0996156,0
1280,0.993608,-0.996808,0.0993666,-0.0996875,0
1281,0.993608,-0.996808,0.0994552,-0.0997761,0
1282,0.995208,-0.998408,0.099527,-0.0998479,0
1283,0.995208,-0.998408,0.0996156,-0.0999365,0
1284,0.996808,-1.00001,0.0996875,-0.100008,0
1285,0.996808,-1.00001,0.0997761,-0.100097,0
1286,0.998408,-1.00161,0.0998479,-0.100169,0
1287,0.998408,-1.00161,0.0999365,-0.100257,0
1288,1.00001,-1.00321,0.100008,-0.100329,0
1289,1.00001,-1.00321,0.100097,-0.100418,0
1290,1.00161,-1.00481,0.100169,-0.10049,0
1291,1.00161,-1.00481,0.100257,-0.100578,0
1292,1.00321,-1.00641,0.100329,-0.10065,0
1293,1.00321,-1.00641,0.100418,-0.100739,0
1294,1.00481,-1.00801,0.10049,-0.100811,0
1295,1.00481,-1.00801,0.100578,-0.100899,0
1296,1.00641,-1.00961,0.10065,-0.100971,0
1297,1.00641,-1.00961,0.100739,-0.10106,0
1298,1.00801,-1.01121,0.100811,-0.101131,0
1299,1.00801,-1.01121,0.100899,-0.10122,0
1300,1.00961,-1.01281,0.100971,-0.101292,0
1301,1.00961,-1.01281,0.10106,-0.10138,0
1302,1.01121,-1.01441,0.101131,-0.101452,0
1303,1.01121,-1.01441,0.10122,-0.101541,0
1304,1.01281,-1.01601,0.101292,-0.101613,0
1305,1.01281,-1.01601,0.10138,-0.101701,0
1306,1.01441,-1.01761,0.101452,-0.101773,0
1307,1.01441,-1.01761,0.101541,-0.101862,0
1308,1.01601,-1.01921,0.101613,-0.101934,0
1309,1.01601,-1.01921,0.101701,-0.102022,0
1310,1.01761,-1.02081,0.101773,-0.102094,0
1311,1.01761,-1.02081,0.101862,-0.102183,0
1312,1.01921,-1.02241,0.101934,-0.102254,0
1313,1.01921,-1.02241,0.102022,-0.102343,0
1314,1.02081,-1.02401,0.102094,-0.102415,0
1315,1.02081,-1.02401,0.102183,-0.102504,0
1316,1.02241,-1.02561,0.102254,-0.102575,0
1317,1.02241,-1.02561,0.102343,-0.102664,0
1318,1.02401,-1.02721,0.102415,-0.102736,0
1319,1.02401,-1.02721,0.102504,-0.102824,0
1320,1.02561,-1.02881,0.102575,-0.102896,0
1321,1.02561,-1.02881,0.102664,-0.102985,0
1322,1.02721,-1.03041,0.102736,-0.103057,0
1323,1.02721,-1.03041,0.102824,-0.103145,0
1324,1.02881,-1.03201,0.102896,-0.103217,0
1325,1.02881,-1.03201,0.102985,-0.103306,0
1326,1.03041,-1.03361,0.103057,-0.103377,0
1327,1.03041,-1.03361,0.103145,-0.103466,0
1328,1.03201,-1.03521,0.103217,-0.103538,0
1329,1.03201,-1.03521,0.103306,-0.103626,0
1330,1.03361,-1.03681,0.103377,-0.103698,0
1331,1.03361,-1.03681,0.103466,-0.103787,0
1332,1.03521,-1.03841,0.103538,-0.103859,0
1333,1.03521,-1.03841,0.103626,-0.103947,0
1334,1.03681,-1.04001,0.103698,-0.104019,0
1335,1.03681,-1.04001,0.103787,-0.104108,0
1336,1.03841,-1.04161,0.103859,-0.10418,0
1337,1.03841,-1.04161,0.103947,-0.104268,0
1338,1.04001,-1.04321,0.104019,-0.10434,0
1339,1.04001,-1.04321,0.104108,-0.104429,0
1340,1.04161,-1.04481,0.10418,-0.1045,0
1341,1.04161,-1.04481,0.104268,-0.104589,0
1342,1.04321,-1.04641,0.10434,-0.104661,0
1343,1.04321,-1.04641,0.104429,-0.104749,0
1344,1.04481,-1.04801,0.1045,-0.104821,0
1345,1.04481,-1.04801,0.104589,-0.10491,0
1346,1.04641,-1.04961,0.104661,-0.104982,0
1347,1.04641,-1.04961,0.104749,-0.10507,0
1348,1.04801,-1.05121,0.104821,-0.105142,0
1349,1.04801,-1.05121,0.10491,-0.105231,0
1350,1.04961,-1.05281,0.104982,-0.105302,0
1351,1.04961,-1.05281,0.10507,-0.105391,0
1352,1.05121,-1.05441,0.105142,-0.105463,0
1353,1.05121,-1.05441,0.105231,-0.105551,0
1354,1.05281,-1.05601,0.105302,-0.105623,0
1355,1.05281,-1.05601,0.105391,-0.105712,0
1356,1.05441,-1.05761,0.105463,-0.105784,0
1357,1.05441,-1.05761,0.105551,-0.105872,0
1358,1.05601,-1.05921,0.105623,-0.105944,0
1359,1.05601,-1.05921,0.105712,-0.106033,0
1360,1.05761,-1.06081,0.105784,-0.106105,0
1361,1.05761,-1.06081,0.105872,-0.106193,0
1362,1.05921,-1.06241,0.105944,-0.106265,0
1363,1.05921,-1.06241,0.106033,-0.106354,0
1364,1.06081,-1.06401,0.106105,-0.106425,0
1365,1.06081,-1.06401,0.106193,-0.106514,0
1366,1.06241,-1.06561,0.106265,-0.106586,0
1367,1.06241,-1.06561,0.106354,-0.106674,0
1368,1.06401,-1.0884,0.106425,-0.106746,0
1369,1.06401,-1.0884,0.106514,-0.107237,0
1370,1.06561,-1.09,0.106586,-0.107634,0
1371,1.06561,-1.09,0.106674,-0.107987,0
1372,1.06721,-1.0916,0.106746,-0.108273,0
1373,1.06721,-1.0916,0.106835,-0.108536,0
1374,1.06881,-1.0932,0.106907,-0.108748,0
1375,1.06881,-1.0932,0.106995,-0.108951,0
1376,1.07041,-1.0948,0.107067,-0.109116,0
1377,1.07041,-1.0948,0.107156,-0.109279,0
1378,1.07201,-1.0964,0.107227,-0.109412,0
1379,1.07201,-1.0964,0.107316,-0.10955,0
1380,1.0948,-1.1192,0.107388,-0.109662,0
1381,1.0948,-1.1192,0.107878,-0.110185,0
1382,1.0964,-1.1208,0.108276,-0.110609,0
1383,1.0964,-1.1208,0.108629,-0.110983,0
1384,1.1192,-1.14359,0.108915,-0.111286,0
1385,1.1192,-1.14359,0.109579,-0.111964,0
1386,1.14258,-1.16669,0.110117,-0.112514,0
1387,1.14258,-1.16669,0.110998,-0.113398,0
1388,1.14418,-1.16829,0.111711,-0.114114,0
1389,1.14418,-1.16829,0.11232,-0.114726,0
1390,1.14578,-1.19107,0.112814,-0.115221,0
1391,1.14578,-1.19107,0.113244,-0.116055,0
1392,1.16857,-1.21154,0.113593,-0.116731,0
1393,1.16857,-1.21154,0.114309,-0.117668,0
1394,1.17017,-1.51154,0.114889,-0.118427,0
1395,1.17017,-1.51154,0.115389,-0.12473,0
1396,1.19296,-1.52063,0.115795,-0.129839,0
1397,1.19296,-1.52063,0.116556,-0.134154,0
1398,1.21414,-1.24669,0.117173,-0.137651,0
1399,1.21414,-1.24669,0.118075,-0.135295,0
1400,1.51414,-1.54669,0.118806,-0.133385,0
1401,1.51414,-1.54669,0.125087,-0.137522,0
1402,1.23271,-1.24928,0.130178,-0.140876,0
1403,1.23271,-1.24928,0.128971,-0.137959,0
1404,1.25272,-1.25128,0.127993,-0.135593,0
1405,1.25272,-1.25128,0.127579,-0.133714,0
1406,1.55272,-1.55128,0.127243,-0.132189,0
1407,1.55272,-1.55128,0.132657,-0.13664,0
1408,1.25654,-1.26924,0.137046,-0.140248,0
1409,1.25654,-1.26924,0.134991,-0.137827,0
1410,1.27554,-1.00801,0.133325,-0.135865,0
1411,1.27554,-1.00801,0.132334,-0.129323,0
1412,1.57554,-1.30801,0.131531,-0.124019,0
1413,1.57554,-1.30801,0.136566,-0.125405,0
1414,1.28664,-1.32023,0.140647,-0.126529,0
1415,1.28664,-1.32023,0.138481,-0.127671,0
1416,1.31071,-1.35335,0.136725,-0.128598,0
1417,1.31071,-1.35335,0.135758,-0.129976,0
1418,1.61071,-1.65335,0.134973,-0.131094,0
1419,1.61071,-1.65335,0.140023,-0.137687,0
1420,1.32487,-1.39269,0.144116,-0.143031,0
1421,1.32487,-1.39269,0.142018,-0.142423,0
1422,1.34994,-1.40932,0.140317,-0.141931,0
1423,1.34994,-1.40932,0.139413,-0.141847,0
1424,1.64994,-1.70932,0.138681,-0.141778,0
1425,1.64994,-1.70932,0.143772,-0.147408,0
1426,1.36402,-1.41045,0.147899,-0.151971,0
1427,1.36402,-1.41045,0.145826,-0.150008,0
1428,1.38874,-1.42648,0.144146,-0.148416,0
1429,1.38874,-1.42648,0.143253,-0.14743,0
1430,1.68874,-1.72648,0.142528,-0.14663,0
1431,1.68874,-1.72648,0.147626,-0.151666,0
1432,1.40246,-1.43561,0.151758,-0.155748,0
1433,1.40246,-1.43561,0.149684,-0.153546,0
1434,1.42702,-1.45901,0.148002,-0.151761,0
1435,1.42702,-1.45901,0.147104,-0.150758,0
1436,1.72702,-1.75901,0.146376,-0.149944,0
1437,1.72702,-1.75901,0.15147,-0.154969,0
1438,1.42702,-1.47302,0.1556,-0.159041,0
1439,1.42702,-1.47302,0.153264,-0.156925,0
1440,1.46718,-1.20678,0.15137,-0.155209,0
1441,1.46718,-1.20678,0.150595,-0.148775,0
1442,1.76718,-1.50678,0.149967,-0.143557,0
1443,1.76718,-1.50678,0.155142,-0.145012,0
1444,1.48076,-1.5143,0.159337,-0.146191,0
1445,1.48076,-1.5143,0.157311,-0.14729,0
1446,1.50607,-1.5453,0.155669,-0.14818,0
1447,1.50607,-1.5453,0.154817,-0.14949,0
1448,1.80607,-1.8453,0.154127,-0.150551,0
1449,1.80607,-1.8453,0.15925,-0.157095,0
1450,1.51909,-1.58383,0.163403,-0.1624,0
1451,1.51909,-1.58383,0.161334,-0.161746,0
1452,1.2518,-1.60058,0.159656,-0.161217,0
1453,1.2518,-1.60058,0.153233,-0.161105,0
1454,1.5518,-1.90058,0.148025,-0.161014,0
1455,1.5518,-1.90058,0.149487,-0.166623,0
1456,1.55843,-1.60188,0.150672,-0.17117,0
1457,1.55843,-1.60188,0.151758,-0.169198,0
1458,1.58906,-1.32668,0.152639,-0.167599,0
1459,1.58906,-1.32668,0.153933,-0.161091,0
1460,1.88906,-1.62668,0.154982,-0.155815,0
1461,1.88906,-1.62668,0.161516,-0.15722,0
1462,1.62743,-1.62916,0.166812,-0.15836,0
1463,1.62743,-1.62916,0.166149,-0.15933,0
1464,1.64421,-1.65877,0.165611,-0.160117,0
1465,1.64421,-1.65877,0.165494,-0.161316,0
1466,1.94421,-1.95877,0.165399,-0.162287,0
1467,1.94421,-1.95877,0.171003,-0.168757,0
1468,1.64421,-1.65877,0.175546,-0.174001,0
1469,1.64421,-1.65877,0.173547,-0.17257,0
1470,1.66377,-1.71681,0.171927,-0.17141,0
1471,1.66377,-1.71681,0.170983,-0.171569,0
1472,1.96377,-2.01681,0.170219,-0.171698,0
1473,1.96377,-2.01681,0.17528,-0.177484,0
1474,1.67269,-1.7186,0.179383,-0.182173,0
1475,1.67269,-1.7186,0.177197,-0.180328,0
1476,1.40466,-1.73733,0.175424,-0.178832,0
1477,1.40466,-1.73733,0.168912,-0.177974,0
1478,1.70466,-2.03733,0.163632,-0.177278,0
1479,1.70466,-2.03733,0.165034,-0.182395,0
1480,1.71148,-1.73733,0.166171,-0.186542,0
1481,1.71148,-1.73733,0.167222,-0.184224,0
1482,1.74267,-1.7697,0.168073,-0.182345,0
1483,1.74267,-1.7697,0.169354,-0.181434,0
1484,2.04267,-2.0697,0.170392,-0.180696,0
1485,2.04267,-2.0697,0.176915,-0.185778,0
1486,1.74267,-1.7697,0.182202,-0.189897,0
1487,1.74267,-1.7697,0.180806,-0.187556,0
1488,1.80017,-1.80976,0.179675,-0.185658,0
1489,1.80017,-1.80976,0.179847,-0.184878,0
1490,2.10017,-2.10976,0.179987,-0.184246,0
1491,2.10017,-2.10976,0.18578,-0.189414,0
1492,1.80134,-1.80976,0.190475,-0.193602,0
1493,1.80134,-1.80976,0.188624,-0.191317,0
1494,1.5283,-1.85011,0.187123,-0.189466,0
1495,1.5283,-1.85011,0.180737,-0.188728,0
1496,1.8283,-2.15011,0.17556,-0.188131,0
1497,1.8283,-2.15011,0.177044,-0.193326,0
1498,1.82933,-1.85011,0.178247,-0.197536,0
1499,1.82933,-1.85011,0.179242,-0.19527,0
1500,1.56647,-1.8893,0.180048,-0.193433,0
1501,1.56647,-1.8893,0.175725,-0.192686,0
1502,1.86647,-2.1893,0.172219,-0.192081,0
1503,1.86647,-2.1893,0.175059,-0.197269,0
1504,1.89751,-1.8893,0.177361,-0.201473,0
1505,1.89751,-1.8893,0.179815,-0.199203,0
1506,1.9207,-1.92802,0.181803,-0.197363,0
1507,1.9207,-1.92802,0.183854,-0.196604,0
1508,2.2207,-2.22802,0.185517,-0.195989,0
1509,2.2207,-2.22802,0.192544,-0.201169,0
1510,1.9207,-1.92802,0.198238,-0.205367,0
1511,1.9207,-1.92802,0.197175,-0.203092,0
1512,1.9576,-1.96667,0.196314,-0.201247,0
1513,1.9576,-1.96667,0.196314,-0.200484,0
1514,2.2576,-2.26667,0.196314,-0.199866,0
1515,2.2576,-2.26667,0.201992,-0.205042,0
1516,1.9576,-1.96667,0.206594,-0.209238,0
1517,1.9576,-1.96667,0.204646,-0.20696,0
1518,1.97272,-2.00529,0.203067,-0.205115,0
1519,1.97272,-2.00529,0.202073,-0.20435,0
1520,2.27272,-2.30529,0.201268,-0.203729,0
1521,2.27272,-2.30529,0.206293,-0.208904,0
1522,1.97272,-2.00529,0.210366,-0.213098,0
1523,1.97272,-2.00529,0.207989,-0.21082,0
1524,1.71414,-2.0438,0.206063,-0.208974,0
1525,1.71414,-2.0438,0.199608,-0.208206,0
1526,2.01414,-2.3438,0.194376,-0.207584,0
1527,2.01414,-2.3438,0.195813,-0.212756,0
1528,2.02054,-2.0438,0.196978,-0.216948,0
1529,2.02054,-2.0438,0.198044,-0.214669,0
1530,1.76065,-1.79074,0.198907,-0.212822,0
1531,1.76065,-1.79074,0.194688,-0.206536,0
1532,2.06065,-2.09074,0.191268,-0.201442,0
1533,2.06065,-2.09074,0.194175,-0.20299,0
1534,2.09177,-2.09591,0.196531,-0.204244,0
1535,2.09177,-2.09591,0.19903,-0.205359,0
1536,1.82303,-1.83515,0.201054,-0.206263,0
1537,1.82303,-1.83515,0.197609,-0.20206,0
1538,2.12303,-2.13515,0.194817,-0.198654,0
1539,2.12303,-2.13515,0.198232,-0.201571,0
1540,2.14167,-1.87367,0.201,-0.203935,0
1541,2.14167,-1.87367,0.203596,-0.200903,0
1542,1.86458,-2.16733,0.205699,-0.198445,0
1543,1.86458,-2.16733,0.202161,-0.20201,0
1544,2.16458,-2.46733,0.199292,-0.2049,0
1545,2.16458,-2.46733,0.202645,-0.212919,0
1546,2.17886,-2.16733,0.205363,-0.219417,0
1547,2.17886,-2.16733,0.207836,-0.219007,0
1548,1.90071,-2.22081,0.209839,-0.218675,0
1549,1.90071,-2.22081,0.2062,-0.219418,0
1550,2.20071,-2.52081,0.20325,-0.220019,0
1551,2.20071,-2.52081,0.206537,-0.226182,0
1552,1.92387,-2.22081,0.2092,-0.231176,0
1553,1.92387,-2.22081,0.20612,-0.229549,0
1554,2.20922,-1.93376,0.203624,-0.22823,0
1555,2.20922,-1.93376,0.207001,-0.221731,0
1556,2.50922,-2.23376,0.209737,-0.216464,0
1557,2.50922,-2.23376,0.217632,-0.217871,0
1558,2.20922,-1.93902,0.224029,-0.219011,0
1559,2.20922,-1.93902,0.223537,-0.214359,0
1560,2.25937,-2.23745,0.223139,-0.210588,0
1561,2.25937,-2.23745,0.223765,-0.213178,0
1562,2.55937,-2.53745,0.224272,-0.215278,0
1563,2.55937,-2.53745,0.230358,-0.222655,0
1564,2.25937,-2.23745,0.235289,-0.228633,0
1565,2.25937,-2.23745,0.233611,-0.227803,0
1566,1.97399,-2.02071,0.232251,-0.227129,0
1567,1.97399,-2.02071,0.225752,-0.222484,0
1568,2.27399,-2.32071,0.220484,-0.218719,0
1569,2.27399,-2.32071,0.221889,-0.221343,0
1570,1.97988,-2.31019,0.223029,-0.22347,0
1571,1.97988,-2.31019,0.218388,-0.224994,0
1572,2.00911,-2.03856,0.214627,-0.22623,0
1573,2.00911,-2.03856,0.212131,-0.222093,0
1574,2.30911,-2.33856,0.210109,-0.218739,0
1575,2.30911,-2.33856,0.214146,-0.221697,0
1576,2.34059,-2.06806,0.217418,-0.224095,0
1577,2.34059,-2.06806,0.220665,-0.22092,0
1578,2.08953,-2.08877,0.223296,-0.218347,0
1579,2.08953,-2.08877,0.220679,-0.216654,0
1580,2.38953,-2.38877,0.218558,-0.215281,0
1581,2.38953,-2.38877,0.222515,-0.219845,0
1582,2.11033,-2.40704,0.225721,-0.223543,0
1583,2.11033,-2.40704,0.223038,-0.226886,0
1584,2.39059,-2.14725,0.220863,-0.229595,0
1585,2.39059,-2.14725,0.224403,-0.226876,0
1586,2.69059,-2.44725,0.227271,-0.224672,0
1587,2.69059,-2.44725,0.23527,-0.228561,0
1588,2.39059,-2.16334,0.241751,-0.231712,0
1589,2.39059,-2.16334,0.24133,-0.228896,0
1590,2.14065,-2.17278,0.240988,-0.226614,0
1591,2.14065,-2.17278,0.235984,-0.224943,0
1592,2.44065,-2.47278,0.231929,-0.223589,0
1593,2.44065,-2.47278,0.234317,-0.228166,0
1594,2.14065,-2.48337,0.236252,-0.231876,0
1595,2.14065,-2.48337,0.232146,-0.235082,0
1596,2.15289,-2.22073,0.228819,-0.237679,0
1597,2.15289,-2.22073,0.226354,-0.234818,0
1598,2.45289,-2.52073,0.224356,-0.232498,0
1599,2.45289,-2.52073,0.228411,-0.236293,0
1600,2.47626,-2.23645,0.231698,-0.239367,0
1601,2.47626,-2.23645,0.234803,-0.236483,0
1602,2.22155,-2.24649,0.237319,-0.234145,0
1603,2.22155,-2.24649,0.234541,-0.23244,0
1604,2.52155,-2.54649,0.23229,-0.231059,0
1605,2.52155,-2.54649,0.236139,-0.235614,0
1606,2.24164,-2.26619,0.239258,-0.239304,0
1607,2.24164,-2.26619,0.236493,-0.236994,0
1608,2.2528,-2.56619,0.234251,-0.235122,0
1609,2.2528,-2.56619,0.232646,-0.239278,0
1610,2.5528,-2.86619,0.231345,-0.242646,0
1611,2.5528,-2.86619,0.235965,-0.251048,0
1612,2.27217,-2.56619,0.239708,-0.257855,0
1613,2.27217,-2.56619,0.237435,-0.257698,0
1614,2.57217,-2.31186,0.235592,-0.257572,0
1615,2.57217,-2.31186,0.239772,-0.252661,0
1616,2.87217,-2.61186,0.24316,-0.248682,0
1617,2.87217,-2.61186,0.251577,-0.25113,0
1618,2.57217,-2.31186,0.258396,-0.253113,0
1619,2.57217,-2.31186,0.25825,-0.249048,0
1620,2.31651,-2.31859,0.258132,-0.245754,0
1621,2.31651,-2.31859,0.253204,-0.243211,0
1622,2.61651,-2.61859,0.249209,-0.241151,0
1623,2.61651,-2.61859,0.251645,-0.245155,0
1624,2.31651,-2.34944,0.253618,-0.248399,0
1625,2.31651,-2.34944,0.249545,-0.245938,0
1626,2.32312,-2.38782,0.246245,-0.243944,0
1627,2.32312,-2.38782,0.243695,-0.243054,0
1628,2.62312,-2.68782,0.241629,-0.242333,0
1629,2.62312,-2.68782,0.245627,-0.247421,0
1630,2.3541,-2.4088,0.248867,-0.251544,0
1631,2.3541,-2.4088,0.246406,-0.24961,0
1632,2.39255,-2.43702,0.244412,-0.248042,0
1633,2.39255,-2.43702,0.243522,-0.247305,0
1634,2.69255,-2.73702,0.242802,-0.246708,0
1635,2.69255,-2.73702,0.247891,-0.251896,0
1636,2.41361,-2.44931,0.252014,-0.2561,0
1637,2.41361,-2.44931,0.250081,-0.254067,0
1638,2.44185,-2.47372,0.248515,-0.25242,0
1639,2.44185,-2.47372,0.24778,-0.251547,0
1640,2.74185,-2.77372,0.247184,-0.250839,0
1641,2.74185,-2.77372,0.252373,-0.255937,0
1642,2.45417,-2.48501,0.256578,-0.260068,0
1643,2.45417,-2.48501,0.254546,-0.257957,0
1644,2.47858,-2.5097,0.2529,-0.256247,0
1645,2.47858,-2.5097,0.252028,-0.255328,0
1646,2.77858,-2.8097,0.251321,-0.254583,0
1647,2.77858,-2.8097,0.25642,-0.259651,0
1648,2.4899,-2.52159,0.260551,-0.263757,0
1649,2.4899,-2.52159,0.258441,-0.261638,0
1650,2.51459,-2.54675,0.256731,-0.259921,0
1651,2.51459,-2.54675,0.255813,-0.259006,0
1652,2.81459,-2.84675,0.255069,-0.258264,0
1653,2.81459,-2.84675,0.260137,-0.263333,0
1654,2.52651,-2.55882,0.264243,-0.267441,0
1655,2.52651,-2.55882,0.262125,-0.265327,0
1656,2.55167,-2.58399,0.260409,-0.263614,0
1657,2.55167,-2.58399,0.259494,-0.262701,0
1658,2.85167,-2.88399,0.258752,-0.261962,0
1659,2.85167,-2.88399,0.263822,-0.267034,0
1660,2.56376,-2.59595,0.26793,-0.271142,0
1661,2.56376,-2.59595,0.265816,-0.269028,0
1662,2.58896,-2.62109,0.264104,-0.267314,0
1663,2.58896,-2.62109,0.263192,-0.266401,0
1664,2.88896,-2.92109,0.262454,-0.265661,0
1665,2.88896,-2.92109,0.267526,-0.270732,0
1666,2.60094,-2.63294,0.271636,-0.27484,0
1667,2.60094,-2.63294,0.269522,-0.272723,0
1668,2.6261,-2.65806,0.267809,-0.271007,0
1669,2.6261,-2.65806,0.266897,-0.270092,0
1670,2.9261,-2.95806,0.266157,-0.269351,0
1671,2.9261,-2.95806,0.271228,-0.274419,0
1672,2.63796,-2.66983,0.275336,-0.278526,7.45341e-06
1673,2.63796,-2.66983,0.273263,-0.27645,3.60755e-05
1674,2.66307,-2.69496,0.271636,-0.27482,3.98497e-05
1675,2.66307,-2.69496,0.270797,-0.273979,3.98497e-05
1676,2.96307,-2.99496,0.270116,-0.273298,3.98497e-05
1677,2.96307,-2.99496,0.275235,-0.278415,4.06348e-05
1678,2.67487,-2.70664,0.279403,-0.282582,8.22528e-05
1679,2.67487,-2.70664,0.277468,-0.280643,0.000145488
1680,2.69967,-2.43994,0.276037,-0.27921,0.000178654
1681,2.69967,-2.43994,0.275414,-0.273078,0.000187175
1682,2.99967,-2.73994,0.27492,-0.268118,0.000187175
1683,2.99967,-2.73994,0.280189,-0.26977,0.000187175
1684,2.69967,-2.74453,0.284457,-0.271108,0.00018813
1685,2.69967,-2.74453,0.282261,-0.272293,0.000203212
1686,2.73668,-2.77441,0.280514,-0.273285,0.000210655
1687,2.73668,-2.77441,0.279813,-0.274669,0.000214917
1688,3.03668,-3.07441,0.279258,-0.275803,0.000222204
1689,3.03668,-3.07441,0.284496,-0.28241,0.000249074
1690,2.74668,-2.80919,0.288851,-0.287874,0.000335398
1691,2.74668,-2.80919,0.287146,-0.287536,0.000445307
1692,2.77137,-2.82548,0.286022,-0.287519,0.000528069
1693,2.77137,-2.82548,0.285773,-0.288007,0.000593712
1694,3.07137,-3.12548,0.28573,-0.288562,0.000650955
1695,3.07137,-3.12548,0.291503,-0.294819,0.000720053
1696,2.78164,-2.82548,0.296392,-0.300101,0.000843361
1697,2.78164,-2.82548,0.295218,-0.299051,0.000985686
1698,2.51213,-2.54658,0.294601,-0.298534,0.0010951
1699,2.51213,-2.54658,0.289269,-0.293107,0.00116627
1700,2.81213,-2.84658,0.285078,-0.288839,0.00117471
1701,2.81213,-2.84658,0.28736,-0.291058,0.00117471
1702,2.81215,-2.84249,0.289208,-0.292855,0.00117646
1703,2.81215,-2.84249,0.29072,-0.294248,0.00119379
1704,2.83678,-2.866,0.291998,-0.295429,0.00122411
1705,2.83678,-2.866,0.293581,-0.296913,0.00126453
1706,3.13678,-3.166,0.294973,-0.298225,0.00131541
1707,3.13678,-3.166,0.301901,-0.305086,0.00139081
1708,2.86671,-2.866,0.307748,-0.31088,0.00152891
1709,2.86671,-2.866,0.307763,-0.310287,0.00169229
1710,2.58911,-2.91274,0.308166,-0.310198,0.00182847
1711,2.58911,-2.91274,0.30358,-0.311338,0.0019395
1712,2.88911,-3.21274,0.300118,-0.312515,0.0020157
1713,2.88911,-3.21274,0.303153,-0.319308,0.00208597
1714,2.87904,-2.91274,0.305821,-0.325018,0.0021985
1715,2.87904,-2.91274,0.308095,-0.324284,0.00233021
1716,2.89665,-2.63164,0.310261,-0.324013,0.00245075
1717,2.89665,-2.63164,0.312646,-0.318785,0.00255594
1718,3.19665,-2.93164,0.314821,-0.314791,0.00263039
1719,3.19665,-2.93164,0.322419,-0.317391,0.00270167
1720,2.89665,-2.92381,0.328786,-0.319709,0.00281704
1721,2.89665,-2.92381,0.328592,-0.321751,0.00295288
1722,2.93145,-2.65369,0.32877,-0.32374,0.00307858
1723,2.93145,-2.65369,0.329882,-0.320564,0.00319046
1724,3.23145,-2.95369,0.331044,-0.318251,0.00327479
1725,3.23145,-2.95369,0.337847,-0.32224,0.00335806
1726,2.93145,-2.97495,0.3436,-0.325715,0.00348682
1727,2.93145,-2.97495,0.342946,-0.329277,0.00363785
1728,2.93602,-2.69956,0.342791,-0.332538,0.00378217
1729,2.93602,-2.69956,0.343112,-0.330342,0.00391391
1730,3.23602,-2.99956,0.343682,-0.328872,0.00401618
1731,3.23602,-2.99956,0.350047,-0.333588,0.00411608
1732,2.93602,-3.00931,0.355487,-0.337691,0.00426057
1733,2.93602,-3.00931,0.35462,-0.341585,0.00442636
1734,2.65988,-2.72507,0.354328,-0.345151,0.0045839
1735,2.65988,-2.72507,0.349274,-0.343069,0.00471936
1736,2.95988,-3.02507,0.345478,-0.34168,0.00479662
1737,2.95988,-3.02507,0.348229,-0.346382,0.00485227
1738,2.95533,-3.0291,0.35062,-0.350354,0.0049396
1739,2.95533,-3.0291,0.352707,-0.353884,0.00504811
1740,2.68602,-2.74232,0.354681,-0.357026,0.00517069
1741,2.68602,-2.74232,0.351515,-0.354477,0.00528632
1742,2.98602,-3.04232,0.349205,-0.352668,0.0053543
1743,2.98602,-3.04232,0.353143,-0.35701,0.00540774
1744,2.71468,-2.75455,0.356493,-0.360688,0.00549762
1745,2.71468,-2.75455,0.354333,-0.358484,0.00559554
1746,2.73252,-2.76349,0.352801,-0.356917,0.00565564
1747,2.73252,-2.76349,0.352029,-0.355948,0.00569107
1748,3.03252,-3.06349,0.351483,-0.355242,0.00571196
1749,3.03252,-3.06349,0.356745,-0.360375,0.00574059
1750,3.0434,-3.07081,0.361118,-0.364643,0.00582065
1751,3.0434,-3.07081,0.365093,-0.368465,0.0059357
1752,2.77793,-2.8051,0.36862,-0.371869,0.00607552
1753,2.77793,-2.8051,0.366834,-0.369979,0.0062163
1754,3.07793,-3.1051,0.365713,-0.368773,0.00631664
1755,3.07793,-3.1051,0.370695,-0.373687,0.00640725
1756,2.78776,-2.81593,0.374988,-0.377924,0.00653747
1757,2.78776,-2.81593,0.37334,-0.376251,0.00667722
1758,2.79325,-2.82232,0.372329,-0.375218,0.00677859
1759,2.79325,-2.82232,0.37185,-0.374739,0.00685441
1760,3.09325,-3.12232,0.371641,-0.37453,0.00691391
1761,3.09325,-3.12232,0.377271,-0.380159,0.00697993
1762,2.80437,-2.83397,0.382035,-0.384922,0.00709648
1763,2.80437,-2.83397,0.380764,-0.383662,0.00722999
1764,2.82815,-2.858,0.380047,-0.382953,0.00733026
1765,2.82815,-2.858,0.380151,-0.383068,0.0074095
1766,3.12815,-3.158,0.380426,-0.383352,0.00747822
1767,3.12815,-3.158,0.386474,-0.389407,0.00755732
1768,2.83631,-2.86616,0.391611,-0.39455,0.00768955
1769,2.83631,-2.86616,0.390629,-0.393573,0.00784026
1770,2.85711,-2.88691,0.390189,-0.393137,0.00795826
1771,2.85711,-2.88691,0.390506,-0.393456,0.00805538
1772,3.15711,-3.18691,0.390999,-0.393951,0.00814157
1773,3.15711,-3.18691,0.397265,-0.400218,0.00823786
1774,2.86201,-2.89179,0.402622,-0.405576,0.00838704
1775,2.86201,-2.89179,0.401801,-0.404755,0.00855436
1776,2.88071,-2.91045,0.401533,-0.404487,0.0086882
1777,2.88071,-2.91045,0.401988,-0.404942,0.00880052
1778,3.18071,-3.21045,0.402631,-0.405585,0.00890115
1779,3.18071,-3.21045,0.409054,-0.412007,0.00901133
1780,2.88395,-2.91368,0.414572,-0.417525,0.00917403
1781,2.88395,-2.91368,0.413885,-0.416838,0.00935449
1782,2.90143,-2.93117,0.413758,-0.416711,0.00950097
1783,2.90143,-2.93117,0.414337,-0.417289,0.00962551
1784,3.20143,-3.23117,0.41511,-0.418062,0.00973787
1785,3.20143,-3.23117,0.421666,-0.424618,0.00985945
1786,2.90351,-2.93327,0.42732,-0.430272,0.0100333
1787,2.90351,-2.93327,0.426752,-0.429704,0.0102246
1788,2.92,-2.65829,0.426748,-0.4297,0.0103817
1789,2.92,-2.65829,0.427433,-0.424895,0.010508
1790,3.22,-2.95829,0.428277,-0.42129,0.0105936
1791,3.22,-2.95829,0.434807,-0.424217,0.0106693
1792,2.92,-2.95274,0.440316,-0.426807,0.0107845
1793,2.92,-2.95274,0.439438,-0.42911,0.0109171
1794,2.93873,-2.97456,0.439052,-0.431301,0.0110378
1795,2.93873,-2.97456,0.439389,-0.433785,0.0111515
1796,3.23873,-3.27456,0.439947,-0.436082,0.0112636
1797,3.23873,-3.27456,0.446331,-0.443874,0.0113919
1798,2.93943,-2.97456,0.451866,-0.450551,0.0115772
1799,2.93943,-2.97456,0.451208,-0.450804,0.011783
1800,2.66552,-3.0118,0.45117,-0.451504,0.0119564
1801,2.66552,-3.0118,0.446401,-0.453192,0.0121008
1802,2.96552,-3.3118,0.442873,-0.454896,0.0122074
1803,2.96552,-3.3118,0.445914,-0.462174,0.012306
1804,2.96102,-3.0118,0.448656,-0.468347,0.0124453
1805,2.96102,-3.0118,0.451162,-0.468071,0.0126029
1806,2.69171,-3.01345,0.453582,-0.468236,0.0127492
1807,2.69171,-3.01345,0.450833,-0.468763,0.01288
1808,2.99171,-3.31345,0.448913,-0.469497,0.0129795
1809,2.99171,-3.31345,0.453241,-0.475973,0.0130756
1810,3.00979,-3.01345,0.457021,-0.481492,0.0132153
1811,3.00979,-3.01345,0.460797,-0.48069,0.0133759
1812,2.73275,-3.02391,0.464254,-0.480439,0.0135288
1813,2.73275,-3.02391,0.46222,-0.480814,0.0136686
1814,3.03275,-3.32391,0.460903,-0.481447,0.0137788
1815,3.03275,-3.32391,0.465746,-0.487868,0.0138866
1816,3.03962,-3.02391,0.469973,-0.493373,0.0140388
1817,3.03962,-3.02391,0.473932,-0.492593,0.0142121
1818,2.75513,-2.75198,0.477569,-0.492391,0.0143769
1819,2.75513,-2.75198,0.475572,-0.487521,0.0145195
1820,3.05513,-3.05198,0.47427,-0.483893,0.0146044
1821,3.05513,-3.05198,0.479047,-0.486783,0.0146678
1822,2.76619,-2.75499,0.483099,-0.489307,0.0147629
1823,2.76619,-2.75499,0.4812,-0.486019,0.0148621
1824,3.065,-2.77965,0.47988,-0.483574,0.0149189
1825,3.065,-2.77965,0.484556,-0.482179,0.0149566
1826,3.365,-3.07965,0.488448,-0.481152,0.0150063
1827,3.365,-3.07965,0.497375,-0.486097,0.0150815
1828,3.065,-3.09898,0.504842,-0.490337,0.0152199
1829,3.065,-3.09898,0.505626,-0.494515,0.0153923
1830,2.8045,-2.84101,0.506697,-0.498335,0.0155659
1831,2.8045,-2.84101,0.503101,-0.497014,0.015725
1832,3.1045,-3.14101,0.500552,-0.496307,0.0158342
1833,3.1045,-3.14101,0.504381,-0.501629,0.0159274
1834,2.8045,-2.85306,0.507743,-0.5062,0.0160559
1835,2.8045,-2.85306,0.505164,-0.504828,0.0161907
1836,2.80212,-2.85847,0.503384,-0.504025,0.0162845
1837,2.80212,-2.85847,0.502114,-0.503693,0.0163507
1838,3.10212,-3.15847,0.501237,-0.503577,0.0163986
1839,3.10212,-3.15847,0.506282,-0.509237,0.0164516
1840,2.82237,-2.86611,0.510538,-0.513992,0.0165541
1841,2.82237,-2.86611,0.509006,-0.512627,0.016673
1842,2.85332,-2.88926,0.508041,-0.511797,0.0167589
1843,2.85332,-2.88926,0.50804,-0.51176,0.0168241
1844,3.15332,-3.18926,0.508197,-0.511886,0.0168794
1845,3.15332,-3.18926,0.514101,-0.517765,0.0169456
1846,2.86502,-2.89586,0.519088,-0.522732,0.0170651
1847,2.86502,-2.89586,0.518035,-0.521567,0.0172034
1848,2.88889,-2.91813,0.517505,-0.520947,0.0173093
1849,2.88889,-2.91813,0.517776,-0.521114,0.0173949
1850,3.18889,-3.21813,0.518203,-0.521458,0.0174701
1851,3.18889,-3.21813,0.524375,-0.527561,0.0175559
1852,2.89368,-2.92298,0.529628,-0.532759,0.0176947
1853,2.89368,-2.92298,0.52871,-0.531797,0.0178518
1854,2.91391,-2.9437,0.528337,-0.531389,0.0179757
1855,2.91391,-2.9437,0.52871,-0.531743,0.0180783
1856,3.21391,-3.2437,0.529262,-0.532279,0.0181696
1857,3.21391,-3.2437,0.535574,-0.538578,0.0182708
1858,2.91656,-2.94681,0.54098,-0.543973,0.0184246
1859,2.91656,-2.94681,0.540183,-0.543176,0.0185962
1860,2.9355,-2.96603,0.539944,-0.542938,0.018734
1861,2.9355,-2.96603,0.540437,-0.543436,0.01885
1862,3.2355,-3.26603,0.54112,-0.544123,0.0189542
1863,3.2355,-3.26603,0.547568,-0.550574,0.0190678
1864,2.937,-2.96752,0.553115,-0.556123,0.0192337
1865,2.937,-2.96752,0.552442,-0.555453,0.0194172
1866,2.95498,-2.694,0.552334,-0.555347,0.0195664
1867,2.95498,-2.694,0.552943,-0.55048,0.019685
1868,3.25498,-2.994,0.553705,-0.546806,0.0197634
1869,3.25498,-2.994,0.560137,-0.549644,0.019832
1870,2.95498,-2.98767,0.565549,-0.552145,0.0199402
1871,2.95498,-2.98767,0.564589,-0.554344,0.0200658
1872,2.97439,-3.01078,0.564118,-0.556432,0.0201796
1873,2.97439,-3.01078,0.564382,-0.558839,0.0202865
1874,3.27439,-3.31078,0.564863,-0.561057,0.0203919
1875,3.27439,-3.31078,0.571154,-0.568754,0.0205136
1876,2.97439,-3.01078,0.576597,-0.575336,0.0206923
1877,2.97439,-3.01078,0.575849,-0.575511,0.0208916
1878,2.70154,-3.04826,0.575721,-0.57613,0.0210584
1879,2.70154,-3.04826,0.570896,-0.57774,0.0211963
1880,3.00154,-3.34826,0.567307,-0.579364,0.0212967
1881,3.00154,-3.34826,0.570268,-0.586548,0.0213893
1882,2.99604,-3.04826,0.57293,-0.592629,0.0215225
1883,2.99604,-3.04826,0.575338,-0.592278,0.0216739
1884,2.72794,-2.75654,0.577662,-0.592366,0.0218141
1885,2.72794,-2.75654,0.574856,-0.587307,0.0219302
1886,3.02794,-3.05654,0.572832,-0.583457,0.021987
1887,3.02794,-3.05654,0.576941,-0.586085,0.0220215
1888,3.04482,-3.04367,0.580379,-0.588324,0.022087
1889,3.04482,-3.04367,0.583661,-0.590076,0.0221733
1890,2.7689,-2.77315,0.586547,-0.591723,0.0222739
1891,2.7689,-2.77315,0.583964,-0.588238,0.0223679
1892,3.0689,-3.07315,0.582075,-0.585617,0.0224157
1893,3.0689,-3.07315,0.586275,-0.589224,0.0224496
1894,3.0752,-2.80008,0.58979,-0.592259,0.0225204
1895,3.0752,-2.80008,0.592952,-0.589786,0.022608
1896,2.79442,-3.09451,0.595727,-0.587997,0.0226864
1897,2.79442,-3.09451,0.592896,-0.592268,0.022759
1898,3.09442,-3.39451,0.590783,-0.595909,0.0228285
1899,3.09442,-3.39451,0.594878,-0.604663,0.0229134
1900,3.09932,-3.09451,0.598449,-0.612009,0.0230545
1901,3.09932,-3.09451,0.601817,-0.612711,0.0232248
1902,2.81903,-3.13756,0.604971,-0.613706,0.0233916
1903,2.81903,-3.13756,0.602683,-0.615739,0.0235492
1904,3.11903,-3.43756,0.601208,-0.617763,0.0236822
1905,3.11903,-3.43756,0.605967,-0.625356,0.023816
1906,2.83311,-3.13756,0.610193,-0.631876,0.0239961
1907,2.83311,-3.13756,0.608726,-0.632005,0.0241902
1908,3.11749,-2.83756,0.608,-0.632571,0.0243485
1909,3.11749,-2.83756,0.613129,-0.627783,0.0244821
1910,3.41749,-3.13756,0.617608,-0.624227,0.0245978
1911,3.41749,-3.13756,0.627148,-0.627257,0.0247189
1912,3.11749,-2.83756,0.635216,-0.630053,0.0248894
1913,3.11749,-2.83756,0.636577,-0.627142,0.0250754
1914,2.85311,-2.8473,0.638121,-0.625226,0.0252258
1915,2.85311,-2.8473,0.634774,-0.624217,0.0253445
1916,3.15311,-3.1473,0.632331,-0.623668,0.0254224
1917,3.15311,-3.1473,0.636155,-0.629029,0.0254903
1918,2.85311,-2.87149,0.639453,-0.633571,0.0255973
1919,2.85311,-2.87149,0.636786,-0.632365,0.0257138
1920,2.84139,-2.90449,0.63489,-0.631653,0.0257923
1921,2.84139,-2.90449,0.633313,-0.631875,0.0258459
1922,3.14139,-3.20449,0.63216,-0.632178,0.0258844
1923,3.14139,-3.20449,0.636943,-0.638141,0.02593
1924,2.85869,-2.9122,0.640969,-0.643124,0.0260265
1925,2.85869,-2.9122,0.639195,-0.641945,0.0261403
1926,2.8907,-2.93439,0.638021,-0.641252,0.0262214
1927,2.8907,-2.93439,0.637859,-0.641296,0.0262822
1928,3.1907,-3.23439,0.637873,-0.641477,0.0263334
1929,3.1907,-3.23439,0.643636,-0.647375,0.0263955
1930,2.9019,-2.93622,0.648499,-0.652348,0.0265109
1931,2.9019,-2.93622,0.647339,-0.651101,0.0266448
1932,2.92744,-2.95745,0.646712,-0.650404,0.0267462
1933,2.92744,-2.95745,0.646923,-0.650476,0.0268268
1934,3.22744,-3.25745,0.647289,-0.65073,0.0268971
1935,3.22744,-3.25745,0.653383,-0.656734,0.0269777
1936,2.93095,-2.95958,0.658561,-0.661838,0.0271112
1937,2.93095,-2.95958,0.657558,-0.66075,0.0272628
1938,2.95201,-2.98083,0.657103,-0.660225,0.0273809
1939,2.95201,-2.98083,0.657409,-0.660479,0.0274775
1940,3.25201,-3.28083,0.657892,-0.66092,0.0275629
1941,3.25201,-3.28083,0.664118,-0.667111,0.027658
1942,2.95274,-2.98217,0.669439,-0.672404,0.0278056
1943,2.95274,-2.98217,0.668536,-0.67149,0.0279709
1944,2.97242,-3.00226,0.668196,-0.67114,0.0281021
1945,2.97242,-3.00226,0.668602,-0.671547,0.0282114
1946,3.27242,-3.30226,0.669198,-0.672143,0.0283089
1947,3.27242,-3.30226,0.675543,-0.678489,0.0284158
1948,2.97242,-3.00226,0.680991,-0.683936,0.0285749
1949,2.97242,-3.00226,0.680207,-0.683152,0.0287515
1950,2.69932,-3.02077,0.679991,-0.682936,0.0288936
1951,2.69932,-3.02077,0.675038,-0.683449,0.029005
1952,2.99932,-3.32077,0.671276,-0.684115,0.0290762
1953,2.99932,-3.32077,0.674011,-0.690437,0.0291378
1954,2.99122,-3.02077,0.676411,-0.695741,0.0292388
1955,2.99122,-3.02077,0.678477,-0.69469,0.0293572
1956,3.01516,-3.03897,0.680439,-0.694128,0.0294635
1957,3.01516,-3.03897,0.68274,-0.694275,0.0295629
1958,3.31516,-3.33897,0.684852,-0.694644,0.0296607
1959,3.31516,-3.33897,0.692431,-0.700808,0.0297748
1960,3.03797,-3.03897,0.698898,-0.70613,0.0299457
1961,3.03797,-3.03897,0.699401,-0.705279,0.0301377
1962,2.75837,-3.05835,0.70027,-0.70505,0.0302995
1963,2.75837,-3.05835,0.696128,-0.705621,0.0304333
1964,3.05837,-3.35835,0.69308,-0.706391,0.0305283
1965,3.05837,-3.35835,0.696452,-0.712855,0.0306145
1966,3.03937,-3.05835,0.69943,-0.718336,0.0307406
1967,3.03937,-3.05835,0.701823,-0.717495,0.0308842
1968,2.764,-2.78391,0.704114,-0.717165,0.0310149
1969,2.764,-2.78391,0.701133,-0.712081,0.0311208
1970,3.064,-3.08391,0.698942,-0.708185,0.031168
1971,3.064,-3.08391,0.702878,-0.710738,0.031193
1972,3.07479,-2.78391,0.706151,-0.712892,0.031249
1973,3.07479,-2.78391,0.709161,-0.709174,0.0313175
1974,2.79853,-3.08272,0.711762,-0.706324,0.0313721
1975,2.79853,-3.08272,0.708825,-0.709742,0.0314179
1976,3.09853,-3.38272,0.706558,-0.712624,0.0314596
1977,3.09853,-3.38272,0.710443,-0.72068,0.0315158
1978,3.1034,-3.08272,0.713772,-0.727387,0.0316276
1979,3.1034,-3.08272,0.71687,-0.727512,0.0317681
1980,2.82443,-3.13961,0.71973,-0.727964,0.0319052
1981,2.82443,-3.13961,0.717165,-0.729738,0.0320333
1982,3.12443,-3.43961,0.715393,-0.731481,0.0321383
1983,3.12443,-3.43961,0.719829,-0.738762,0.032245
1984,3.1289,-3.13961,0.723725,-0.744963,0.0323988
1985,3.1289,-3.13961,0.727375,-0.744779,0.0325753
1986,2.84861,-2.84493,0.73077,-0.74507,0.0327444
1987,2.84861,-2.84493,0.728694,-0.740211,0.0328915
1988,3.14861,-3.14493,0.72734,-0.736602,0.0329799
1989,3.14861,-3.14493,0.732054,-0.739488,0.033046
1990,3.14956,-3.12775,0.736061,-0.742014,0.0331431
1991,3.14956,-3.12775,0.739585,-0.743999,0.0332604
1992,2.86551,-2.85558,0.742743,-0.745911,0.0333898
1993,2.86551,-2.85558,0.740316,-0.742697,0.0335112
1994,3.16551,-3.15558,0.73862,-0.740363,0.0335845
1995,3.16551,-3.15558,0.743023,-0.744249,0.0336427
1996,2.87226,-2.87723,0.746762,-0.74757,0.0337368
1997,2.87226,-2.87723,0.744557,-0.745304,0.0338382
1998,2.88236,-2.89648,0.742997,-0.743695,0.0339007
1999,2.88236,-2.89648,0.74206,-0.74289,0.0339379
2000,3.18236,-3.19648,0.741384,-0.742321,0.0339603
2001,3.18236,-3.19648,0.746501,-0.747525,0.0339901
2002,3.1835,-2.9103,0.750758,-0.751852,0.0340708
2003,3.1835,-2.9103,0.754456,-0.750229,0.0341772
2004,2.9189,-3.2103,0.757716,-0.749179,0.0342791
2005,2.9189,-3.2103,0.75566,-0.754197,0.0343788
2006,3.2189,-3.5103,0.754245,-0.758513,0.0344796
2007,3.2189,-3.5103,0.758968,-0.767877,0.0345985
2008,2.92393,-3.2103,0.763135,-0.775803,0.0347753
2009,2.92393,-3.2103,0.761464,-0.777084,0.0349735
2010,2.93213,-2.94489,0.760586,-0.778598,0.0351404
2011,2.93213,-2.94489,0.760433,-0.775264,0.0352786
2012,3.23213,-3.24489,0.760629,-0.772883,0.0353777
2013,3.23213,-3.24489,0.766631,-0.776796,0.0354679
2014,2.93904,-2.94489,0.771749,-0.780222,0.0355979
2015,2.93904,-2.94489,0.770758,-0.777732,0.0357373
2016,2.96361,-2.93076,0.770278,-0.776037,0.0358375
2017,2.96361,-2.93076,0.770581,-0.774633,0.0359116
2018,3.26361,-3.23076,0.771001,-0.773669,0.0359688
2019,3.26361,-3.23076,0.777089,-0.778636,0.0360321
2020,2.96361,-2.94415,0.782216,-0.782855,0.0361452
2021,2.96361,-2.94415,0.781067,-0.781221,0.0362747
2022,2.98314,-2.97451,0.780438,-0.780198,0.0363701
2023,2.98314,-2.97451,0.780517,-0.780161,0.0364441
2024,3.28314,-3.27451,0.780759,-0.780309,0.0365074
2025,3.28314,-3.27451,0.78672,-0.786195,0.0365809
2026,2.98314,-2.97451,0.791772,-0.791185,0.0367069
2027,2.98314,-2.97451,0.790597,-0.789961,0.0368507
2028,3.00153,-3.00694,0.789983,-0.789306,0.0369605
2029,3.00153,-3.00694,0.790089,-0.789641,0.0370488
2030,3.30153,-3.30694,0.790388,-0.790127,0.0371264
2031,3.30153,-3.30694,0.796431,-0.796321,0.0372141
2032,3.00153,-3.00694,0.801585,-0.801597,0.0373544
2033,3.00153,-3.00694,0.80053,-0.800641,0.0375125
2034,3.02086,-3.02648,0.800048,-0.800239,0.0376364
2035,3.02086,-3.02648,0.800314,-0.800574,0.0377385
2036,3.32086,-3.32648,0.800778,-0.801093,0.0378288
2037,3.32086,-3.32648,0.806984,-0.807344,0.0379284
2038,3.02086,-3.02648,0.812299,-0.812696,0.0380799
2039,3.02086,-3.02648,0.811404,-0.811831,0.0382489
2040,3.04033,-3.04181,0.811079,-0.81153,0.0383835
2041,3.04033,-3.04181,0.811501,-0.811894,0.0384959
2042,3.34033,-3.34181,0.812117,-0.812463,0.0385959
2043,3.34033,-3.34181,0.81847,-0.818777,0.0387049
2044,3.04033,-3.04181,0.823927,-0.824204,0.0388657
2045,3.04033,-3.04181,0.823171,-0.823423,0.0390436
2046,2.76375,-3.05786,0.822981,-0.823213,0.039187
2047,2.76375,-3.05786,0.818003,-0.823687,0.0392997
2048,3.06375,-3.35786,0.814223,-0.824324,0.0393715
2049,3.06375,-3.35786,0.816928,-0.830608,0.0394334
2050,3.05239,-3.05786,0.819304,-0.835881,0.0395342
2051,3.05239,-3.05786,0.821289,-0.834821,0.0396521
2052,3.07585,-3.07243,0.823185,-0.834249,0.0397575
2053,3.07585,-3.07243,0.825419,-0.834318,0.0398556
2054,3.37585,-3.37243,0.827474,-0.834619,0.0399516
2055,3.37585,-3.37243,0.834984,-0.840708,0.0400634
2056,3.07585,-3.07243,0.84139,-0.845962,0.0402315
2057,3.07585,-3.07243,0.841425,-0.845065,0.0404198
2058,3.10955,-2.79497,0.841904,-0.844789,0.0405758
2059,3.10955,-2.79497,0.843297,-0.839758,0.0407028
2060,3.40955,-3.09497,0.844718,-0.835974,0.0407915
2061,3.40955,-3.09497,0.851677,-0.838718,0.0408719
2062,3.10955,-2.79497,0.857546,-0.841173,0.0409924
2063,3.10955,-2.79497,0.85702,-0.837879,0.0411223
2064,3.10766,-3.09497,0.856892,-0.835509,0.0412126
2065,3.10766,-3.09497,0.85696,-0.839401,0.0412849
2066,3.40766,-3.39497,0.857205,-0.842744,0.0413676
2067,3.40766,-3.39497,0.86322,-0.851269,0.0414748
2068,3.10766,-3.09497,0.868406,-0.858489,0.0416439
2069,3.10766,-3.09497,0.867462,-0.859191,0.0418372
2070,2.82359,-3.1449,0.867161,-0.860225,0.0420007
2071,2.82359,-3.1449,0.862011,-0.862391,0.0421372
2072,3.12359,-3.4449,0.858155,-0.864463,0.0422376
2073,3.12359,-3.4449,0.860868,-0.871978,0.042331
2074,2.82359,-3.1449,0.863331,-0.878329,0.0424654
2075,2.82359,-3.1449,0.860083,-0.878232,0.0426098
2076,3.12359,-2.8449,0.857786,-0.878488,0.042715
2077,3.12359,-2.8449,0.861772,-0.873341,0.0427937
2078,3.42359,-3.1449,0.865187,-0.869356,0.0428546
2079,3.42359,-3.1449,0.873699,-0.871873,0.0429209
2080,3.12359,-2.8449,0.880796,-0.874115,0.0430364
2081,3.12359,-2.8449,0.88126,-0.870645,0.0431675
2082,2.88164,-3.13874,0.88194,-0.868138,0.0432632
2083,2.88164,-3.13874,0.878198,-0.871816,0.0433364
2084,3.18164,-3.43874,0.875342,-0.874972,0.0433986
2085,3.18164,-3.43874,0.87878,-0.883279,0.0434705
2086,2.88164,-3.13874,0.881784,-0.890227,0.0435947
2087,2.88164,-3.13874,0.878956,-0.890594,0.0437365
2088,2.87745,-2.89793,0.876997,-0.891224,0.0438442
2089,2.87745,-2.89793,0.875585,-0.887494,0.0439218
2090,3.17745,-3.19793,0.874609,-0.884639,0.0439605
2091,3.17745,-3.19793,0.879497,-0.888004,0.0439903
2092,3.18362,-2.89793,0.88356,-0.890833,0.0440598
2093,3.18362,-2.89793,0.887161,-0.887721,0.0441476
2094,2.92275,-2.89522,0.890291,-0.885413,0.044225
2095,2.92275,-2.89522,0.888148,-0.883682,0.0442877
2096,3.22275,-3.19522,0.886548,-0.882416,0.0443205
2097,3.22275,-3.19522,0.890918,-0.887058,0.0443504
2098,2.92664,-2.90978,0.894566,-0.890925,0.0444242
2099,2.92664,-2.90978,0.892202,-0.888937,0.0445105
2100,2.93553,-2.94397,0.890478,-0.887518,0.0445608
2101,2.93553,-2.94397,0.889356,-0.887116,0.044588
2102,3.23553,-3.24397,0.888507,-0.886849,0.0446031
2103,3.23553,-3.24397,0.89345,-0.892264,0.0446274
2104,2.94105,-2.95033,0.897552,-0.89675,0.0447035
2105,2.94105,-2.95033,0.895598,-0.895121,0.0447973
2106,2.97022,-2.97678,0.894226,-0.894013,0.0448582
2107,2.97022,-2.97678,0.893797,-0.893746,0.0448984
2108,3.27022,-3.27678,0.893542,-0.893624,0.0449289
2109,3.27022,-3.27678,0.899007,-0.899196,0.0449703
2110,2.97368,-2.97678,0.903576,-0.903851,0.0450646
2111,2.97368,-2.97678,0.902008,-0.902289,0.0451772
2112,2.99941,-2.99995,0.900996,-0.901282,0.0452564
2113,2.99941,-2.99995,0.90084,-0.901081,0.0453145
2114,3.29941,-3.29995,0.900852,-0.901057,0.0453622
2115,3.29941,-3.29995,0.906574,-0.90675,0.0454201
2116,2.99941,-2.99995,0.911393,-0.911545,0.0455305
2117,2.99941,-2.99995,0.910003,-0.910137,0.0456588
2118,3.02168,-3.02084,0.909176,-0.909294,0.0457532
2119,3.02168,-3.02084,0.909142,-0.909222,0.045826
2120,3.32168,-3.32084,0.909289,-0.909339,0.0458875
2121,3.32168,-3.32084,0.915154,-0.915179,0.0459586
2122,3.02168,-3.02084,0.920122,-0.920126,0.046082
2123,3.02168,-3.02084,0.918887,-0.918875,0.0462229
2124,3.04031,-3.03958,0.918216,-0.91819,0.0463297
2125,3.04031,-3.03958,0.918271,-0.918237,0.0464145
2126,3.34031,-3.33958,0.918521,-0.91848,0.0464874
2127,3.34031,-3.33958,0.924497,-0.92445,0.0465695
2128,3.04031,-3.03958,0.929581,-0.92953,0.0467035
2129,3.04031,-3.03958,0.928468,-0.928413,0.0468547
2130,2.76511,-3.05596,0.927922,-0.927863,0.0469718
2131,2.76511,-3.05596,0.922625,-0.928002,0.0470582
2132,3.06511,-3.35596,0.918522,-0.928302,0.0471042
2133,3.06511,-3.35596,0.920889,-0.934235,0.0471405
2134,3.05336,-3.05596,0.922926,-0.939161,0.0472158
2135,3.05336,-3.05596,0.924565,-0.937766,0.0473083
2136,3.07892,-3.07212,0.926118,-0.93686,0.0473884
2137,3.07892,-3.07212,0.928047,-0.936623,0.0474614
2138,3.37892,-3.37212,0.929793,-0.936614,0.0475327
2139,3.37892,-3.37212,0.93698,-0.942378,0.0476201
2140,3.09803,-3.07212,0.943062,-0.947307,0.047764
2141,3.09803,-3.07212,0.943142,-0.946098,0.0479288
2142,2.82048,-3.08772,0.943599,-0.945511,0.0480632
2143,2.82048,-3.08772,0.939119,-0.945649,0.0481696
2144,3.12048,-3.38772,0.935728,-0.946001,0.048237
2145,3.12048,-3.38772,0.938725,-0.952028,0.0482955
2146,3.09792,-3.08772,0.941329,-0.957087,0.0483937
2147,3.09792,-3.08772,0.943284,-0.955859,0.0485092
2148,3.11607,-3.1052,0.945149,-0.955146,0.0486115
2149,3.11607,-3.1052,0.94725,-0.955145,0.0487059
2150,3.41607,-3.4052,0.949187,-0.95538,0.0487976
2151,3.41607,-3.4052,0.956577,-0.961391,0.0489048
2152,3.11607,-3.1052,0.962873,-0.96657,0.0490678
2153,3.11607,-3.1052,0.96282,-0.965613,0.049251
2154,3.14295,-3.12032,0.963215,-0.965275,0.0494017
2155,3.14295,-3.12032,0.964399,-0.965645,0.0495317
2156,3.44295,-3.42032,0.965677,-0.966265,0.0496508
2157,3.44295,-3.42032,0.972597,-0.972652,0.0497799
2158,3.14295,-3.12032,0.978565,-0.978187,0.0499611
2159,3.14295,-3.12032,0.978291,-0.977564,0.0501599
2160,3.13859,-3.13363,0.978545,-0.977534,0.0503246
2161,3.13859,-3.13363,0.979067,-0.978156,0.0504664
2162,3.43859,-3.43363,0.979836,-0.979006,0.0505935
2163,3.43859,-3.43363,0.98636,-0.985595,0.0507277
2164,3.13859,-3.13363,0.992018,-0.991306,0.0509124
2165,3.13859,-3.13363,0.991504,-0.990835,0.0511134
2166,3.1408,-3.14179,0.991568,-0.990933,0.0512795
2167,3.1408,-3.14179,0.992061,-0.991566,0.0514222
2168,3.4408,-3.44179,0.992809,-0.992426,0.0515499
2169,3.4408,-3.44179,0.999316,-0.999024,0.0516847
2170,3.1408,-3.14179,1.00496,-1.00474,0.0518698
2171,3.1408,-3.14179,1.00444,-1.00428,0.0520711
2172,2.85569,-2.85578,1.0045,-1.00439,0.0522374
2173,2.85569,-2.85578,0.999638,-0.999551,0.0523636
2174,3.15569,-3.15578,0.995967,-0.995898,0.0524193
2175,3.15569,-3.15578,0.998685,-0.99863,0.0524449
2176,2.85569,-2.85578,1.00097,-1.00093,0.0524959
2177,2.85569,-2.85578,0.997374,-0.997342,0.0525465
2178,3.1478,-2.86875,0.994556,-0.994532,0.0525513
2179,3.1478,-2.86875,0.997702,-0.992486,0.052534
2180,3.4478,-3.16875,1.00021,-0.99079,0.0525252
2181,3.4478,-3.16875,1.00782,-0.994986,0.0525393
2182,3.1478,-3.17741,1.01405,-0.998465,0.0526146
2183,3.1478,-3.17741,1.01374,-1.00166,0.0527223
2184,2.90359,-2.92137,1.01376,-1.00453,0.0528296
2185,2.90359,-2.92137,1.00949,-1.00235,0.052922
2186,3.20359,-3.22137,1.00624,-1.00078,0.0529664
2187,3.20359,-3.22137,1.00927,-1.00518,0.0529956
2188,2.90359,-2.92695,1.01183,-1.00885,0.0530604
2189,2.90359,-2.92695,1.0085,-1.00652,0.0531318
2190,2.90618,-2.93794,1.00595,-1.00478,0.0531624
2191,2.90618,-2.93794,1.00399,-1.00363,0.0531659
2192,3.20618,-3.23794,1.0024,-1.0027,0.0531522
2193,3.20618,-3.23794,1.00665,-1.00749,0.0531444
2194,2.92039,-2.94048,1.01012,-1.01138,0.0531861
2195,2.92039,-2.94048,1.00773,-1.00913,0.0532442
2196,2.95595,-2.96924,1.00592,-1.00743,0.0532689
2197,2.95595,-2.96924,1.00516,-1.00663,0.053273
2198,3.25595,-3.26924,1.00454,-1.00598,0.0532681
2199,3.25595,-3.26924,1.00962,-1.01103,0.0532746
2200,2.96144,-3.26183,1.01378,-1.01517,0.0533342
2201,2.96144,-3.26183,1.01185,-1.01857,0.0534209
2202,3.26144,-2.99583,1.0105,-1.02153,0.0535026
2203,3.26144,-2.99583,1.01519,-1.01919,0.0535818
2204,3.56144,-3.29583,1.01919,-1.01748,0.0536619
2205,3.56144,-3.29583,1.02822,-1.02189,0.0537599
2206,3.26144,-2.99583,1.03582,-1.02575,0.0539152
2207,3.26144,-2.99583,1.03681,-1.02371,0.0540918
2208,2.99323,-3.00256,1.03804,-1.02248,0.0542367
2209,2.99323,-3.00256,1.03439,-1.02196,0.0543526
2210,3.29323,-3.30256,1.03169,-1.0218,0.0544291
2211,3.29323,-3.30256,1.03527,-1.02743,0.0544964
2212,2.99323,-3.00436,1.03836,-1.03218,0.054603
2213,2.99323,-3.00436,1.03557,-1.03077,0.0547186
2214,2.9756,-3.03024,1.03357,-1.02989,0.0547947
2215,2.9756,-3.03024,1.0318,-1.02984,0.0548444
2216,3.2756,-3.33024,1.03048,-1.0299,0.054877
2217,3.2756,-3.33024,1.03506,-1.03561,0.0549153
2218,2.9844,-3.03024,1.0389,-1.04037,0.0550031
2219,2.9844,-3.03024,1.03685,-1.03888,0.0551069
2220,2.72452,-3.04671,1.03541,-1.03792,0.0551765
2221,2.72452,-3.04671,1.02958,-1.0376,0.0552159
2222,3.02452,-3.34671,1.02492,-1.03741,0.0552166
2223,3.02452,-3.34671,1.02671,-1.04283,0.0552086
2224,3.02015,-3.04671,1.02817,-1.04722,0.0552403
2225,3.02015,-3.04671,1.02937,-1.0453,0.0552899
2226,3.05203,-3.06204,1.03046,-1.04386,0.0553283
2227,3.05203,-3.06204,1.03203,-1.04307,0.0553605
2228,3.35203,-3.36204,1.03338,-1.04251,0.0553921
2229,3.35203,-3.36204,1.04013,-1.04772,0.0554406
2230,3.07217,-3.06204,1.04577,-1.0521,0.055546
2231,3.07217,-3.06204,1.04542,-1.05036,0.0556728
2232,3.08898,-3.08361,1.04544,-1.04925,0.0557696
2233,3.08898,-3.08361,1.04599,-1.04898,0.0558475
2234,3.38898,-3.38361,1.04663,-1.04895,0.0559153
2235,3.38898,-3.38361,1.05289,-1.05467,0.0559937
2236,3.08898,-3.08361,1.0582,-1.05954,0.0561247
2237,3.08898,-3.08361,1.05727,-1.05826,0.0562736
2238,3.08757,-3.10337,1.05687,-1.05757,0.0563887
2239,3.08757,-3.10337,1.0568,-1.05766,0.0564816
2240,3.38757,-3.40337,1.05696,-1.05795,0.0565608
2241,3.38757,-3.40337,1.06286,-1.06396,0.056648
2242,3.08757,-3.10337,1.0679,-1.06908,0.0567861
2243,3.08757,-3.10337,1.06678,-1.06803,0.056941
2244,2.80257,-2.82476,1.06623,-1.06754,0.0570614
2245,2.80257,-2.82476,1.06077,-1.06225,0.0571422
2246,3.10257,-3.12476,1.0565,-1.05811,0.0571536
2247,3.10257,-3.12476,1.05862,-1.06033,0.0571356
2248,3.08723,-3.10876,1.06031,-1.06211,0.0571434
2249,3.08723,-3.10876,1.06142,-1.06328,0.0571678
2250,3.1124,-3.13331,1.06239,-1.0643,0.0572008
2251,3.1124,-3.13331,1.06374,-1.06567,0.057241
2252,3.4124,-3.43331,1.06493,-1.06688,0.0572898
2253,3.4124,-3.43331,1.0716,-1.07357,0.0573616
2254,3.1124,-3.13331,1.07723,-1.07922,0.0574943
2255,3.1124,-3.13331,1.07658,-1.07858,0.0576505
2256,3.14751,-3.16711,1.07642,-1.07843,0.0577768
2257,3.14751,-3.16711,1.07725,-1.07924,0.0578848
2258,3.44751,-3.46711,1.07819,-1.08016,0.0579856
2259,3.44751,-3.46711,1.08477,-1.08674,0.0580988
2260,3.14751,-3.16711,1.09043,-1.09239,0.0582657
2261,3.14751,-3.16711,1.08989,-1.09183,0.0584513
2262,2.85475,-2.87402,1.08989,-1.09183,0.0586036
2263,2.85475,-2.87402,1.08481,-1.08674,0.0587166
2264,3.15475,-3.17402,1.08093,-1.08286,0.0587585
2265,3.15475,-3.17402,1.08344,-1.08535,0.0587699
2266,3.13377,-3.15304,1.08552,-1.08743,0.0588065
2267,3.13377,-3.15304,1.08691,-1.08882,0.0588586
2268,2.86323,-2.8827,1.08818,-1.09008,0.058918
2269,2.86323,-2.8827,1.08433,-1.08623,0.0589666
2270,3.16323,-3.1827,1.0813,-1.0832,0.0589668
2271,3.16323,-3.1827,1.0844,-1.0863,0.0589518
2272,3.1697,-3.18912,1.0869,-1.0888,0.0589722
2273,3.1697,-3.18912,1.08911,-1.09101,0.0590167
2274,2.89851,-2.91793,1.09102,-1.09293,0.0590784
2275,2.89851,-2.91793,1.0877,-1.0896,0.0591358
2276,3.19851,-3.21793,1.08512,-1.08702,0.0591492
2277,3.19851,-3.21793,1.08862,-1.09052,0.0591502
2278,3.19894,-3.21829,1.09148,-1.09338,0.0591885
2279,3.19894,-3.21829,1.09392,-1.09582,0.0592519
2280,2.92328,-2.94269,1.09607,-1.09797,0.059332
2281,2.92328,-2.94269,1.0929,-1.0948,0.0594075
2282,3.22328,-3.24269,1.09049,-1.09239,0.0594379
2283,3.22328,-3.24269,1.09416,-1.09606,0.0594552
2284,3.2203,-3.23961,1.09721,-1.09911,0.0595093
2285,3.2203,-3.23961,1.09978,-1.10168,0.059588
2286,2.94266,-2.96199,1.10207,-1.10396,0.0596825
2287,2.94266,-2.96199,1.09901,-1.1009,0.0597715
2288,3.24266,-3.26199,1.09672,-1.09862,0.0598147
2289,3.24266,-3.26199,1.10053,-1.10242,0.0598443
2290,3.23822,-2.96604,1.10371,-1.10561,0.0599103
2291,3.23822,-2.96604,1.1064,-1.10287,0.059992
2292,2.9595,-3.26024,1.10877,-1.10085,0.0600614
2293,2.9595,-3.26024,1.10568,-1.10485,0.0601229
2294,3.2595,-3.56024,1.10332,-1.10825,0.0601802
2295,3.2595,-3.56024,1.10713,-1.11671,0.0602518
2296,2.96252,-3.26024,1.11044,-1.12378,0.0603786
2297,2.96252,-3.26024,1.10795,-1.12429,0.0605251
2298,3.25612,-2.99573,1.10627,-1.12504,0.0606393
2299,3.25612,-2.99573,1.11064,-1.12101,0.0607326
2300,3.55612,-3.29573,1.11441,-1.11797,0.060814
2301,3.55612,-3.29573,1.12323,-1.12128,0.0609045
2302,3.25612,-3.25967,1.13064,-1.12423,0.0610466
2303,3.25612,-3.25967,1.13146,-1.12632,0.0612135
2304,2.98958,-2.98086,1.13253,-1.12844,0.0613714
2305,2.98958,-2.98086,1.12884,-1.12537,0.0615074
2306,3.28958,-3.28086,1.12616,-1.12318,0.0615871
2307,3.28958,-3.28086,1.12972,-1.12715,0.0616462
2308,3.25098,-2.98835,1.13279,-1.13054,0.061737
2309,3.25098,-2.98835,1.13479,-1.1281,0.0618394
2310,2.96987,-3.00443,1.13667,-1.12636,0.0619244
2311,2.96987,-3.00443,1.13317,-1.12546,0.0619899
2312,3.26987,-3.30443,1.13047,-1.12487,0.0620223
2313,3.26987,-3.30443,1.13393,-1.13003,0.0620495
2314,2.97527,-3.29851,1.13683,-1.13431,0.0621188
2315,2.97527,-3.29851,1.1339,-1.13786,0.0622077
2316,2.99213,-3.0337,1.13174,-1.14096,0.0622868
2317,2.99213,-3.0337,1.1305,-1.13874,0.0623522
2318,3.29213,-3.3337,1.12964,-1.13709,0.0623893
2319,3.29213,-3.3337,1.1346,-1.1414,0.0624248
2320,2.99797,-3.0337,1.13873,-1.14501,0.0625047
2321,2.99797,-3.0337,1.13684,-1.14259,0.0625972
2322,3.02946,-3.03523,1.13552,-1.14084,0.062653
2323,3.02946,-3.03523,1.13515,-1.13957,0.062685
2324,3.32946,-3.33523,1.13492,-1.13861,0.0627035
2325,3.32946,-3.33523,1.14035,-1.14345,0.0627302
2326,3.02946,-3.03523,1.14485,-1.14746,0.062808
2327,3.02946,-3.03523,1.14315,-1.14537,0.0629026
2328,3.32946,-3.06216,1.14198,-1.14389,0.0629629
2329,3.32946,-3.06216,1.14674,-1.14332,0.0630096
2330,3.62946,-3.36216,1.15072,-1.14299,0.0630718
2331,3.62946,-3.36216,1.15968,-1.14846,0.0631616
2332,3.32946,-3.06216,1.16721,-1.15316,0.0633155
2333,3.32946,-3.06216,1.16816,-1.15182,0.0634949
2334,3.04666,-3.08444,1.16936,-1.15116,0.0636457
2335,3.04666,-3.08444,1.16545,-1.15141,0.0637696
2336,3.34666,-3.38444,1.16257,-1.15189,0.0638557
2337,3.34666,-3.38444,1.166,-1.15805,0.0639335
2338,3.04666,-3.08444,1.169,-1.16327,0.0640512
2339,3.04666,-3.08444,1.16618,-1.16224,0.0641782
2340,3.02521,-3.0968,1.16419,-1.1617,0.0642659
2341,3.02521,-3.0968,1.16238,-1.16169,0.0643268
2342,3.32521,-3.3968,1.16105,-1.16182,0.064369
2343,3.32521,-3.3968,1.16564,-1.16759,0.0644158
2344,3.02521,-3.0968,1.16951,-1.17242,0.0645112
2345,3.02521,-3.0968,1.16734,-1.17103,0.0646219
2346,3.06443,-3.10232,1.16584,-1.17015,0.0646971
2347,3.06443,-3.10232,1.16552,-1.16972,0.0647498
2348,3.36443,-3.40232,1.16539,-1.16949,0.0647908
2349,3.36443,-3.40232,1.17094,-1.17497,0.064841
2350,3.06443,-3.10232,1.17561,-1.17957,0.0649428
2351,3.06443,-3.10232,1.1741,-1.17802,0.065062
2352,3.08831,-3.11231,1.17316,-1.17703,0.0651472
2353,3.08831,-3.11231,1.17303,-1.17662,0.0652105
2354,3.38831,-3.41231,1.17308,-1.17643,0.0652616
2355,3.38831,-3.41231,1.17881,-1.18197,0.0653216
2356,3.08831,-3.11231,1.18364,-1.18664,0.0654331
2357,3.08831,-3.11231,1.18229,-1.18517,0.0655618
2358,3.10029,-2.83367,1.1815,-1.18427,0.0656564
2359,3.10029,-2.83367,1.1813,-1.1786,0.0657204
2360,3.40029,-3.13367,1.18127,-1.17414,0.0657435
2361,3.40029,-3.13367,1.18685,-1.17612,0.0657563
2362,3.10029,-3.11778,1.19143,-1.17779,0.0658078
2363,3.10029,-3.11778,1.18972,-1.179,0.0658761
2364,3.11161,-3.14478,1.1885,-1.18014,0.0659316
2365,3.11161,-3.14478,1.18786,-1.1817,0.0659796
2366,3.41161,-3.44478,1.18745,-1.18308,0.0660254
2367,3.41161,-3.44478,1.1928,-1.18988,0.0660869
2368,3.11161,-3.15942,1.19733,-1.19558,0.0662044
2369,3.11161,-3.15942,1.19576,-1.19523,0.0663425
2370,3.12369,-2.88341,1.19482,-1.19527,0.06645
2371,3.12369,-2.88341,1.19453,-1.19044,0.0665292
2372,3.42369,-3.18341,1.19447,-1.1867,0.0665693
2373,3.42369,-3.18341,1.20006,-1.18931,0.0666003
2374,3.12369,-3.15654,1.2047,-1.19154,0.0666708
2375,3.12369,-3.15654,1.20309,-1.19304,0.0667581
2376,3.13862,-3.17625,1.202,-1.19446,0.0668321
2377,3.13862,-3.17625,1.20157,-1.19616,0.0668978
2378,3.43862,-3.47625,1.20138,-1.1977,0.0669607
2379,3.43862,-3.47625,1.20695,-1.20467,0.0670388
2380,3.13862,-3.18549,1.2117,-1.21055,0.0671725
2381,3.13862,-3.18549,1.21035,-1.21029,0.0673264
2382,2.85802,-2.90696,1.20962,-1.21044,0.067449
2383,2.85802,-2.90696,1.20412,-1.20569,0.0675343
2384,3.15802,-3.20696,1.19983,-1.20201,0.0675522
2385,3.15802,-3.20696,1.20193,-1.2046,0.067542
2386,3.14098,-3.1784,1.20362,-1.20669,0.0675583
2387,3.14098,-3.1784,1.20473,-1.20791,0.0675913
2388,2.87526,-2.90573,1.20572,-1.20899,0.0676318
2389,2.87526,-2.90573,1.2017,-1.20491,0.067662
2390,3.17526,-3.20573,1.19848,-1.20165,0.0676444
2391,3.17526,-3.20573,1.20137,-1.2045,0.0676119
2392,3.18141,-3.20792,1.20365,-1.20676,0.0676149
2393,3.18141,-3.20792,1.20564,-1.20865,0.067642
2394,2.91167,-2.93704,1.20734,-1.21026,0.0676859
2395,2.91167,-2.93704,1.20382,-1.20667,0.0677256
2396,3.21167,-3.23704,1.20105,-1.20382,0.0677213
2397,3.21167,-3.23704,1.20433,-1.20704,0.0677047
2398,3.21011,-3.2359,1.20697,-1.20964,0.0677255
2399,3.21011,-3.2359,1.20915,-1.21179,0.0677711
2400,3.22681,-3.25315,1.21105,-1.21367,0.0678333
2401,3.22681,-3.25315,1.21306,-1.21567,0.0679074
2402,3.52681,-3.55315,1.21488,-1.21748,0.067992
2403,3.52681,-3.55315,1.22213,-1.22473,0.0681009
2404,3.22681,-3.25315,1.22833,-1.23092,0.0682713
2405,3.22681,-3.25315,1.22825,-1.23083,0.0684657
2406,3.23948,-3.26656,1.22865,-1.23123,0.0686304
2407,3.23948,-3.26656,1.2296,-1.2322,0.0687759
2408,3.53948,-3.56656,1.23074,-1.23334,0.0689103
2409,3.53948,-3.56656,1.23755,-1.24016,0.0690543
2410,3.23948,-3.26656,1.24347,-1.24608,0.06925
2411,3.23948,-3.26656,1.24322,-1.24584,0.0694629
2412,3.22678,-2.96656,1.24353,-1.24615,0.0696419
2413,3.22678,-2.96656,1.24398,-1.24128,0.0697888
2414,3.52678,-3.26656,1.24468,-1.23767,0.0698903
2415,3.52678,-3.26656,1.25104,-1.24054,0.0699786
2416,3.22678,-3.23541,1.25644,-1.24311,0.0701032
2417,3.22678,-3.23541,1.25558,-1.24495,0.0702426
2418,2.92902,-2.9621,1.25523,-1.24678,0.0703667
2419,2.92902,-2.9621,1.24974,-1.2435,0.0704641
2420,3.22902,-3.2621,1.24549,-1.24105,0.0705001
2421,3.22902,-3.2621,1.24766,-1.24468,0.0705121
2422,2.92902,-2.97061,1.24947,-1.24767,0.0705534
2423,2.92902,-2.97061,1.2455,-1.24481,0.0705973
2424,3.22886,-2.98853,1.24236,-1.24258,0.0705983
2425,3.22886,-2.98853,1.24536,-1.24108,0.0705794
2426,3.52886,-3.28853,1.24774,-1.23982,0.0705713
2427,3.52886,-3.28853,1.25522,-1.24435,0.0705877
2428,3.22886,-3.28187,1.26136,-1.24811,0.070666
2429,3.22886,-3.28187,1.26101,-1.25125,0.0707768
2430,2.98215,-3.01999,1.261,-1.25408,0.0708863
2431,2.98215,-3.01999,1.25669,-1.25179,0.0709801
2432,3.28215,-3.31999,1.25341,-1.25013,0.0710248
2433,3.28215,-3.31999,1.25639,-1.25444,0.0710536
2434,2.98215,-3.01999,1.25891,-1.25803,0.0711173
2435,2.98215,-3.01999,1.25556,-1.25555,0.071187
2436,2.97735,-3.02505,1.253,-1.25369,0.0712152
2437,2.97735,-3.02505,1.25089,-1.25233,0.0712157
2438,3.27735,-3.32505,1.24916,-1.25122,0.0711974
2439,3.27735,-3.32505,1.25327,-1.25581,0.0711839
2440,3.27622,-3.31257,1.25659,-1.25954,0.071219
2441,3.27622,-3.31257,1.25938,-1.26244,0.0712862
2442,3.0172,-3.04769,1.26182,-1.26497,0.071374
2443,3.0172,-3.04769,1.25923,-1.26235,0.0714604
2444,3.3172,-3.34769,1.25732,-1.26041,0.0715062
2445,3.3172,-3.34769,1.26143,-1.26449,0.0715418
2446,3.0172,-3.04769,1.26487,-1.26792,0.071616
2447,3.0172,-3.04769,1.26231,-1.26534,0.0716988
2448,3.02722,-3.05277,1.26041,-1.26343,0.0717419
2449,3.02722,-3.05277,1.25915,-1.26207,0.0717587
2450,3.32722,-3.35277,1.25816,-1.261,0.0717589
2451,3.32722,-3.35277,1.2629,-1.26568,0.0717653
2452,3.02722,-3.05277,1.2668,-1.26952,0.0718212
2453,3.02722,-3.05277,1.26457,-1.26724,0.0718931
2454,3.05304,-3.07906,1.26291,-1.26555,0.0719302
2455,3.05304,-3.07906,1.26212,-1.26475,0.0719455
2456,3.35304,-3.37906,1.26152,-1.26412,0.0719499
2457,3.35304,-3.37906,1.26659,-1.26918,0.0719644
2458,3.05304,-3.07906,1.27077,-1.27335,0.0720309
2459,3.05304,-3.07906,1.2688,-1.27137,0.0721151
2460,3.35304,-3.37906,1.26738,-1.26995,0.0721658
2461,3.35304,-3.37906,1.27191,-1.27447,0.072211
2462,3.65304,-3.67906,1.27571,-1.27827,0.0722979
2463,3.65304,-3.67906,1.28459,-1.28714,0.0724299
2464,3.35304,-3.37906,1.29217,-1.29472,0.0726375
2465,3.35304,-3.37906,1.29331,-1.29586,0.0728784
2466,3.07088,-3.09799,1.29483,-1.29737,0.0730959
2467,3.07088,-3.09799,1.29137,-1.29393,0.0732815
2468,3.37088,-3.39799,1.28898,-1.29156,0.0734027
2469,3.37088,-3.39799,1.29288,-1.29547,0.0734978
2470,3.07088,-3.09799,1.2963,-1.2989,0.0736207
2471,3.07088,-3.09799,1.29383,-1.29644,0.0737449
2472,3.04451,-2.79799,1.29212,-1.29473,0.0738244
2473,3.04451,-2.79799,1.29042,-1.28797,0.0738645
2474,3.34451,-3.09799,1.28911,-1.28256,0.0738535
2475,3.34451,-3.09799,1.29354,-1.28368,0.0738252
2476,3.04451,-3.07323,1.29709,-1.28454,0.0738309
2477,3.04451,-3.07323,1.29444,-1.2848,0.07385
2478,3.0745,-3.1073,1.29233,-1.28506,0.0738535
2479,3.0745,-3.1073,1.29118,-1.28589,0.0738484
2480,3.3745,-3.4073,1.29024,-1.28656,0.0738424
2481,3.3745,-3.4073,1.29501,-1.29264,0.073853
2482,3.0745,-3.12553,1.29894,-1.29763,0.0739201
2483,3.0745,-3.12553,1.29677,-1.29665,0.0740083
2484,3.09806,-3.14663,1.29521,-1.29606,0.0740667
2485,3.09806,-3.14663,1.29452,-1.2961,0.0741063
2486,3.39806,-3.44663,1.29405,-1.29623,0.0741365
2487,3.39806,-3.44663,1.29929,-1.30196,0.0741777
2488,3.09806,-3.14663,1.30368,-1.30674,0.0742715
2489,3.09806,-3.14663,1.30194,-1.30532,0.0743833
2490,3.11579,-3.14651,1.3008,-1.30443,0.0744618
2491,3.11579,-3.14651,1.30038,-1.30389,0.0745184
2492,3.41579,-3.44651,1.30017,-1.30358,0.0745614
2493,3.41579,-3.44651,1.30565,-1.30899,0.0746125
2494,3.11579,-3.14651,1.31026,-1.31353,0.0747144
2495,3.11579,-3.14651,1.30872,-1.31194,0.074833
2496,3.12712,-2.86055,1.30775,-1.31093,0.0749174
2497,3.12712,-2.86055,1.30737,-1.30501,0.0749709
2498,3.42712,-3.16055,1.30717,-1.30032,0.0749827
2499,3.42712,-3.16055,1.31256,-1.30208,0.0749838
2500,3.12712,-3.14175,1.31696,-1.30354,0.0750231
2501,3.12712,-3.14175,1.31509,-1.30449,0.0750788
2502,3.13722,-3.16909,1.31371,-1.30539,0.0751213
2503,3.13722,-3.16909,1.31287,-1.30673,0.0751561
2504,3.43722,-3.46909,1.31229,-1.3079,0.0751884
2505,3.43722,-3.46909,1.31744,-1.31447,0.0752362
2506,3.13722,-3.18155,1.32177,-1.31996,0.0753398
2507,3.13722,-3.18155,1.32002,-1.31937,0.0754639
2508,3.14747,-3.19802,1.3189,-1.31919,0.0755572
2509,3.14747,-3.19802,1.31839,-1.31956,0.0756304
2510,3.44747,-3.49802,1.31816,-1.32004,0.0756922
2511,3.44747,-3.49802,1.32367,-1.32613,0.0757633
2512,3.14747,-3.19802,1.32835,-1.33128,0.075886
2513,3.14747,-3.19802,1.32693,-1.33023,0.0760261
2514,3.16062,-3.19216,1.3261,-1.32971,0.0761323
2515,3.16062,-3.19216,1.32592,-1.32944,0.0762158
2516,3.46062,-3.49216,1.32598,-1.32941,0.0762846
2517,3.46062,-3.49216,1.33174,-1.3351,0.0763606
2518,3.16062,-3.19216,1.33664,-1.33994,0.0764867
2519,3.16062,-3.19216,1.3354,-1.33866,0.0766292
2520,2.87538,-2.90027,1.33472,-1.33795,0.076737
2521,2.87538,-2.90027,1.32916,-1.33223,0.0768051
2522,3.17538,-3.20027,1.32477,-1.32772,0.0768027
2523,3.17538,-3.20027,1.32672,-1.32957,0.0767702
2524,3.15345,-3.17869,1.32824,-1.33101,0.0767629
2525,3.15345,-3.17869,1.32906,-1.33177,0.0767712
2526,2.88653,-2.91221,1.32975,-1.33241,0.0767867
2527,2.88653,-2.91221,1.32541,-1.32804,0.0767918
2528,3.18653,-3.21221,1.32188,-1.32448,0.0767496
2529,3.18653,-3.21221,1.32443,-1.32702,0.0766928
2530,3.1899,-3.21643,1.32639,-1.32896,0.0766716
2531,3.1899,-3.21643,1.328,-1.33057,0.0766746
2532,3.21282,-3.23985,1.32932,-1.3319,0.0766944
2533,3.21282,-3.23985,1.33087,-1.33346,0.0767268
2534,3.51282,-3.53985,1.33222,-1.33482,0.0767711
2535,3.51282,-3.53985,1.33898,-1.34158,0.0768406
2536,3.21282,-3.23985,1.34467,-1.34728,0.0769722
2537,3.21282,-3.23985,1.3441,-1.34671,0.0771282
2538,3.23119,-3.25845,1.34401,-1.34662,0.0772551
2539,3.23119,-3.25845,1.34458,-1.3472,0.0773633
2540,3.53119,-3.55845,1.3453,-1.34793,0.0774617
2541,3.53119,-3.55845,1.35168,-1.35431,0.0775706
2542,3.23119,-3.25845,1.35716,-1.35979,0.0777317
2543,3.23119,-3.25845,1.35648,-1.35912,0.0779106
2544,3.22145,-3.24873,1.35636,-1.359,0.0780558
2545,3.22145,-3.24873,1.35643,-1.35907,0.0781777
2546,3.52145,-3.54873,1.35678,-1.35942,0.0782824
2547,3.52145,-3.54873,1.36286,-1.36551,0.0783926
2548,3.22145,-3.24873,1.3681,-1.37075,0.0785517
2549,3.22145,-3.24873,1.36722,-1.36987,0.0787263
2550,3.21714,-2.95303,1.36693,-1.36958,0.0788657
2551,3.21714,-2.95303,1.36694,-1.36421,0.0789728
2552,3.51714,-3.25303,1.36719,-1.3601,0.0790355
2553,3.51714,-3.25303,1.37307,-1.36245,0.0790854
2554,3.21714,-3.22776,1.37799,-1.3645,0.079172
2555,3.21714,-3.22776,1.37667,-1.36593,0.0792738
2556,2.92485,-2.95812,1.37584,-1.36734,0.0793612
2557,2.92485,-2.95812,1.36998,-1.36371,0.0794227
2558,3.22485,-3.25812,1.36534,-1.36088,0.0794244
2559,3.22485,-3.25812,1.36711,-1.36411,0.079403
2560,2.92485,-2.96678,1.3685,-1.36669,0.0794115
2561,2.92485,-2.96678,1.36413,-1.36343,0.0794231
2562,3.21875,-3.26678,1.36058,-1.36079,0.0793921
2563,3.21875,-3.26678,1.36304,-1.3641,0.0793496
2564,3.51875,-3.56678,1.36495,-1.3667,0.0793442
2565,3.51875,-3.56678,1.37205,-1.37435,0.0793809
2566,3.21875,-3.26678,1.37795,-1.3807,0.0794912
2567,3.21875,-3.26678,1.37749,-1.38061,0.0796336
2568,2.97364,-3.00576,1.37746,-1.38087,0.0797521
2569,2.97364,-3.00576,1.3732,-1.37655,0.0798398
2570,3.27364,-3.30576,1.36992,-1.37323,0.0798687
2571,3.27364,-3.30576,1.37285,-1.37613,0.0798752
2572,3.24058,-3.26811,1.37527,-1.37852,0.0799119
2573,3.24058,-3.26811,1.37672,-1.37986,0.0799669
2574,2.96649,-2.99205,1.37804,-1.38109,0.0800287
2575,2.96649,-2.99205,1.3742,-1.37715,0.0800793
2576,3.26649,-3.29205,1.37119,-1.37404,0.0800808
2577,3.26649,-3.29205,1.37426,-1.37705,0.0800665
2578,2.9696,-2.99532,1.37675,-1.37948,0.0800869
2579,2.9696,-2.99532,1.37334,-1.37603,0.0801136
2580,2.98913,-3.01545,1.37062,-1.37327,0.0800996
2581,2.98913,-3.01545,1.36872,-1.37136,0.0800596
2582,3.28913,-3.31545,1.36707,-1.36969,0.080005
2583,3.28913,-3.31545,1.37114,-1.37375,0.0799579
2584,3.28224,-3.30911,1.37435,-1.37695,0.0799611
2585,3.28224,-3.30911,1.37685,-1.37945,0.0799979
2586,3.02284,-3.04995,1.37899,-1.38159,0.080056
2587,3.02284,-3.04995,1.37608,-1.3787,0.0801137
2588,3.32284,-3.34995,1.37385,-1.37646,0.0801318
2589,3.32284,-3.34995,1.37761,-1.38023,0.0801404
2590,3.02284,-3.04995,1.3807,-1.38332,0.080188
2591,3.02284,-3.04995,1.3778,-1.38043,0.0802446
2592,3.03023,-3.05762,1.37557,-1.3782,0.0802618
2593,3.03023,-3.05762,1.37392,-1.37655,0.080253
2594,3.33023,-3.35762,1.37255,-1.37519,0.0802279
2595,3.33023,-3.35762,1.37691,-1.37956,0.080209
2596,3.31762,-3.05762,1.38043,-1.38308,0.0802397
2597,3.31762,-3.05762,1.38315,-1.3805,0.0802946
2598,3.0546,-3.35762,1.38549,-1.37854,0.0803421
2599,3.0546,-3.35762,1.38264,-1.3826,0.0803857
2600,3.3546,-3.65762,1.38044,-1.38601,0.0804294
2601,3.3546,-3.65762,1.38431,-1.39442,0.0804903
2602,3.0546,-3.35762,1.38764,-1.40143,0.080608
2603,3.0546,-3.35762,1.38512,-1.40189,0.0807464
2604,3.05789,-3.0888,1.38341,-1.40258,0.0808534
2605,3.05789,-3.0888,1.38233,-1.39844,0.0809316
2606,3.35789,-3.3888,1.38163,-1.39525,0.0809703
2607,3.35789,-3.3888,1.38668,-1.39828,0.0809996
2608,3.05789,-3.0888,1.39087,-1.40084,0.0810678
2609,3.05789,-3.0888,1.38892,-1.39756,0.081145
2610,3.35789,-3.06658,1.3875,-1.39507,0.0811828
2611,3.35789,-3.06658,1.39197,-1.39272,0.081202
2612,3.65789,-3.36658,1.39564,-1.39087,0.0812297
2613,3.65789,-3.36658,1.40423,-1.39499,0.0812803
2614,3.35789,-3.06845,1.41136,-1.3985,0.0813915
2615,3.35789,-3.06845,1.41191,-1.39614,0.0815261
2616,3.07627,-3.10174,1.41267,-1.39455,0.0816311
2617,3.07627,-3.10174,1.40833,-1.39412,0.0817091
2618,3.37627,-3.40174,1.40499,-1.39395,0.0817501
2619,3.37627,-3.40174,1.4079,-1.39943,0.0817833
2620,3.07627,-3.10174,1.41038,-1.40399,0.0818567
2621,3.07627,-3.10174,1.40705,-1.40234,0.0819396
2622,3.0515,-3.40174,1.40453,-1.40119,0.0819838
2623,3.0515,-3.40174,1.40213,-1.40589,0.0820096
2624,3.3515,-3.70174,1.40025,-1.40976,0.0820439
2625,3.3515,-3.70174,1.40436,-1.41853,0.082101
2626,3.05384,-3.40174,1.40788,-1.42582,0.0822186
2627,3.05384,-3.40174,1.40555,-1.42651,0.0823596
2628,3.08748,-3.11293,1.40401,-1.42741,0.0824711
2629,3.08748,-3.11293,1.40364,-1.42307,0.0825554
2630,3.38748,-3.41293,1.40353,-1.41974,0.082602
2631,3.38748,-3.41293,1.40908,-1.42267,0.0826405
2632,3.08748,-3.11293,1.4137,-1.42518,0.0827188
2633,3.08748,-3.11293,1.41211,-1.42189,0.0828064
2634,3.1077,-3.08754,1.41103,-1.41941,0.0828551
2635,3.1077,-3.08754,1.41062,-1.41704,0.0828774
2636,3.4077,-3.38754,1.41034,-1.41517,0.0828815
2637,3.4077,-3.38754,1.41565,-1.41919,0.0828906
2638,3.1077,-3.08918,1.42,-1.4225,0.0829483
2639,3.1077,-3.08918,1.41817,-1.41985,0.0830214
2640,3.11265,-3.12252,1.41684,-1.41785,0.0830598
2641,3.11265,-3.12252,1.41593,-1.41694,0.0830757
2642,3.41265,-3.42252,1.41522,-1.41622,0.0830796
2643,3.41265,-3.42252,1.4202,-1.42119,0.0830924
2644,3.11265,-3.12252,1.42429,-1.42528,0.0831566
2645,3.11265,-3.12252,1.42226,-1.42324,0.0832379
2646,3.12013,-3.14499,1.4208,-1.42177,0.0832855
2647,3.12013,-3.14499,1.41985,-1.4211,0.0833112
2648,3.42013,-3.44499,1.41914,-1.42061,0.0833245
2649,3.42013,-3.44499,1.42413,-1.42578,0.0833465
2650,3.12013,-3.14499,1.42826,-1.43006,0.0834196
2651,3.12013,-3.14499,1.42628,-1.42819,0.0835099
2652,2.83978,-3.15605,1.42488,-1.42689,0.0835662
2653,2.83978,-3.15605,1.41869,-1.42616,0.0835921
2654,3.13978,-3.45605,1.41372,-1.42561,0.0835771
2655,3.13978,-3.45605,1.41517,-1.43064,0.0835519
2656,3.12042,-3.15605,1.41631,-1.43467,0.0835651
2657,3.12042,-3.15605,1.41693,-1.43246,0.0835949
2658,3.14965,-2.87266,1.41749,-1.43073,0.0836118
2659,3.14965,-2.87266,1.41853,-1.42414,0.0836127
2660,3.44965,-3.17266,1.41934,-1.41878,0.0835838
2661,3.44965,-3.17266,1.42546,-1.41989,0.0835519
2662,3.16049,-3.15233,1.43036,-1.42074,0.0835634
2663,3.16049,-3.15233,1.42904,-1.4211,0.0835951
2664,3.1786,-3.18328,1.42805,-1.42146,0.0836171
2665,3.1786,-3.18328,1.42763,-1.42238,0.0836338
2666,3.4786,-3.48328,1.42733,-1.42317,0.0836508
2667,3.4786,-3.48328,1.43267,-1.42938,0.083685
2668,3.1786,-3.19644,1.43713,-1.43455,0.083776
2669,3.1786,-3.19644,1.43545,-1.43369,0.0838883
2670,3.17424,-3.21584,1.43436,-1.43326,0.0839706
2671,3.17424,-3.21584,1.43358,-1.43346,0.0840329
2672,3.47424,-3.51584,1.4331,-1.43377,0.084083
2673,3.47424,-3.51584,1.43837,-1.43968,0.0841419
2674,3.17424,-3.21584,1.44282,-1.44465,0.084252
2675,3.17424,-3.21584,1.44119,-1.44344,0.0843791
2676,3.18121,-2.91655,1.44017,-1.44276,0.0844723
2677,3.18121,-2.91655,1.43969,-1.4369,0.0845342
2678,3.48121,-3.21655,1.43942,-1.43228,0.0845531
2679,3.48121,-3.21655,1.44477,-1.4341,0.0845602
2680,3.18121,-3.18957,1.44914,-1.43562,0.0846046
2681,3.18121,-3.18957,1.44728,-1.43648,0.0846646
2682,3.18644,-3.21363,1.44592,-1.43732,0.0847105
2683,3.18644,-3.21363,1.44501,-1.43855,0.0847476
2684,3.48644,-3.51363,1.44437,-1.43964,0.084781
2685,3.48644,-3.51363,1.44947,-1.44614,0.084829
2686,3.18644,-3.22143,1.45376,-1.45157,0.084932
2687,3.18644,-3.22143,1.45199,-1.45086,0.0850549
2688,3.19413,-2.94556,1.45084,-1.45057,0.0851464
2689,3.19413,-2.94556,1.45027,-1.44546,0.0852091
2690,3.49413,-3.24556,1.44993,-1.44145,0.085232
2691,3.49413,-3.24556,1.45523,-1.44377,0.0852455
2692,3.19413,-3.21294,1.45958,-1.44572,0.0852978
2693,3.19413,-3.21294,1.45773,-1.44684,0.0853666
2694,2.9095,-3.23329,1.45639,-1.44792,0.0854213
2695,2.9095,-3.23329,1.45018,-1.4493,0.085459
2696,3.2095,-3.53329,1.44523,-1.45048,0.0854653
2697,3.2095,-3.53329,1.44675,-1.45698,0.0854677
2698,3.18661,-3.23329,1.44802,-1.46228,0.0855126
2699,3.18661,-3.23329,1.44876,-1.46117,0.0855768
2700,3.2144,-3.25266,1.44951,-1.46043,0.0856296
2701,3.2144,-3.25266,1.45076,-1.46031,0.0856759
2702,3.5144,-3.55266,1.45189,-1.46033,0.0857215
2703,3.5144,-3.55266,1.45845,-1.46599,0.0857837
2704,3.2144,-3.25266,1.46396,-1.47078,0.0859021
2705,3.2144,-3.25266,1.46322,-1.46944,0.0860411
2706,3.24263,-2.95266,1.46294,-1.46869,0.0861484
2707,3.24263,-2.95266,1.4635,-1.46281,0.0862267
2708,3.54263,-3.25266,1.46411,-1.4582,0.0862649
2709,3.54263,-3.25266,1.47022,-1.46009,0.0862932
2710,3.24263,-3.22516,1.47527,-1.46171,0.0863601
2711,3.24263,-3.22516,1.47401,-1.46271,0.0864435
2712,2.94263,-2.95828,1.47319,-1.46371,0.0865133
2713,2.94263,-2.95828,1.46716,-1.45977,0.0865575
2714,3.24263,-3.25828,1.46235,-1.45665,0.0865418
2715,3.24263,-3.25828,1.46391,-1.45959,0.0865032
2716,3.20855,-3.2583,1.46511,-1.46189,0.0864943
2717,3.20855,-3.2583,1.46543,-1.46375,0.0865044
2718,2.94115,-2.98749,1.46573,-1.46528,0.0865248
2719,2.94115,-2.98749,1.4611,-1.46159,0.0865366
2720,3.24115,-3.28749,1.45734,-1.45859,0.0865021
2721,3.24115,-3.28749,1.45972,-1.46159,0.0864537
2722,3.24299,-3.27793,1.46156,-1.46392,0.0864412
2723,3.24299,-3.27793,1.46306,-1.46562,0.0864526
2724,2.97638,-3.294,1.46432,-1.46704,0.0864795
2725,2.97638,-3.294,1.4605,-1.46856,0.0865096
2726,3.27638,-3.594,1.45746,-1.46985,0.0865229
2727,3.27638,-3.594,1.46056,-1.47646,0.086542
2728,3.27069,-3.294,1.46316,-1.48189,0.0866104
2729,3.27069,-3.294,1.46536,-1.48096,0.0867029
2730,2.99752,-3.3026,1.46736,-1.48043,0.0867885
2731,2.99752,-3.3026,1.46416,-1.48037,0.0868618
2732,3.29752,-3.6026,1.46173,-1.48049,0.0869068
2733,3.29752,-3.6026,1.46539,-1.48621,0.08695
2734,3.28664,-3.3026,1.4685,-1.49099,0.0870371
2735,3.28664,-3.3026,1.47106,-1.48957,0.0871446
2736,3.29994,-3.2912,1.4734,-1.48868,0.0872424
2737,3.29994,-3.2912,1.47577,-1.488,0.0873336
2738,3.59994,-3.5912,1.47793,-1.48767,0.0874204
2739,3.59994,-3.5912,1.48542,-1.49315,0.0875213
2740,3.29994,-3.2912,1.49178,-1.49788,0.0876767
2741,3.29994,-3.2912,1.49182,-1.4966,0.0878515
2742,3.29819,-2.99973,1.49227,-1.49598,0.0879938
2743,3.29819,-2.99973,1.49294,-1.49044,0.0881058
2744,3.59819,-3.29973,1.49374,-1.48621,0.0881754
2745,3.59819,-3.29973,1.50007,-1.48847,0.0882334
2746,3.29819,-3.27472,1.50536,-1.49047,0.0883288
2747,3.29819,-3.27472,1.50439,-1.49189,0.0884399
2748,2.99819,-3.0069,1.50386,-1.49331,0.088537
2749,2.99819,-3.0069,1.49815,-1.48976,0.0886083
2750,3.29819,-3.3069,1.49365,-1.48702,0.0886196
2751,3.29819,-3.3069,1.49554,-1.49033,0.0886075
2752,2.99819,-3.01233,1.49706,-1.493,0.0886251
2753,2.99819,-3.01233,1.49282,-1.48979,0.0886456
2754,3.27416,-3.31233,1.48941,-1.48721,0.0886231
2755,3.27416,-3.31233,1.49165,-1.49058,0.0885884
2756,3.57416,-3.61233,1.49341,-1.49324,0.0885888
2757,3.57416,-3.61233,1.50038,-1.50095,0.0886299
2758,3.27416,-3.31233,1.50618,-1.50734,0.0887435
2759,3.27416,-3.31233,1.50567,-1.50732,0.0888885
2760,3.02316,-3.04617,1.50561,-1.50764,0.0890093
2761,3.02316,-3.04617,1.50122,-1.5033,0.089099
2762,3.32316,-3.34617,1.49785,-1.49996,0.0891286
2763,3.32316,-3.34617,1.5007,-1.50282,0.0891351
2764,3.28699,-3.3044,1.50304,-1.50518,0.0891711
2765,3.28699,-3.3044,1.50437,-1.50643,0.0892249
2766,3.01273,-3.02714,1.50559,-1.50758,0.0892845
2767,3.01273,-3.02714,1.50168,-1.50356,0.0893322
2768,3.31273,-3.32714,1.4986,-1.50038,0.0893305
2769,3.31273,-3.32714,1.5016,-1.50331,0.0893126
2770,3.01291,-3.02714,1.50401,-1.50566,0.0893291
2771,3.01291,-3.02714,1.50049,-1.50209,0.0893515
2772,3.03204,-3.04658,1.49767,-1.49923,0.0893327
2773,3.03204,-3.04658,1.49567,-1.4972,0.0892873
2774,3.33204,-3.34658,1.49393,-1.49544,0.0892271
2775,3.33204,-3.34658,1.49789,-1.49937,0.0891741
2776,3.32206,-3.04658,1.50099,-1.50247,0.0891712
2777,3.32206,-3.04658,1.50334,-1.49946,0.0891931
2778,3.06248,-3.34658,1.5053,-1.49708,0.0892082
2779,3.06248,-3.34658,1.50213,-1.50071,0.08922
2780,3.36248,-3.64658,1.4996,-1.50368,0.0892325
2781,3.36248,-3.64658,1.50311,-1.51165,0.0892626
2782,3.06248,-3.34658,1.50607,-1.51822,0.0893497
2783,3.06248,-3.34658,1.50318,-1.51826,0.0894579
2784,3.06735,-3.08818,1.50109,-1.51854,0.0895349
2785,3.06735,-3.08818,1.49967,-1.51419,0.0895836
2786,3.36735,-3.38818,1.49861,-1.51076,0.0895943
2787,3.36735,-3.38818,1.50329,-1.51352,0.0895964
2788,3.35277,-3.08818,1.50712,-1.51578,0.0896381
2789,3.35277,-3.08818,1.51007,-1.51222,0.0896972
2790,3.0888,-3.35908,1.51261,-1.50947,0.0897443
2791,3.0888,-3.35908,1.50991,-1.51234,0.0897835
2792,3.3888,-3.65908,1.50781,-1.51477,0.0898179
2793,3.3888,-3.65908,1.51173,-1.52234,0.0898661
2794,3.0888,-3.35908,1.51507,-1.52864,0.0899688
2795,3.0888,-3.35908,1.51252,-1.5285,0.0900907
2796,3.08454,-3.09458,1.51075,-1.52867,0.0901803
2797,3.08454,-3.09458,1.50944,-1.52414,0.0902404
2798,3.38454,-3.39458,1.5085,-1.5206,0.0902604
2799,3.38454,-3.39458,1.5133,-1.52329,0.0902706
2800,3.08454,-3.09458,1.51724,-1.52552,0.0903194
2801,3.08454,-3.09458,1.51505,-1.52194,0.0903769
2802,3.38454,-3.07834,1.51339,-1.51915,0.090395
2803,3.38454,-3.07834,1.5176,-1.51663,0.0903947
2804,3.68454,-3.37834,1.52101,-1.51458,0.0904035
2805,3.68454,-3.37834,1.52933,-1.51848,0.0904355
2806,3.38454,-3.0792,1.5362,-1.52177,0.0905281
2807,3.38454,-3.0792,1.53649,-1.51918,0.0906443
2808,3.09917,-3.11387,1.537,-1.51735,0.0907311
2809,3.09917,-3.11387,1.53236,-1.51672,0.0907909
2810,3.39917,-3.41387,1.52873,-1.51633,0.0908137
2811,3.39917,-3.41387,1.53135,-1.52157,0.0908286
2812,3.09917,-3.11387,1.53354,-1.52589,0.0908835
2813,3.09917,-3.11387,1.52995,-1.52402,0.090948
2814,3.07394,-3.41387,1.52717,-1.52264,0.0909737
2815,3.07394,-3.41387,1.5245,-1.52709,0.0909812
2816,3.37394,-3.71387,1.52236,-1.53073,0.0909972
2817,3.37394,-3.71387,1.5262,-1.53924,0.0910359
2818,3.07477,-3.41387,1.52945,-1.54627,0.091135
2819,3.07477,-3.41387,1.52686,-1.54672,0.0912575
2820,3.10977,-3.12444,1.52504,-1.54738,0.0913504
2821,3.10977,-3.12444,1.52443,-1.5428,0.0914162
2822,3.40977,-3.42444,1.52407,-1.53922,0.0914444
2823,3.40977,-3.42444,1.52937,-1.54191,0.0914646
2824,3.10977,-3.12444,1.53373,-1.54416,0.0915245
2825,3.10977,-3.12444,1.53191,-1.54063,0.0915939
2826,3.12974,-3.09614,1.53059,-1.53792,0.0916244
2827,3.12974,-3.09614,1.52994,-1.53526,0.0916285
2828,3.42974,-3.39614,1.52941,-1.5331,0.0916143
2829,3.42974,-3.39614,1.53446,-1.53683,0.091605
2830,3.12974,-3.09614,1.53856,-1.53987,0.091644
2831,3.12974,-3.09614,1.53648,-1.53692,0.0916984
2832,3.13382,-3.13248,1.53491,-1.53465,0.0917178
2833,3.13382,-3.13248,1.53375,-1.53351,0.091715
2834,3.43382,-3.43248,1.53278,-1.53257,0.0917002
2835,3.43382,-3.43248,1.53749,-1.53729,0.0916946
2836,3.13382,-3.13248,1.54132,-1.54113,0.0917402
2837,3.13382,-3.13248,1.53904,-1.53886,0.0918031
2838,3.14075,-3.1547,1.53733,-1.53716,0.0918324
2839,3.14075,-3.1547,1.53612,-1.53625,0.0918398
2840,3.44075,-3.4547,1.53516,-1.53551,0.0918349
2841,3.44075,-3.4547,1.53989,-1.54043,0.0918387
2842,3.14075,-3.1547,1.54376,-1.54446,0.0918936
2843,3.14075,-3.1547,1.54154,-1.54236,0.0919655
2844,3.15133,-3.16496,1.53989,-1.54081,0.0920037
2845,3.15133,-3.16496,1.53883,-1.53983,0.0920198
2846,3.45133,-3.46496,1.53801,-1.53907,0.0920226
2847,3.45133,-3.46496,1.54286,-1.54397,0.0920336
2848,3.15133,-3.16496,1.54686,-1.54801,0.0920952
2849,3.15133,-3.16496,1.54476,-1.54594,0.0921737
2850,3.16116,-3.17235,1.54322,-1.54443,0.0922182
2851,3.16116,-3.17235,1.54226,-1.54344,0.0922403
2852,3.46116,-3.47235,1.54152,-1.54269,0.0922487
2853,3.46116,-3.47235,1.54646,-1.54761,0.092265
2854,3.16116,-3.17235,1.55054,-1.55168,0.0923318
2855,3.16116,-3.17235,1.54852,-1.54964,0.0924152
2856,3.16912,-3.17947,1.54706,-1.54818,0.0924645
2857,3.16912,-3.17947,1.54614,-1.54723,0.0924914
2858,3.46912,-3.47947,1.54544,-1.54652,0.0925043
2859,3.46912,-3.47947,1.55043,-1.5515,0.0925248
2860,3.16912,-3.17947,1.55456,-1.55562,0.0925957
2861,3.16912,-3.17947,1.55259,-1.55363,0.0926832
2862,3.17594,-3.18627,1.55118,-1.55222,0.0927366
2863,3.17594,-3.18627,1.55029,-1.55132,0.0927674
2864,3.47594,-3.48627,1.54963,-1.55065,0.092784
2865,3.47594,-3.48627,1.55465,-1.55567,0.0928082
2866,3.17594,-3.18627,1.55882,-1.55984,0.0928827
2867,3.17594,-3.18627,1.55689,-1.5579,0.0929736
2868,3.18195,-3.19235,1.55552,-1.55654,0.0930304
2869,3.18195,-3.19235,1.55466,-1.55567,0.0930646
2870,3.48195,-3.49235,1.55403,-1.55504,0.0930844
2871,3.48195,-3.49235,1.55909,-1.5601,0.0931117
2872,3.18195,-3.19235,1.56329,-1.5643,0.0931891
2873,3.18195,-3.19235,1.56139,-1.5624,0.093283
2874,3.18923,-3.19926,1.56006,-1.56107,0.0933427
2875,3.18923,-3.19926,1.55925,-1.56026,0.0933798
2876,3.48923,-3.49926,1.55868,-1.55968,0.0934027
2877,3.48923,-3.49926,1.56379,-1.56478,0.0934332
2878,3.18923,-3.19926,1.56805,-1.56903,0.0935139
2879,3.18923,-3.19926,1.5662,-1.56718,0.0936111
2880,3.19374,-3.2037,1.56492,-1.5659,0.0936741
2881,3.19374,-3.2037,1.56411,-1.56509,0.0937144
2882,3.49374,-3.5037,1.56354,-1.56452,0.0937401
2883,3.49374,-3.5037,1.56866,-1.56964,0.093773
2884,3.19374,-3.2037,1.57293,-1.5739,0.0938559
2885,3.19374,-3.2037,1.5711,-1.57207,0.0939551
2886,2.90601,-2.91601,1.56984,-1.57081,0.09402
2887,2.90601,-2.91601,1.56367,-1.56464,0.0940455
2888,3.20601,-3.21601,1.55868,-1.55965,0.0940012
2889,3.20601,-3.21601,1.56002,-1.56099,0.0939271
2890,3.18138,-3.19116,1.56094,-1.56191,0.0938783
2891,3.18138,-3.19116,1.56112,-1.56208,0.0938451
2892,3.20875,-3.21854,1.56118,-1.56214,0.0938187
2893,3.20875,-3.21854,1.56168,-1.56264,0.0937984
2894,3.50875,-3.51854,1.56203,-1.56299,0.0937864
2895,3.50875,-3.51854,1.56782,-1.56877,0.0937971
2896,3.21609,-3.22574,1.57257,-1.57352,0.0938681
2897,3.21609,-3.22574,1.57124,-1.57219,0.0939628
2898,2.94459,-2.95425,1.57039,-1.57134,0.0940294
2899,2.94459,-2.95425,1.56485,-1.5658,0.0940615
2900,3.24459,-3.25425,1.5604,-1.56134,0.0940295
2901,3.24459,-3.25425,1.5622,-1.56315,0.0939717
2902,3.21332,-3.22293,1.56354,-1.56448,0.0939417
2903,3.21332,-3.22293,1.56399,-1.56492,0.0939287
2904,3.23724,-3.24688,1.56432,-1.56526,0.0939223
2905,3.23724,-3.24688,1.56501,-1.56595,0.0939218
2906,3.53724,-3.54688,1.56558,-1.56652,0.0939288
2907,3.53724,-3.54688,1.57159,-1.57252,0.093958
2908,3.24077,-3.25012,1.57657,-1.5775,0.0940472
2909,3.24077,-3.25012,1.5754,-1.57633,0.0941596
2910,2.96689,-2.97632,1.57471,-1.57564,0.0942429
2911,2.96689,-2.97632,1.56931,-1.57024,0.0942909
2912,3.26689,-3.27632,1.56501,-1.56593,0.0942741
2913,3.26689,-3.27632,1.56698,-1.5679,0.0942307
2914,3.23373,-3.24317,1.56848,-1.5694,0.0942148
2915,3.23373,-3.24317,1.56906,-1.56997,0.0942154
2916,3.25635,-3.26564,1.56953,-1.57045,0.0942221
2917,3.25635,-3.26564,1.57035,-1.57127,0.0942342
2918,3.55635,-3.56564,1.57105,-1.57196,0.0942532
2919,3.55635,-3.56564,1.57719,-1.5781,0.0942941
2920,3.25635,-3.26564,1.58231,-1.58322,0.0943946
2921,3.25635,-3.26564,1.58122,-1.58213,0.094518
2922,3.27713,-3.28639,1.58062,-1.58153,0.0946116
2923,3.27713,-3.28639,1.58075,-1.58165,0.0946861
2924,3.57713,-3.58639,1.58102,-1.58193,0.0947509
2925,3.57713,-3.58639,1.58693,-1.58783,0.0948262
2926,3.27713,-3.28639,1.59194,-1.59284,0.0949536
2927,3.27713,-3.28639,1.59082,-1.59172,0.0950988
2928,2.97713,-2.98639,1.59026,-1.59116,0.0952106
2929,2.97713,-2.98639,1.58455,-1.58545,0.0952828
2930,3.27713,-3.28639,1.58005,-1.58095,0.0952832
2931,3.27713,-3.28639,1.58189,-1.58279,0.0952524
2932,3.24253,-3.2516,1.58333,-1.58423,0.095246
2933,3.24253,-3.2516,1.58385,-1.58474,0.0952538
2934,3.26508,-3.27391,1.58429,-1.58518,0.0952661
2935,3.26508,-3.27391,1.5851,-1.58598,0.0952826
2936,3.56508,-3.57391,1.5858,-1.58668,0.0953052
2937,3.56508,-3.57391,1.59195,-1.59282,0.0953491
2938,3.26508,-3.27391,1.59708,-1.59795,0.0954523
2939,3.26508,-3.27391,1.59601,-1.59687,0.0955781
2940,3.28669,-3.29564,1.59543,-1.5963,0.0956738
2941,3.28669,-3.29564,1.59559,-1.59645,0.0957505
2942,3.58669,-3.59564,1.5959,-1.59677,0.0958176
2943,3.58669,-3.59564,1.60184,-1.60271,0.0958952
2944,3.28669,-3.29564,1.60688,-1.60775,0.096025
2945,3.28669,-3.29564,1.6058,-1.60667,0.0961725
2946,3.27612,-3.28504,1.60527,-1.60614,0.0962866
2947,3.27612,-3.28504,1.60492,-1.60578,0.0963777
2948,3.57612,-3.58504,1.60485,-1.60572,0.0964515
2949,3.57612,-3.58504,1.61049,-1.61135,0.0965308
2950,3.27612,-3.28504,1.61529,-1.61615,0.0966588
2951,3.27612,-3.28504,1.61401,-1.61487,0.0968023
2952,3.26897,-3.27775,1.61331,-1.61417,0.0969108
2953,3.26897,-3.27775,1.61286,-1.61372,0.0969954
2954,3.56897,-3.57775,1.6127,-1.61356,0.0970628
2955,3.56897,-3.57775,1.61825,-1.61911,0.0971356
2956,3.26897,-3.27775,1.62296,-1.62382,0.097257
2957,3.26897,-3.27775,1.6216,-1.62245,0.0973939
2958,3.26538,-3.27432,1.62081,-1.62166,0.097496
2959,3.26538,-3.27432,1.62034,-1.62119,0.0975743
2960,3.56538,-3.57432,1.62015,-1.621,0.0976361
2961,3.56538,-3.57432,1.62565,-1.62651,0.0977038
2962,3.26538,-3.27432,1.63032,-1.63118,0.0978205
2963,3.26538,-3.27432,1.6289,-1.62976,0.0979528
2964,2.97137,-2.98007,1.62806,-1.62892,0.0980505
2965,2.97137,-2.98007,1.6222,-1.62306,0.098108
2966,3.27137,-3.28007,1.61755,-1.61841,0.0980943
2967,3.27137,-3.28007,1.61923,-1.62008,0.0980499
2968,3.24256,-2.98007,1.6205,-1.62135,0.09803
2969,3.24256,-2.98007,1.62095,-1.61682,0.0980172
2970,2.97518,-3.27732,1.62128,-1.6131,0.0979844
2971,2.97518,-3.27732,1.61653,-1.61546,0.0979392
2972,3.27518,-3.57732,1.61257,-1.61726,0.0978879
2973,3.27518,-3.57732,1.61474,-1.62409,0.0978497
2974,2.98057,-3.27732,1.61645,-1.62958,0.0978653
2975,2.98057,-3.27732,1.61247,-1.62857,0.0979002
2976,3.28057,-3.02501,1.60932,-1.62781,0.0979032
2977,3.28057,-3.02501,1.61228,-1.62256,0.0978863
2978,3.58057,-3.32501,1.61462,-1.61825,0.0978595
2979,3.58057,-3.32501,1.62196,-1.6202,0.0978433
2980,3.28057,-3.28616,1.62791,-1.62178,0.0978792
2981,3.28057,-3.28616,1.62732,-1.62247,0.0979405
2982,3.03125,-3.01512,1.627,-1.62316,0.0979932
2983,3.03125,-3.01512,1.62228,-1.61888,0.0980253
2984,3.33125,-3.31512,1.6185,-1.61545,0.0980045
2985,3.33125,-3.31512,1.62087,-1.6181,0.0979652
2986,3.28869,-3.01765,1.62272,-1.62018,0.0979587
2987,3.28869,-3.01765,1.62344,-1.6164,0.0979645
2988,3.01435,-3.31765,1.62402,-1.61333,0.097953
2989,3.01435,-3.31765,1.61941,-1.61633,0.0979306
2990,3.31435,-3.61765,1.61561,-1.61869,0.0979029
2991,3.31435,-3.61765,1.61798,-1.62605,0.0978887
2992,3.01435,-3.31765,1.6199,-1.63202,0.0979286
2993,3.01435,-3.31765,1.61607,-1.63146,0.0979879
2994,3.31435,-3.06067,1.61309,-1.63114,0.0980149
2995,3.31435,-3.06067,1.61625,-1.6262,0.0980214
2996,3.61435,-3.36067,1.61882,-1.62221,0.0980175
2997,3.61435,-3.36067,1.62639,-1.62448,0.0980236
2998,3.31435,-3.31746,1.63258,-1.62637,0.0980815
2999,3.31435,-3.31746,1.63226,-1.62728,0.0981644
3000,3.05853,-3.04315,1.63219,-1.62822,0.0982381
3001,3.05853,-3.04315,1.62762,-1.62412,0.0982906
3002,3.35853,-3.34315,1.62401,-1.62089,0.0982889
3003,3.35853,-3.34315,1.62656,-1.62375,0.0982678
3004,3.05853,-3.04315,1.62861,-1.62605,0.098279
3005,3.05853,-3.04315,1.62479,-1.62243,0.0982946
3006,3.33117,-3.06419,1.62171,-1.61952,0.0982681
3007,3.33117,-3.06419,1.62413,-1.61745,0.0982218
3008,3.63117,-3.36419,1.62599,-1.61567,0.0981842
3009,3.63117,-3.36419,1.63292,-1.61965,0.0981697
3010,3.33117,-3.35128,1.63854,-1.62288,0.0982157
3011,3.33117,-3.35128,1.63772,-1.62541,0.0982934
3012,3.06673,-3.09166,1.63725,-1.62765,0.0983687
3013,3.06673,-3.09166,1.6322,-1.62488,0.0984276
3014,3.36673,-3.39166,1.62822,-1.62275,0.0984359
3015,3.36673,-3.39166,1.6305,-1.62653,0.0984273
3016,3.3259,-3.09166,1.63236,-1.6296,0.0984525
3017,3.3259,-3.09166,1.63319,-1.62665,0.0984906
3018,3.05316,-3.38208,1.63395,-1.62434,0.0985117
3019,3.05316,-3.38208,1.62959,-1.62786,0.098522
3020,3.35316,-3.68208,1.62609,-1.63073,0.0985262
3021,3.35316,-3.68208,1.62877,-1.63857,0.0985435
3022,3.05316,-3.38208,1.63102,-1.64501,0.0986146
3023,3.05316,-3.38208,1.62754,-1.64492,0.0987047
3024,3.07462,-3.1002,1.62492,-1.64504,0.0987623
3025,3.07462,-3.1002,1.62333,-1.64009,0.0987907
3026,3.37462,-3.4002,1.62207,-1.63613,0.0987798
3027,3.37462,-3.4002,1.62653,-1.63838,0.0987597
3028,3.07462,-3.1002,1.63012,-1.64019,0.0987785
3029,3.07462,-3.1002,1.62757,-1.6362,0.0988063
3030,3.37462,-3.36923,1.62555,-1.63302,0.0987951
3031,3.37462,-3.36923,1.62939,-1.63533,0.0987738
3032,3.67462,-3.66923,1.63246,-1.63718,0.0987886
3033,3.67462,-3.66923,1.64052,-1.64424,0.0988447
3034,3.37462,-3.36923,1.64725,-1.65016,0.0989734
3035,3.37462,-3.36923,1.64754,-1.6498,0.0991338
3036,3.10322,-3.1069,1.64816,-1.64989,0.0992701
3037,3.10322,-3.1069,1.64401,-1.64548,0.0993749
3038,3.40322,-3.4069,1.64086,-1.64212,0.0994185
3039,3.40322,-3.4069,1.64391,-1.645,0.0994379
3040,3.10322,-3.1069,1.64645,-1.6474,0.0994861
3041,3.10322,-3.1069,1.64312,-1.64396,0.0995365
3042,3.36701,-3.09114,1.64053,-1.64127,0.0995434
3043,3.36701,-3.09114,1.64327,-1.6388,0.099528
3044,3.66701,-3.39114,1.64545,-1.63677,0.0995163
3045,3.66701,-3.39114,1.65271,-1.6406,0.0995242
3046,3.36701,-3.09114,1.65864,-1.64377,0.0995903
3047,3.36701,-3.09114,1.65813,-1.64102,0.0996783
3048,3.09479,-3.1204,1.65792,-1.63899,0.0997359
3049,3.09479,-3.1204,1.65288,-1.63801,0.0997661
3050,3.39479,-3.4204,1.64884,-1.63727,0.0997596
3051,3.39479,-3.4204,1.65105,-1.64215,0.0997455
3052,3.09479,-3.40148,1.65284,-1.64609,0.0997715
3053,3.09479,-3.40148,1.64885,-1.64903,0.0998152
3054,3.07836,-3.13527,1.64573,-1.6515,0.0998469
3055,3.07836,-3.13527,1.64297,-1.64869,0.0998624
3056,3.37836,-3.43527,1.64075,-1.64643,0.0998457
3057,3.37836,-3.43527,1.6444,-1.65005,0.0998246
3058,3.07862,-3.13527,1.64734,-1.65296,0.0998456
3059,3.07862,-3.13527,1.64429,-1.64988,0.0998778
3060,3.11511,-3.12397,1.64187,-1.64744,0.0998723
3061,3.11511,-3.12397,1.64055,-1.64523,0.0998424
3062,3.41511,-3.42397,1.63939,-1.64334,0.0997979
3063,3.41511,-3.42397,1.64385,-1.64721,0.0997608
3064,3.11511,-3.12397,1.6474,-1.65029,0.0997738
3065,3.11511,-3.12397,1.64483,-1.64733,0.0998032
3066,3.41511,-3.14248,1.64279,-1.64498,0.0997987
3067,3.41511,-3.14248,1.64662,-1.64338,0.0997804
3068,3.71511,-3.44248,1.64969,-1.64206,0.0997768
3069,3.71511,-3.44248,1.65769,-1.6465,0.0998001
3070,3.41511,-3.14248,1.66427,-1.6502,0.0998866
3071,3.41511,-3.14248,1.66433,-1.64793,0.0999982
3072,3.13358,-3.44248,1.66465,-1.64635,0.100082
3073,3.13358,-3.44248,1.65993,-1.65078,0.100147
3074,3.43358,-3.74248,1.65626,-1.65453,0.1002
3075,3.43358,-3.74248,1.65893,-1.6632,0.100264
3076,3.13358,-3.44248,1.66129,-1.67042,0.100378
3077,3.13358,-3.44248,1.658,-1.67108,0.10051
3078,3.10698,-3.15613,1.65565,-1.67191,0.100609
3079,3.10698,-3.15613,1.65348,-1.66756,0.100676
3080,3.40698,-3.45613,1.65187,-1.66417,0.100698
3081,3.40698,-3.45613,1.6561,-1.66697,0.100707
3082,3.10698,-3.15613,1.65958,-1.66929,0.100752
3083,3.10698,-3.15613,1.65702,-1.66579,0.100805
3084,3.13564,-3.12123,1.65505,-1.66305,0.100818
3085,3.13564,-3.12123,1.65399,-1.66021,0.100803
3086,3.43564,-3.42123,1.65308,-1.65786,0.100769
3087,3.43564,-3.42123,1.65777,-1.66137,0.10074
3088,3.13564,-3.12123,1.66152,-1.66418,0.10076
3089,3.13564,-3.12123,1.65913,-1.66101,0.100794
3090,3.148,-3.15031,1.65724,-1.65851,0.100794
3091,3.148,-3.15031,1.65593,-1.657,0.100771
3092,3.448,-3.45031,1.6548,-1.65571,0.100737
3093,3.448,-3.45031,1.6593,-1.66008,0.100711
3094,3.148,-3.15031,1.66292,-1.6636,0.100737
3095,3.148,-3.15031,1.66044,-1.66102,0.100781
3096,3.15509,-3.1712,1.65851,-1.65903,0.100791
3097,3.15509,-3.1712,1.65708,-1.6578,0.100779
3098,3.45509,-3.4712,1.65589,-1.65677,0.100755
3099,3.45509,-3.4712,1.66037,-1.66137,0.100739
3100,3.15509,-3.1712,1.66399,-1.6651,0.100774
3101,3.15509,-3.1712,1.66153,-1.66273,0.100827
3102,3.164,-3.18168,1.65965,-1.66091,0.100846
3103,3.164,-3.18168,1.65831,-1.65966,0.100842
3104,3.464,-3.48168,1.65722,-1.65863,0.100826
3105,3.464,-3.48168,1.66179,-1.66326,0.100817
3106,3.164,-3.18168,1.66551,-1.66703,0.10086
3107,3.164,-3.18168,1.66314,-1.6647,0.100918
3108,3.17277,-3.18887,1.66135,-1.66293,0.100944
3109,3.17277,-3.18887,1.66011,-1.66168,0.100946
3110,3.47277,-3.48887,1.65909,-1.66067,0.100935
3111,3.47277,-3.48887,1.66375,-1.66532,0.100932
3112,3.17277,-3.18887,1.66755,-1.66912,0.100979
3113,3.17277,-3.18887,1.66526,-1.66683,0.101043
3114,3.18013,-3.19564,1.66355,-1.66511,0.101073
3115,3.18013,-3.19564,1.66235,-1.6639,0.10108
3116,3.48013,-3.49564,1.66139,-1.66293,0.101074
3117,3.48013,-3.49564,1.66609,-1.66763,0.101075
3118,3.18013,-3.19564,1.66995,-1.67147,0.101126
3119,3.18013,-3.19564,1.66771,-1.66923,0.101194
3120,3.18619,-3.2018,1.66605,-1.66756,0.101228
3121,3.18619,-3.2018,1.66488,-1.6664,0.10124
3122,3.48619,-3.5018,1.66395,-1.66547,0.101237
3123,3.48619,-3.5018,1.6687,-1.67021,0.101242
3124,3.18619,-3.2018,1.67259,-1.6741,0.101297
3125,3.18619,-3.2018,1.67039,-1.6719,0.101368
3126,3.19152,-3.20724,1.66877,-1.67028,0.101405
3127,3.19152,-3.20724,1.66763,-1.66914,0.10142
3128,3.49152,-3.50724,1.66673,-1.66825,0.10142
3129,3.49152,-3.50724,1.67151,-1.67303,0.101428
3130,3.19152,-3.20724,1.67544,-1.67695,0.101486
3131,3.19152,-3.20724,1.67328,-1.67479,0.10156
3132,3.19614,-3.21382,1.67169,-1.67321,0.1016
3133,3.19614,-3.21382,1.67057,-1.67213,0.101618
3134,3.49614,-3.51382,1.6697,-1.67129,0.101621
3135,3.49614,-3.51382,1.67451,-1.67612,0.101632
3136,3.19614,-3.21382,1.67846,-1.68009,0.101693
3137,3.19614,-3.21382,1.67634,-1.67798,0.10177
3138,3.20034,-3.2177,1.67478,-1.67644,0.101813
3139,3.20034,-3.2177,1.67369,-1.67535,0.101833
3140,3.50034,-3.5177,1.67285,-1.67451,0.101839
3141,3.50034,-3.5177,1.67768,-1.67935,0.101852
3142,3.20034,-3.2177,1.68166,-1.68333,0.101914
3143,3.20034,-3.2177,1.67957,-1.68123,0.101994
3144,3.20392,-3.22113,1.67804,-1.67971,0.102039
3145,3.20392,-3.22113,1.67696,-1.67863,0.102061
3146,3.50392,-3.52113,1.67614,-1.67781,0.102068
3147,3.50392,-3.52113,1.68099,-1.68266,0.102083
3148,3.20392,-3.22113,1.68499,-1.68666,0.102147
3149,3.20392,-3.22113,1.68291,-1.68458,0.102228
3150,3.20907,-3.22401,1.68141,-1.68307,0.102274
3151,3.20907,-3.22401,1.68038,-1.68201,0.102298
3152,3.50907,-3.52401,1.6796,-1.68119,0.102307
3153,3.50907,-3.52401,1.68449,-1.68605,0.102323
3154,3.20907,-3.22401,1.68853,-1.69007,0.102389
3155,3.20907,-3.22401,1.68648,-1.688,0.102471
3156,3.21188,-2.93537,1.68501,-1.68651,0.10252
3157,3.21188,-2.93537,1.68397,-1.68011,0.102537
3158,3.51188,-3.23537,1.68314,-1.67494,0.102511
3159,3.51188,-3.23537,1.68789,-1.67617,0.102475
3160,3.21188,-3.20874,1.69167,-1.6771,0.102476
3161,3.21188,-3.20874,1.68925,-1.67739,0.102492
3162,3.21409,-3.23718,1.68732,-1.67766,0.102495
3163,3.21409,-3.23718,1.6858,-1.67839,0.102489
3164,3.51409,-3.53718,1.68455,-1.67897,0.10248
3165,3.51409,-3.53718,1.68902,-1.68493,0.102486
3166,3.21409,-3.24198,1.6927,-1.68981,0.102547
3167,3.21409,-3.24198,1.69035,-1.68852,0.102627
3168,3.22126,-3.26034,1.68862,-1.68765,0.102677
3169,3.22126,-3.26034,1.68746,-1.6874,0.102706
3170,3.52126,-3.56034,1.68659,-1.68725,0.102723
3171,3.52126,-3.56034,1.69143,-1.69268,0.102749
3172,3.22126,-3.26034,1.69545,-1.69718,0.102826
3173,3.22126,-3.26034,1.69342,-1.69554,0.10292
3174,3.22793,-2.96034,1.69199,-1.69443,0.102981
3175,3.22793,-2.96034,1.69109,-1.68815,0.103011
3176,3.52793,-3.26034,1.6904,-1.68311,0.102998
3177,3.52793,-3.26034,1.6953,-1.68448,0.102974
3178,3.22793,-3.22506,1.69924,-1.68556,0.102986
3179,3.22793,-3.22506,1.69696,-1.68583,0.103014
3180,2.93869,-3.25085,1.69518,-1.68611,0.103027
3181,2.93869,-3.25085,1.68846,-1.68684,0.103023
3182,3.23869,-3.55085,1.68298,-1.6874,0.102987
3183,3.23869,-3.55085,1.68394,-1.69325,0.102948
3184,3.21127,-3.25423,1.68465,-1.69792,0.10295
3185,3.21127,-3.25423,1.68475,-1.69629,0.102972
3186,3.24094,-3.27252,1.68487,-1.69501,0.102982
3187,3.24094,-3.27252,1.68554,-1.69433,0.102986
3188,3.54094,-3.57252,1.68609,-1.69379,0.10299
3189,3.54094,-3.57252,1.69205,-1.69887,0.10301
3190,3.24733,-3.27252,1.69697,-1.70307,0.103086
3191,3.24733,-3.27252,1.69578,-1.70119,0.103182
3192,2.97522,-3.26428,1.69505,-1.69989,0.103249
3193,2.97522,-3.26428,1.6896,-1.69883,0.103286
3194,3.27522,-3.56428,1.68526,-1.69804,0.103283
3195,3.27522,-3.56428,1.68722,-1.70288,0.10327
3196,3.23894,-3.26428,1.68881,-1.70679,0.103296
3197,3.23894,-3.26428,1.68951,-1.70454,0.103338
3198,3.26105,-2.97166,1.69017,-1.70281,0.103365
3199,3.26105,-2.97166,1.69117,-1.6961,0.103374
3200,3.56105,-3.27166,1.69198,-1.69067,0.103352
3201,3.56105,-3.27166,1.69808,-1.6917,0.103325
3202,3.26105,-3.24433,1.70298,-1.6925,0.103341
3203,3.26105,-3.24433,1.7015,-1.69271,0.103375
3204,3.27499,-3.27386,1.70038,-1.69295,0.103398
3205,3.27499,-3.27386,1.69978,-1.69374,0.103413
3206,3.57499,-3.57386,1.69933,-1.69442,0.103428
3207,3.57499,-3.57386,1.70451,-1.70051,0.103459
3208,3.27499,-3.27941,1.70883,-1.70556,0.103545
3209,3.27499,-3.27941,1.70706,-1.7045,0.103652
3210,3.26356,-3.00666,1.70587,-1.70388,0.103728
3211,3.26356,-3.00666,1.70488,-1.69855,0.103775
3212,3.56356,-3.30666,1.70416,-1.69432,0.103781
3213,3.56356,-3.30666,1.70908,-1.6964,0.103777
3214,3.26356,-3.2692,1.71309,-1.69809,0.103811
3215,3.26356,-3.2692,1.71093,-1.69889,0.103861
3216,2.96912,-3.29032,1.70929,-1.69964,0.103896
3217,2.96912,-3.29032,1.70265,-1.70073,0.103914
3218,3.26912,-3.59032,1.69729,-1.70162,0.103899
3219,3.26912,-3.59032,1.69839,-1.7078,0.103879
3220,3.24124,-3.29032,1.69927,-1.71279,0.103902
3221,3.24124,-3.29032,1.69955,-1.7114,0.103943
3222,3.27003,-3.30443,1.69987,-1.71037,0.103972
3223,3.27003,-3.30443,1.70073,-1.70986,0.103994
3224,3.57003,-3.60443,1.70147,-1.70951,0.104015
3225,3.57003,-3.60443,1.70764,-1.71477,0.104052
3226,3.27003,-3.30443,1.71276,-1.71917,0.104145
3227,3.27003,-3.30443,1.71167,-1.71749,0.104258
3228,3.29488,-3.00443,1.71105,-1.71639,0.104339
3229,3.29488,-3.00443,1.71118,-1.71019,0.104392
3230,3.59488,-3.30443,1.7114,-1.70526,0.104404
3231,3.59488,-3.30443,1.71709,-1.70679,0.104406
3232,3.29488,-3.26719,1.72173,-1.70806,0.104446
3233,3.29488,-3.26719,1.72011,-1.70853,0.104503
3234,2.99488,-3.29286,1.71893,-1.70904,0.104545
3235,2.99488,-3.29286,1.71256,-1.71002,0.10457
3236,3.29488,-3.59286,1.70745,-1.71085,0.104562
3237,3.29488,-3.59286,1.70877,-1.717,0.104549
3238,3.25287,-3.29286,1.70984,-1.72197,0.104578
3239,3.25287,-3.29286,1.71003,-1.72059,0.104626
3240,2.98638,-3.31309,1.7103,-1.71958,0.10466
3241,2.98638,-3.31309,1.7057,-1.71922,0.104678
3242,3.28638,-3.61309,1.702,-1.71895,0.104667
3243,3.28638,-3.61309,1.70447,-1.72419,0.104653
3244,3.28284,-3.31309,1.70646,-1.72843,0.104683
3245,3.28284,-3.31309,1.70811,-1.72646,0.104733
3246,3.30692,-3.30002,1.70956,-1.72498,0.104774
3247,3.30692,-3.30002,1.71128,-1.72364,0.104809
3248,3.60692,-3.60002,1.71276,-1.72264,0.104841
3249,3.60692,-3.60002,1.71953,-1.72742,0.104887
3250,3.30692,-3.30002,1.72518,-1.73144,0.104989
3251,3.30692,-3.30002,1.72454,-1.72948,0.105111
3252,3.31227,-3.29903,1.7243,-1.72817,0.1052
3253,3.31227,-3.29903,1.72441,-1.72731,0.105269
3254,3.61227,-3.59903,1.72466,-1.72677,0.105323
3255,3.61227,-3.59903,1.7305,-1.73196,0.105384
3256,3.31227,-3.29903,1.73542,-1.73636,0.105496
3257,3.31227,-3.29903,1.73421,-1.73473,0.105624
3258,3.28961,-3.30154,1.73352,-1.7337,0.105718
3259,3.28961,-3.30154,1.73277,-1.73314,0.105788
3260,3.58961,-3.60154,1.73233,-1.73284,0.105841
3261,3.58961,-3.60154,1.7376,-1.73823,0.105899
3262,3.28961,-3.30154,1.74205,-1.74278,0.106006
3263,3.28961,-3.30154,1.74044,-1.74125,0.106128
3264,3.27951,-3.29897,1.73942,-1.74029,0.106215
3265,3.27951,-3.29897,1.73861,-1.73968,0.106279
3266,3.57951,-3.59897,1.7381,-1.73932,0.106325
3267,3.57951,-3.59897,1.7433,-1.74465,0.106377
3268,3.27951,-3.29897,1.74768,-1.74912,0.106478
3269,3.27951,-3.29897,1.746,-1.74753,0.106594
3270,3.27621,-3.2939,1.74491,-1.7465,0.106675
3271,3.27621,-3.2939,1.74415,-1.74576,0.106733
3272,3.57621,-3.5939,1.74367,-1.7453,0.106775
3273,3.57621,-3.5939,1.74888,-1.75052,0.106822
3274,3.27621,-3.2939,1.75325,-1.75491,0.106918
3275,3.27621,-3.2939,1.75156,-1.75322,0.10703
3276,2.98257,-2.99848,1.75044,-1.75212,0.107107
3277,2.98257,-2.99848,1.74433,-1.74598,0.107144
3278,3.28257,-3.29848,1.73942,-1.74105,0.107111
3279,3.28257,-3.29848,1.74083,-1.74244,0.107046
3280,3.25197,-3.26799,1.74182,-1.74342,0.107006
3281,3.25197,-3.26799,1.74198,-1.74357,0.106981
3282,2.98592,-3.00192,1.74205,-1.74363,0.106961
3283,2.98592,-3.00192,1.73717,-1.73875,0.106929
3284,3.28592,-3.30192,1.73311,-1.73468,0.10685
3285,3.28592,-3.30192,1.7351,-1.73667,0.106757
3286,2.98939,-3.00565,1.73651,-1.73807,0.106698
3287,2.98939,-3.00565,1.73207,-1.73363,0.106646
3288,3.28939,-3.30565,1.72832,-1.72988,0.106554
3289,3.28939,-3.30565,1.73053,-1.7321,0.106453
3290,3.58939,-3.60565,1.7321,-1.73367,0.10639
3291,3.58939,-3.60565,1.73873,-1.7403,0.106371
3292,3.28939,-3.30565,1.74411,-1.74568,0.106425
3293,3.28939,-3.30565,1.74314,-1.7447,0.106512
3294,3.33467,-3.35051,1.74255,-1.74412,0.106576
3295,3.33467,-3.35051,1.74305,-1.74461,0.106626
3296,3.63467,-3.65051,1.74359,-1.74514,0.106675
3297,3.63467,-3.65051,1.74964,-1.75119,0.106739
3298,3.33467,-3.35051,1.75474,-1.75629,0.106858
3299,3.33467,-3.35051,1.75371,-1.75525,0.106997
3300,3.03467,-3.05051,1.75319,-1.75473,0.107105
3301,3.03467,-3.05051,1.74753,-1.74907,0.107174
3302,3.33467,-3.35051,1.74307,-1.7446,0.107173
3303,3.33467,-3.35051,1.74491,-1.74645,0.10714
3304,3.28574,-3.30161,1.74635,-1.74788,0.107133
3305,3.28574,-3.30161,1.7466,-1.74814,0.107139
3306,3.01501,-3.03103,1.74683,-1.74836,0.107147
3307,3.01501,-3.03103,1.74207,-1.7436,0.10714
3308,3.31501,-3.33103,1.73816,-1.73969,0.107084
3309,3.31501,-3.33103,1.74032,-1.74186,0.107011
3310,3.01507,-3.03103,1.74192,-1.74346,0.106973
3311,3.01507,-3.03103,1.73763,-1.73917,0.106939
3312,3.31507,-3.33103,1.73405,-1.73559,0.106865
3313,3.31507,-3.33103,1.73644,-1.73798,0.106781
3314,3.61507,-3.63103,1.73819,-1.73973,0.106734
3315,3.61507,-3.63103,1.74501,-1.74655,0.106731
3316,3.31507,-3.33103,1.75058,-1.75212,0.1068
3317,3.31507,-3.33103,1.7498,-1.75134,0.106903
3318,3.35553,-3.07982,1.74941,-1.75095,0.106981
3319,3.35553,-3.07982,1.75003,-1.74622,0.107038
3320,3.65553,-3.37982,1.75064,-1.7425,0.107065
3321,3.65553,-3.37982,1.75669,-1.74505,0.107088
3322,3.35553,-3.33683,1.76169,-1.7472,0.107153
3323,3.35553,-3.33683,1.76041,-1.74833,0.107238
3324,3.05553,-3.06283,1.75959,-1.74946,0.107309
3325,3.05553,-3.06283,1.75359,-1.74552,0.107355
3326,3.35553,-3.36283,1.7488,-1.7424,0.107341
3327,3.35553,-3.36283,1.75036,-1.74531,0.107304
3328,3.30305,-3.06283,1.75155,-1.7476,0.107296
3329,3.30305,-3.06283,1.75155,-1.74394,0.107298
3330,3.03377,-3.36283,1.75154,-1.74097,0.10728
3331,3.03377,-3.36283,1.74654,-1.74401,0.10725
3332,3.33377,-3.66283,1.74241,-1.74639,0.107214
3333,3.33377,-3.66283,1.74447,-1.75373,0.10719
3334,3.03547,-3.36283,1.74611,-1.75965,0.107221
3335,3.03547,-3.36283,1.74208,-1.75905,0.10727
3336,3.06187,-3.09068,1.73892,-1.75866,0.107288
3337,3.06187,-3.09068,1.73687,-1.75339,0.107276
3338,3.36187,-3.39068,1.73515,-1.74906,0.107228
3339,3.36187,-3.39068,1.73912,-1.75092,0.107171
3340,3.35118,-3.34328,1.74222,-1.7523,0.107153
3341,3.35118,-3.34328,1.74451,-1.75253,0.107161
3342,3.09331,-3.06886,1.74639,-1.75275,0.107181
3343,3.09331,-3.06886,1.74325,-1.74795,0.107194
3344,3.39331,-3.36886,1.7407,-1.74406,0.107163
3345,3.39331,-3.36886,1.74404,-1.74631,0.107119
3346,3.36936,-3.06886,1.74666,-1.74805,0.107111
3347,3.36936,-3.06886,1.74834,-1.74395,0.107119
3348,3.08783,-3.36886,1.74971,-1.74065,0.107112
3349,3.08783,-3.36886,1.74563,-1.74345,0.107097
3350,3.38783,-3.66886,1.74229,-1.74567,0.107077
3351,3.38783,-3.66886,1.74503,-1.75292,0.107071
3352,3.08783,-3.36886,1.74727,-1.75882,0.107119
3353,3.08783,-3.36886,1.74374,-1.75824,0.107187
3354,3.38226,-3.11343,1.74102,-1.75792,0.107223
3355,3.38226,-3.11343,1.7443,-1.75306,0.107238
3356,3.68226,-3.41343,1.74698,-1.74915,0.107243
3357,3.68226,-3.41343,1.75466,-1.75149,0.107257
3358,3.38226,-3.36661,1.76095,-1.75345,0.107323
3359,3.38226,-3.36661,1.76074,-1.75438,0.107414
3360,3.10748,-3.09182,1.76079,-1.75535,0.107495
3361,3.10748,-3.09182,1.75599,-1.7513,0.107554
3362,3.40748,-3.39182,1.75221,-1.74812,0.107557
3363,3.40748,-3.39182,1.75463,-1.75103,0.107539
3364,3.35763,-3.09182,1.75657,-1.75337,0.107552
3365,3.35763,-3.09182,1.75727,-1.74981,0.107577
3366,3.08032,-3.10686,1.75789,-1.74697,0.107582
3367,3.08032,-3.10686,1.75331,-1.74495,0.107567
3368,3.38032,-3.40686,1.74954,-1.74325,0.10752
3369,3.38032,-3.40686,1.75185,-1.74725,0.107467
3370,3.08032,-3.38976,1.75362,-1.75038,0.107455
3371,3.08032,-3.38976,1.74954,-1.75259,0.107463
3372,3.09678,-3.12874,1.74625,-1.75439,0.107459
3373,3.09678,-3.12874,1.74387,-1.75105,0.107441
3374,3.39678,-3.42874,1.74188,-1.74828,0.107395
3375,3.39678,-3.42874,1.74563,-1.75141,0.107347
3376,3.38311,-3.12874,1.74859,-1.75385,0.107344
3377,3.38311,-3.12874,1.75075,-1.75034,0.10736
3378,3.12593,-3.41659,1.75253,-1.74754,0.107367
3379,3.12593,-3.41659,1.74927,-1.75055,0.107369
3380,3.42593,-3.71659,1.74663,-1.753,0.107369
3381,3.42593,-3.71659,1.74999,-1.76048,0.107385
3382,3.12593,-3.41659,1.7528,-1.76662,0.107456
3383,3.12593,-3.41659,1.74977,-1.7663,0.107548
3384,3.4157,-3.13763,1.74753,-1.76625,0.107609
3385,3.4157,-3.13763,1.75117,-1.76123,0.107648
3386,3.7157,-3.43763,1.75421,-1.75726,0.107675
3387,3.7157,-3.43763,1.76222,-1.7596,0.107709
3388,3.4157,-3.13763,1.76884,-1.76162,0.107794
3389,3.4157,-3.13763,1.76894,-1.75799,0.107895
3390,3.13255,-3.40584,1.76925,-1.75529,0.107963
3391,3.13255,-3.40584,1.76447,-1.75816,0.108008
3392,3.43255,-3.70584,1.76069,-1.7606,0.108035
3393,3.43255,-3.70584,1.76319,-1.76813,0.108069
3394,3.13255,-3.40584,1.76534,-1.77434,0.108151
3395,3.13255,-3.40584,1.76181,-1.77411,0.108249
3396,3.39465,-3.1362,1.75917,-1.77415,0.108312
3397,3.39465,-3.1362,1.76198,-1.76937,0.108352
3398,3.69465,-3.4362,1.76434,-1.7656,0.108375
3399,3.69465,-3.4362,1.77181,-1.76809,0.108405
3400,3.39465,-3.1362,1.77796,-1.77021,0.108483
3401,3.39465,-3.1362,1.77767,-1.76666,0.108577
3402,3.12292,-3.11207,1.77765,-1.76399,0.108637
3403,3.12292,-3.11207,1.77278,-1.76152,0.108665
3404,3.42292,-3.41207,1.76888,-1.75955,0.108649
3405,3.42292,-3.41207,1.77116,-1.7634,0.108622
3406,3.12292,-3.39848,1.77296,-1.76648,0.108631
3407,3.12292,-3.39848,1.76896,-1.76876,0.108656
3408,3.09977,-3.13815,1.76578,-1.77067,0.108669
3409,3.09977,-3.13815,1.7628,-1.76746,0.108664
3410,3.39977,-3.43815,1.76035,-1.76483,0.108627
3411,3.39977,-3.43815,1.76376,-1.76809,0.108586
3412,3.09977,-3.13815,1.76644,-1.77066,0.108586
3413,3.09977,-3.13815,1.76314,-1.76726,0.108597
3414,3.39977,-3.13497,1.76047,-1.76451,0.108571
3415,3.39977,-3.13497,1.76372,-1.76213,0.108528
3416,3.69977,-3.43497,1.76625,-1.76011,0.108496
3417,3.69977,-3.43497,1.77372,-1.7639,0.108489
3418,3.39977,-3.13497,1.7798,-1.76699,0.108542
3419,3.39977,-3.13497,1.77939,-1.76416,0.108621
3420,3.14079,-3.43497,1.77924,-1.76205,0.10867
3421,3.14079,-3.43497,1.77447,-1.76594,0.108701
3422,3.44079,-3.73497,1.77069,-1.76917,0.108722
3423,3.44079,-3.73497,1.77317,-1.77733,0.108755
3424,3.14079,-3.43497,1.7753,-1.78406,0.10884
3425,3.14079,-3.43497,1.77176,-1.78425,0.108942
3426,3.11723,-3.15634,1.76914,-1.78464,0.109012
3427,3.11723,-3.15634,1.76673,-1.78001,0.109051
3428,3.41723,-3.45634,1.76485,-1.77633,0.109046
3429,3.41723,-3.45634,1.7688,-1.77881,0.109029
3430,3.11723,-3.15634,1.77197,-1.7808,0.109049
3431,3.11723,-3.15634,1.76912,-1.77699,0.109077
3432,3.41723,-3.12397,1.76685,-1.77394,0.109065
3433,3.41723,-3.12397,1.77046,-1.77082,0.109034
3434,3.71723,-3.42397,1.77331,-1.76823,0.10901
3435,3.71723,-3.42397,1.78106,-1.77157,0.109009
3436,3.41723,-3.12397,1.78737,-1.77431,0.109066
3437,3.41723,-3.12397,1.78717,-1.77121,0.109147
3438,3.14669,-3.15328,1.78718,-1.76888,0.109198
3439,3.14669,-3.15328,1.78235,-1.76765,0.109222
3440,3.44669,-3.45328,1.77847,-1.76668,0.109211
3441,3.44669,-3.45328,1.78078,-1.77135,0.109192
3442,3.14669,-3.15328,1.78263,-1.77511,0.109213
3443,3.14669,-3.15328,1.7787,-1.77273,0.109244
3444,3.11911,-3.45328,1.77557,-1.77086,0.109237
3445,3.11911,-3.45328,1.77249,-1.7748,0.109211
3446,3.41911,-3.75328,1.76994,-1.77794,0.109195
3447,3.41911,-3.75328,1.77334,-1.78594,0.1092
3448,3.11911,-3.45328,1.77615,-1.79247,0.109266
3449,3.11911,-3.45328,1.77312,-1.79246,0.109355
3450,3.15045,-3.16404,1.77087,-1.79266,0.109415
3451,3.15045,-3.16404,1.76975,-1.78766,0.109448
3452,3.45045,-3.46404,1.76891,-1.78366,0.109443
3453,3.45045,-3.46404,1.77369,-1.78589,0.10943
3454,3.15045,-3.16404,1.77756,-1.78769,0.109456
3455,3.15045,-3.16404,1.77528,-1.78373,0.109492
3456,3.16718,-3.13389,1.7735,-1.78059,0.109489
3457,3.16718,-3.13389,1.77233,-1.77747,0.10946
3458,3.46718,-3.43389,1.7713,-1.77486,0.109412
3459,3.46718,-3.43389,1.77584,-1.77811,0.109369
3460,3.43683,-3.13389,1.77943,-1.78066,0.109374
3461,3.43683,-3.13389,1.78183,-1.77727,0.109401
3462,3.16725,-3.16554,1.78383,-1.77459,0.10942
3463,3.16725,-3.16554,1.78056,-1.77304,0.109425
3464,3.46725,-3.46554,1.77789,-1.77177,0.109403
3465,3.46725,-3.46554,1.78117,-1.77618,0.109381
3466,3.16725,-3.16554,1.7838,-1.77973,0.109403
3467,3.16725,-3.16554,1.78051,-1.77718,0.109438
3468,3.15594,-3.18536,1.77791,-1.77518,0.109437
3469,3.15594,-3.18536,1.77557,-1.7739,0.109411
3470,3.45594,-3.48536,1.7736,-1.77278,0.10937
3471,3.45594,-3.48536,1.77739,-1.77727,0.109335
3472,3.15594,-3.18536,1.78041,-1.78085,0.10935
3473,3.15594,-3.18536,1.77742,-1.77831,0.109381
3474,3.17349,-3.19148,1.77505,-1.77631,0.109377
3475,3.17349,-3.19148,1.77343,-1.77478,0.109352
3476,3.47349,-3.49148,1.77204,-1.77346,0.109313
3477,3.47349,-3.49148,1.77631,-1.77779,0.109283
3478,3.17349,-3.46234,1.77973,-1.78126,0.109303
3479,3.17349,-3.46234,1.77707,-1.78361,0.109348
3480,3.18659,-3.19448,1.77503,-1.78562,0.109384
3481,3.18659,-3.19448,1.7737,-1.78242,0.109408
3482,3.48659,-3.49448,1.77267,-1.77988,0.109404
3483,3.48659,-3.49448,1.7773,-1.78329,0.109398
3484,3.18659,-3.19448,1.78108,-1.78607,0.109437
3485,3.18659,-3.19448,1.77875,-1.78294,0.109487
3486,3.19367,-3.18493,1.77697,-1.78051,0.109501
3487,3.19367,-3.18493,1.77567,-1.77838,0.109491
3488,3.49367,-3.48493,1.77459,-1.77662,0.109463
3489,3.49367,-3.48493,1.77912,-1.78061,0.109442
3490,3.46443,-3.18493,1.78278,-1.78382,0.109469
3491,3.46443,-3.18493,1.7853,-1.78102,0.10952
3492,3.19487,-3.19992,1.78746,-1.77888,0.109561
3493,3.19487,-3.19992,1.78437,-1.77751,0.10959
3494,3.49487,-3.49992,1.78192,-1.77646,0.10959
3495,3.49487,-3.49992,1.78542,-1.78109,0.109589
3496,3.19487,-3.19992,1.78829,-1.78487,0.109631
3497,3.19487,-3.19992,1.78524,-1.78256,0.109686
3498,3.18258,-3.20996,1.78288,-1.7808,0.109704
3499,3.18258,-3.20996,1.78077,-1.77959,0.109697
3500,3.48258,-3.50996,1.77903,-1.77858,0.109673
3501,3.48258,-3.50996,1.78305,-1.78318,0.109655
3502,3.18258,-3.20996,1.7863,-1.78691,0.109686
3503,3.18258,-3.20996,1.78353,-1.78453,0.109733
3504,3.19642,-3.21297,1.78139,-1.7827,0.109745
3505,3.19642,-3.21297,1.77992,-1.78128,0.109735
3506,3.49642,-3.51297,1.77869,-1.7801,0.10971
3507,3.49642,-3.51297,1.78312,-1.78457,0.109694
3508,3.19642,-3.21297,1.78671,-1.78818,0.109727
3509,3.19642,-3.21297,1.78423,-1.78572,0.109777
3510,3.20662,-3.21575,1.78232,-1.78383,0.109794
3511,3.20662,-3.21575,1.78098,-1.78238,0.109788
3512,3.50662,-3.51575,1.77987,-1.78117,0.109767
3513,3.50662,-3.51575,1.78442,-1.78563,0.109755
3514,3.20662,-3.21575,1.7881,-1.78925,0.109792
3515,3.20662,-3.21575,1.78571,-1.78681,0.109847
3516,3.21121,-3.2199,1.78388,-1.78494,0.109867
3517,3.21121,-3.2199,1.78252,-1.78353,0.109864
3518,3.51121,-3.5199,1.7814,-1.78238,0.109848
3519,3.51121,-3.5199,1.78594,-1.78689,0.109838
3520,3.21121,-3.2199,1.78963,-1.79056,0.109878
3521,3.21121,-3.2199,1.78725,-1.78816,0.109935
3522,3.21463,-3.22435,1.78544,-1.78634,0.109958
3523,3.21463,-3.22435,1.78407,-1.78498,0.109958
3524,3.51463,-3.52435,1.78296,-1.78387,0.109944
3525,3.51463,-3.52435,1.78751,-1.78843,0.109937
3526,3.21463,-3.22435,1.79121,-1.79213,0.109979
3527,3.21463,-3.22435,1.78885,-1.78977,0.110039
3528,3.21817,-3.22779,1.78706,-1.78798,0.110064
3529,3.21817,-3.22779,1.78572,-1.78664,0.110066
3530,3.51817,-3.52779,1.78463,-1.78555,0.110054
3531,3.51817,-3.52779,1.7892,-1.79013,0.110048
3532,3.21817,-3.49803,1.79293,-1.79386,0.110093
3533,3.21817,-3.49803,1.79059,-1.79647,0.110162
3534,3.22111,-3.22865,1.78886,-1.79875,0.110222
3535,3.22111,-3.22865,1.78766,-1.79581,0.110268
3536,3.52111,-3.52865,1.78679,-1.79353,0.110286
3537,3.52111,-3.52865,1.79161,-1.7972,0.110301
3538,3.22111,-3.22865,1.79558,-1.80025,0.110359
3539,3.22111,-3.22865,1.79346,-1.79739,0.110429
3540,3.22341,-2.92865,1.7919,-1.79522,0.110462
3541,3.22341,-2.92865,1.79075,-1.78803,0.110462
3542,3.52341,-3.22865,1.78978,-1.78218,0.110417
3543,3.52341,-3.22865,1.79435,-1.7828,0.11036
3544,3.22341,-3.20055,1.79794,-1.78318,0.110338
3545,3.22341,-3.20055,1.79531,-1.78294,0.110332
3546,3.22336,-3.23401,1.79316,-1.78272,0.110311
3547,3.22336,-3.23401,1.79136,-1.78309,0.110282
3548,3.52336,-3.53401,1.78982,-1.78332,0.110249
3549,3.52336,-3.53401,1.79399,-1.78892,0.110231
3550,3.22336,-3.24008,1.79736,-1.79344,0.110268
3551,3.22336,-3.24008,1.79471,-1.79185,0.110325
3552,3.22707,-3.26135,1.79269,-1.79068,0.110351
3553,3.22707,-3.26135,1.79117,-1.79017,0.110357
3554,3.52707,-3.56135,1.78994,-1.78976,0.110351
3555,3.52707,-3.56135,1.79442,-1.7949,0.110354
3556,3.22707,-3.26135,1.7981,-1.79911,0.110408
3557,3.22707,-3.26135,1.79574,-1.79719,0.11048
3558,3.23448,-3.24995,1.79399,-1.79579,0.110518
3559,3.23448,-3.24995,1.79278,-1.79453,0.110533
3560,3.53448,-3.54995,1.79183,-1.79353,0.110533
3561,3.53448,-3.54995,1.79655,-1.79821,0.110539
3562,3.23448,-3.24995,1.80042,-1.80205,0.110595
3563,3.23448,-3.24995,1.79823,-1.79983,0.110667
3564,3.23784,-3.24538,1.79661,-1.79819,0.110705
3565,3.23784,-3.24538,1.79544,-1.79686,0.11072
3566,3.53784,-3.54538,1.79452,-1.7958,0.110719
3567,3.53784,-3.54538,1.79925,-1.80043,0.110724
3568,3.23784,-3.24538,1.80314,-1.80423,0.110779
3569,3.23784,-3.24538,1.80095,-1.80198,0.11085
3570,3.23857,-3.24591,1.79934,-1.80031,0.110887
3571,3.23857,-3.24591,1.79812,-1.79904,0.110901
3572,3.53857,-3.54591,1.79715,-1.79803,0.110899
3573,3.53857,-3.54591,1.80186,-1.8027,0.110904
3574,3.23857,-3.24591,1.80571,-1.80653,0.110959
3575,3.23857,-3.24591,1.8035,-1.8043,0.111029
3576,3.2386,-3.24734,1.80187,-1.80265,0.111066
3577,3.2386,-3.24734,1.80062,-1.80141,0.111079
3578,3.5386,-3.54734,1.79963,-1.80043,0.111077
3579,3.5386,-3.54734,1.80431,-1.80512,0.111082
3580,3.2386,-3.24734,1.80815,-1.80897,0.111137
3581,3.2386,-3.24734,1.80593,-1.80675,0.111207
3582,3.23931,-3.24858,1.80428,-1.8051,0.111243
3583,3.23931,-3.24858,1.80303,-1.80387,0.111257
3584,3.53931,-3.54858,1.80204,-1.80289,0.111255
3585,3.53931,-3.54858,1.80672,-1.80758,0.11126
3586,3.23931,-3.24858,1.81056,-1.81143,0.111314
3587,3.23931,-3.24858,1.80834,-1.80921,0.111385
3588,3.24214,-3.24905,1.8067,-1.80757,0.111421
3589,3.24214,-3.24905,1.80549,-1.80632,0.111434
3590,3.54214,-3.54905,1.80453,-1.80533,0.111433
3591,3.54214,-3.54905,1.80924,-1.81002,0.111438
3592,3.24214,-3.24905,1.8131,-1.81386,0.111492
3593,3.24214,-3.24905,1.8109,-1.81164,0.111563
3594,3.24245,-3.25178,1.80927,-1.80999,0.1116
3595,3.24245,-3.25178,1.80803,-1.80879,0.111614
3596,3.54245,-3.55178,1.80705,-1.80783,0.111612
3597,3.54245,-3.55178,1.81173,-1.81254,0.111618
3598,3.24245,-3.25178,1.81558,-1.81641,0.111673
3599,3.24245,-3.25178,1.81337,-1.81421,0.111744
3600,3.24261,-3.25243,1.81173,-1.81258,0.111781
3601,3.24261,-3.25243,1.81048,-1.81135,0.111795
3602,3.54261,-3.55243,1.80949,-1.81038,0.111794
3603,3.54261,-3.55243,1.81418,-1.81507,0.1118
3604,3.24261,-3.25243,1.81802,-1.81893,0.111855
3605,3.24261,-3.25243,1.8158,-1.81672,0.111926
3606,2.95188,-3.25211,1.81416,-1.81508,0.111962
3607,2.95188,-3.25211,1.80758,-1.81383,0.111968
3608,3.25188,-3.55211,1.80224,-1.81279,0.111931
3609,3.25188,-3.55211,1.80329,-1.81733,0.111882
3610,3.2225,-3.25211,1.80404,-1.82091,0.11187
3611,3.2225,-3.25211,1.8041,-1.81831,0.111874
3612,3.25159,-3.25466,1.80415,-1.8162,0.111864
3613,3.25159,-3.25466,1.80469,-1.81451,0.111845
3614,3.55159,-3.55466,1.80508,-1.81309,0.111823
3615,3.55159,-3.55466,1.81083,-1.81737,0.111815
3616,3.25374,-3.25466,1.8155,-1.82086,0.111862
3617,3.25374,-3.25466,1.81398,-1.81834,0.11193
3618,3.27304,-3.25819,1.8129,-1.81645,0.111965
3619,3.27304,-3.25819,1.81245,-1.81505,0.11198
3620,3.57304,-3.55819,1.81211,-1.81395,0.111983
3621,3.57304,-3.55819,1.81733,-1.81855,0.111995
3622,3.27304,-3.25819,1.82163,-1.82234,0.112058
3623,3.27304,-3.25819,1.8198,-1.82011,0.112137
3624,3.25927,-2.97204,1.81849,-1.81847,0.112183
3625,3.25927,-2.97204,1.81728,-1.812,0.112199
3626,3.55927,-3.27204,1.81631,-1.80677,0.11217
3627,3.55927,-3.27204,1.82092,-1.80794,0.11213
3628,3.25927,-3.24315,1.82458,-1.80881,0.112127
3629,3.25927,-3.24315,1.82206,-1.80899,0.112139
3630,3.25502,-3.27209,1.82005,-1.80916,0.112136
3631,3.25502,-3.27209,1.81832,-1.80981,0.112125
3632,3.55502,-3.57209,1.81689,-1.81031,0.11211
3633,3.55502,-3.57209,1.82118,-1.81617,0.112109
3634,3.25502,-3.27333,1.8247,-1.82095,0.112163
3635,3.25502,-3.27333,1.82222,-1.81952,0.112236
3636,3.25729,-3.29156,1.82037,-1.81851,0.112277
3637,3.25729,-3.29156,1.819,-1.81812,0.112298
3638,3.55729,-3.59156,1.81793,-1.81785,0.112306
3639,3.55729,-3.59156,1.82257,-1.82314,0.112323
3640,3.25729,-3.29156,1.82641,-1.8275,0.11239
3641,3.25729,-3.29156,1.82423,-1.82573,0.112474
3642,3.26379,-3.27786,1.82264,-1.82449,0.112525
3643,3.26379,-3.27786,1.82159,-1.82334,0.112553
3644,3.56379,-3.57786,1.8208,-1.82247,0.112565
3645,3.56379,-3.57786,1.82567,-1.82728,0.112583
3646,3.26379,-3.27786,1.8297,-1.83126,0.112651
3647,3.26379,-3.27786,1.82766,-1.82919,0.112734
3648,3.26395,-3.27052,1.8262,-1.82769,0.112783
3649,3.26395,-3.27052,1.82512,-1.82645,0.112809
3650,3.56395,-3.57052,1.8243,-1.8255,0.112819
3651,3.56395,-3.57052,1.82915,-1.83024,0.112835
3652,3.26395,-3.27052,1.83315,-1.83415,0.112899
3653,3.26395,-3.27052,1.83108,-1.83201,0.11298
3654,3.26322,-3.27071,1.82959,-1.83046,0.113026
3655,3.26322,-3.27071,1.82846,-1.82931,0.113049
3656,3.56322,-3.57071,1.82759,-1.82842,0.113056
3657,3.56322,-3.57071,1.8324,-1.8332,0.11307
3658,3.26322,-3.27071,1.83636,-1.83714,0.113133
3659,3.26322,-3.27071,1.83426,-1.83503,0.113213
3660,2.96918,-3.26967,1.83273,-1.83349,0.113257
3661,2.96918,-3.26967,1.82621,-1.83233,0.113271
3662,3.26918,-3.56967,1.82092,-1.83138,0.113241
3663,3.26918,-3.56967,1.82204,-1.83601,0.1132
3664,3.23891,-3.26967,1.82287,-1.83969,0.113195
3665,3.23891,-3.26967,1.82299,-1.83718,0.113206
3666,3.26691,-3.26974,1.82311,-1.83516,0.113202
3667,3.26691,-3.26974,1.8237,-1.83352,0.11319
3668,3.56691,-3.56974,1.82414,-1.83215,0.113174
3669,3.56691,-3.56974,1.82995,-1.83649,0.113172
3670,3.26691,-3.26974,1.83469,-1.84004,0.113225
3671,3.26691,-3.26974,1.8332,-1.83758,0.113297
3672,3.28889,-3.27329,1.83215,-1.83575,0.113337
3673,3.28889,-3.27329,1.83179,-1.83442,0.113357
3674,3.58889,-3.57329,1.83154,-1.83338,0.113365
3675,3.58889,-3.57329,1.83684,-1.83805,0.113382
3676,3.28889,-3.27329,1.84121,-1.84191,0.11345
3677,3.28889,-3.27329,1.83946,-1.83974,0.113535
3678,3.27347,-2.98548,1.83823,-1.83817,0.113586
3679,3.27347,-2.98548,1.83706,-1.83174,0.113606
3680,3.57347,-3.28548,1.83614,-1.82655,0.113582
3681,3.57347,-3.28548,1.8408,-1.82776,0.113547
3682,3.27347,-3.25588,1.84451,-1.82868,0.113548
3683,3.27347,-3.25588,1.84204,-1.8289,0.113564
3684,3.26724,-3.28428,1.84008,-1.82911,0.113566
3685,3.26724,-3.28428,1.83837,-1.8298,0.113559
3686,3.56724,-3.58428,1.83696,-1.83033,0.113547
3687,3.56724,-3.58428,1.84128,-1.83622,0.113549
3688,3.26724,-3.28428,1.84483,-1.84104,0.113606
3689,3.26724,-3.28428,1.84238,-1.83963,0.113682
3690,3.27036,-3.30449,1.84056,-1.83865,0.113727
3691,3.27036,-3.30449,1.83925,-1.83832,0.11375
3692,3.57036,-3.60449,1.83823,-1.8381,0.113761
3693,3.57036,-3.60449,1.84292,-1.84344,0.113781
3694,3.27036,-3.30449,1.8468,-1.84785,0.113852
3695,3.27036,-3.30449,1.84466,-1.84613,0.113939
3696,2.98236,-3.00449,1.84312,-1.84494,0.113993
3697,2.98236,-3.00449,1.83673,-1.8386,0.114008
3698,3.28236,-3.30449,1.83153,-1.83345,0.113952
3699,3.28236,-3.30449,1.83264,-1.8346,0.113867
3700,3.25244,-3.26125,1.83334,-1.83533,0.113806
3701,3.25244,-3.26125,1.83321,-1.83499,0.113759
3702,2.98902,-2.99525,1.833,-1.8346,0.113717
3703,2.98902,-2.99525,1.8279,-1.82931,0.113663
3704,3.28902,-3.29525,1.8236,-1.82486,0.113561
3705,3.28902,-3.29525,1.82533,-1.82646,0.113445
3706,3.28307,-3.28896,1.82646,-1.82749,0.113363
3707,3.28307,-3.28896,1.82708,-1.82802,0.113305
3708,3.30916,-3.31601,1.82745,-1.82832,0.113261
3709,3.30916,-3.31601,1.82812,-1.82895,0.113229
3710,3.60916,-3.61601,1.82859,-1.82939,0.113209
3711,3.60916,-3.61601,1.83442,-1.83519,0.113213
3712,3.30916,-3.31601,1.8392,-1.83995,0.11328
3713,3.30916,-3.31601,1.83777,-1.83851,0.11337
3714,3.32169,-3.32977,1.83683,-1.83755,0.113432
3715,3.32169,-3.32977,1.83643,-1.83716,0.113475
3716,3.62169,-3.62977,1.83621,-1.83695,0.113507
3717,3.62169,-3.62977,1.8416,-1.84234,0.11355
3718,3.32169,-3.32977,1.84611,-1.84686,0.113644
3719,3.32169,-3.32977,1.84453,-1.84529,0.113755
3720,3.02169,-3.02977,1.84351,-1.84427,0.113833
3721,3.02169,-3.02977,1.83737,-1.83814,0.113872
3722,3.32169,-3.32977,1.83245,-1.83321,0.113839
3723,3.32169,-3.32977,1.83383,-1.8346,0.113776
3724,3.2776,-3.28636,1.83481,-1.83558,0.113736
3725,3.2776,-3.28636,1.8347,-1.83549,0.113711
3726,3.30212,-3.31035,1.83456,-1.83536,0.113688
3727,3.30212,-3.31035,1.83483,-1.83563,0.113668
3728,3.60212,-3.61035,1.83501,-1.83581,0.113654
3729,3.60212,-3.61035,1.84061,-1.84141,0.113662
3730,3.30212,-3.31035,1.84521,-1.84601,0.113728
3731,3.30212,-3.31035,1.84364,-1.84444,0.113816
3732,3.32152,-3.33008,1.84257,-1.84337,0.113875
3733,3.32152,-3.33008,1.84219,-1.84299,0.113915
3734,3.62152,-3.63008,1.84198,-1.84278,0.113945
3735,3.62152,-3.63008,1.84737,-1.84817,0.113985
3736,3.32152,-3.33008,1.85187,-1.85268,0.114077
3737,3.32152,-3.33008,1.85028,-1.85109,0.114186
3738,3.02152,-3.31784,1.84925,-1.85006,0.114263
3739,3.02152,-3.31784,1.8431,-1.84918,0.114308
3740,3.32152,-3.61784,1.8382,-1.84855,0.114309
3741,3.32152,-3.61784,1.8397,-1.8535,0.114297
3742,3.2805,-3.31784,1.84091,-1.85751,0.114321
3743,3.2805,-3.31784,1.84122,-1.85535,0.114361
3744,3.01359,-3.01784,1.84156,-1.85369,0.114384
3745,3.01359,-3.01784,1.837,-1.8469,0.114381
3746,3.31359,-3.31784,1.83325,-1.84136,0.114318
3747,3.31359,-3.31784,1.83552,-1.84216,0.114231
3748,3.30458,-3.28322,1.83716,-1.84262,0.114173
3749,3.30458,-3.28322,1.8382,-1.84223,0.114134
3750,3.03589,-3.01994,1.83894,-1.84181,0.114104
3751,3.03589,-3.01994,1.83456,-1.83659,0.114065
3752,3.33589,-3.31994,1.83087,-1.83223,0.113981
3753,3.33589,-3.31994,1.83315,-1.83395,0.113883
3754,3.3196,-3.3154,1.83477,-1.83513,0.113821
3755,3.3196,-3.3154,1.83564,-1.83586,0.113782
3756,3.33853,-3.05118,1.83627,-1.83636,0.113758
3757,3.33853,-3.05118,1.83706,-1.83188,0.113736
3758,3.63853,-3.35118,1.83764,-1.82818,0.113698
3759,3.63853,-3.35118,1.84349,-1.83058,0.113666
3760,3.33853,-3.33949,1.84819,-1.83247,0.113682
3761,3.33853,-3.33949,1.84657,-1.83385,0.113723
3762,3.3441,-3.36014,1.84536,-1.83507,0.113756
3763,3.3441,-3.36014,1.84455,-1.83652,0.113785
3764,3.6441,-3.66014,1.84398,-1.83776,0.113814
3765,3.6441,-3.66014,1.84907,-1.84433,0.113858
3766,3.3441,-3.36014,1.85335,-1.8498,0.113959
3767,3.3441,-3.36014,1.8516,-1.84903,0.11408
3768,3.0441,-3.36224,1.85047,-1.84868,0.11417
3769,3.0441,-3.36224,1.84428,-1.84865,0.11423
3770,3.3441,-3.66224,1.83938,-1.84874,0.114247
3771,3.3441,-3.66224,1.84093,-1.85433,0.114254
3772,3.30259,-3.36224,1.84222,-1.8589,0.114298
3773,3.30259,-3.36224,1.84264,-1.85724,0.114357
3774,3.03626,-3.06224,1.84312,-1.85603,0.1144
3775,3.03626,-3.06224,1.83873,-1.84967,0.114418
3776,3.33626,-3.36224,1.83518,-1.84452,0.114375
3777,3.33626,-3.36224,1.83765,-1.84569,0.114309
3778,3.32736,-3.30596,1.83951,-1.8465,0.114272
3779,3.32736,-3.30596,1.84078,-1.84605,0.114253
3780,3.05739,-3.03912,1.84176,-1.84564,0.114241
3781,3.05739,-3.03912,1.83759,-1.8404,0.114219
3782,3.35739,-3.33912,1.83412,-1.83606,0.11415
3783,3.35739,-3.33912,1.8366,-1.83784,0.114066
3784,3.3396,-3.33199,1.83843,-1.8391,0.114017
3785,3.3396,-3.33199,1.83948,-1.83988,0.113991
3786,3.35715,-3.06735,1.84027,-1.84046,0.113979
3787,3.35715,-3.06735,1.84121,-1.83606,0.113969
3788,3.65715,-3.36735,1.84194,-1.83246,0.113942
3789,3.65715,-3.36735,1.84794,-1.83496,0.113921
3790,3.35715,-3.35473,1.85278,-1.83696,0.113948
3791,3.35715,-3.35473,1.8513,-1.83845,0.113999
3792,3.35968,-3.08373,1.85023,-1.83977,0.114042
3793,3.35968,-3.08373,1.84951,-1.83599,0.114073
3794,3.65968,-3.38373,1.84899,-1.83299,0.114076
3795,3.65968,-3.38373,1.85405,-1.83604,0.114076
3796,3.35968,-3.36591,1.85817,-1.83854,0.114119
3797,3.35968,-3.36591,1.85616,-1.84037,0.114182
3798,3.34309,-3.38136,1.85468,-1.842,0.114236
3799,3.34309,-3.38136,1.85331,-1.84374,0.114282
3800,3.64309,-3.68135,1.8523,-1.84525,0.114323
3801,3.64309,-3.68135,1.85708,-1.85207,0.114378
3802,3.34309,-3.38136,1.86113,-1.85778,0.114487
3803,3.34309,-3.38136,1.85923,-1.85721,0.114615
3804,3.33825,-3.37491,1.85798,-1.85704,0.114711
3805,3.33825,-3.37491,1.8571,-1.85702,0.114784
3806,3.63825,-3.67491,1.85657,-1.85717,0.114843
3807,3.63825,-3.67491,1.86177,-1.86292,0.114907
3808,3.33825,-3.37491,1.86617,-1.86778,0.115021
3809,3.33825,-3.37491,1.86456,-1.86654,0.11515
3810,3.33596,-3.34684,1.86356,-1.86583,0.115245
3811,3.33596,-3.34684,1.86293,-1.86497,0.115316
3812,3.63596,-3.64684,1.86258,-1.86443,0.115369
3813,3.63596,-3.64684,1.86791,-1.86961,0.115426
3814,3.33596,-3.34684,1.87241,-1.87398,0.115531
3815,3.33596,-3.34684,1.87085,-1.87232,0.115651
3816,3.32854,-3.33278,1.86987,-1.87126,0.115736
3817,3.32854,-3.33278,1.86913,-1.87033,0.115797
3818,3.62854,-3.63278,1.86867,-1.86973,0.11584
3819,3.62854,-3.63278,1.87389,-1.87482,0.115888
3820,3.32854,-3.33278,1.87827,-1.8791,0.115984
3821,3.32854,-3.33278,1.8766,-1.87735,0.116095
3822,3.02854,-3.03428,1.8755,-1.87618,0.116172
3823,3.02854,-3.03428,1.86929,-1.86995,0.116208
3824,3.32854,-3.33428,1.86431,-1.86495,0.116172
3825,3.32854,-3.33428,1.86563,-1.86625,0.116105
3826,3.29311,-3.30034,1.86655,-1.86716,0.116062
3827,3.29311,-3.30034,1.86655,-1.86718,0.116033
3828,3.02641,-3.03386,1.86648,-1.86712,0.116009
3829,3.02641,-3.03386,1.86149,-1.86215,0.115972
3830,3.32641,-3.33386,1.85732,-1.85799,0.115888
3831,3.32641,-3.33386,1.85919,-1.85987,0.115788
3832,3.31811,-3.32576,1.86048,-1.86117,0.115723
3833,3.31811,-3.32576,1.86123,-1.86192,0.115681
3834,3.05158,-3.05909,1.86174,-1.86244,0.115653
3835,3.05158,-3.05909,1.85722,-1.85792,0.11562
3836,3.35158,-3.35909,1.85343,-1.85414,0.115543
3837,3.35158,-3.35909,1.85565,-1.85636,0.115455
3838,3.05158,-3.05909,1.85724,-1.85795,0.115402
3839,3.05158,-3.05909,1.85293,-1.85365,0.115358
3840,3.35158,-3.35909,1.8493,-1.85002,0.115274
3841,3.35158,-3.35909,1.85161,-1.85233,0.115181
3842,3.65158,-3.65909,1.85328,-1.854,0.115126
3843,3.65158,-3.65909,1.86001,-1.86073,0.115114
3844,3.35158,-3.35909,1.86547,-1.86619,0.115176
3845,3.35158,-3.35909,1.86461,-1.86533,0.11527
3846,3.38125,-3.389,1.86412,-1.86484,0.115341
3847,3.38125,-3.389,1.86444,-1.86517,0.115398
3848,3.68125,-3.689,1.86484,-1.86557,0.115451
3849,3.68125,-3.689,1.87078,-1.87151,0.115516
3850,3.38125,-3.389,1.8758,-1.87653,0.115636
3851,3.38125,-3.389,1.8747,-1.87544,0.115775
3852,3.35589,-3.36348,1.87413,-1.87487,0.115881
3853,3.35589,-3.36348,1.87347,-1.8742,0.115965
3854,3.65589,-3.66348,1.87312,-1.87386,0.116028
3855,3.65589,-3.66348,1.87848,-1.87921,0.116096
3856,3.35589,-3.36348,1.88302,-1.88376,0.116211
3857,3.35589,-3.36348,1.88153,-1.88227,0.116341
3858,3.05589,-3.06348,1.88062,-1.88136,0.116436
3859,3.05589,-3.06348,1.87462,-1.87536,0.11649
3860,3.35589,-3.36348,1.86985,-1.87058,0.116472
3861,3.35589,-3.36348,1.87138,-1.87212,0.116422
3862,3.31138,-3.31862,1.87252,-1.87325,0.116396
3863,3.31138,-3.31862,1.87257,-1.8733,0.116383
3864,3.04303,-3.05084,1.87258,-1.8733,0.116373
3865,3.04303,-3.05084,1.86766,-1.86839,0.11635
3866,3.34303,-3.35084,1.86358,-1.86431,0.116277
3867,3.34303,-3.35084,1.86555,-1.86629,0.116188
3868,3.04303,-3.05084,1.86695,-1.86769,0.116134
3869,3.04303,-3.05084,1.86248,-1.86322,0.116085
3870,3.34303,-3.35084,1.8587,-1.85945,0.115996
3871,3.34303,-3.35084,1.86089,-1.86163,0.115896
3872,3.64303,-3.65084,1.86244,-1.86318,0.115835
3873,3.64303,-3.65084,1.86904,-1.86979,0.115816
3874,3.34303,-3.35084,1.8744,-1.87514,0.115871
3875,3.34303,-3.35084,1.87342,-1.87417,0.115958
3876,3.38263,-3.39053,1.87283,-1.87358,0.116022
3877,3.38263,-3.39053,1.87323,-1.87398,0.116072
3878,3.68263,-3.69053,1.87367,-1.87443,0.116119
3879,3.68263,-3.69053,1.87964,-1.88039,0.116181
3880,3.38263,-3.39053,1.88466,-1.88542,0.116298
3881,3.38263,-3.39053,1.88357,-1.88433,0.116434
3882,3.08263,-3.09053,1.883,-1.88376,0.116538
3883,3.08263,-3.09053,1.87731,-1.87806,0.116604
3884,3.38263,-3.39053,1.87281,-1.87356,0.1166
3885,3.38263,-3.39053,1.8746,-1.87536,0.116564
3886,3.32602,-3.33355,1.87598,-1.87674,0.116554
3887,3.32602,-3.33355,1.87605,-1.8768,0.116556
3888,3.05478,-3.06236,1.87611,-1.87686,0.116559
3889,3.05478,-3.06236,1.87121,-1.87195,0.116546
3890,3.35478,-3.36236,1.86717,-1.86791,0.116483
3891,3.35478,-3.36236,1.8692,-1.86994,0.116403
3892,3.05478,-3.06236,1.87067,-1.87141,0.116357
3893,3.05478,-3.06236,1.86627,-1.86701,0.116316
3894,3.35478,-3.36236,1.86258,-1.86331,0.116234
3895,3.35478,-3.36236,1.86484,-1.86558,0.116141
3896,3.65478,-3.66236,1.86647,-1.86721,0.116086
3897,3.65478,-3.66236,1.87316,-1.87389,0.116074
3898,3.35478,-3.36236,1.8786,-1.87934,0.116136
3899,3.35478,-3.36236,1.87771,-1.87845,0.116229
3900,3.09879,-3.10728,1.87721,-1.87794,0.116299
3901,3.09879,-3.10728,1.87229,-1.87304,0.116339
3902,3.39879,-3.40728,1.86836,-1.86912,0.116321
3903,3.39879,-3.40728,1.87059,-1.87136,0.11628
3904,3.35307,-3.36086,1.87231,-1.87309,0.116269
3905,3.35307,-3.36086,1.87286,-1.87364,0.116276
3906,3.07928,-3.08705,1.87333,-1.87409,0.116287
3907,3.07928,-3.08705,1.86873,-1.86949,0.116287
3908,3.37928,-3.38705,1.86496,-1.86572,0.116237
3909,3.37928,-3.38705,1.86725,-1.86801,0.116171
3910,3.07928,-3.08705,1.86896,-1.86972,0.116139
3911,3.07928,-3.08705,1.8648,-1.86555,0.116114
3912,3.37928,-3.38705,1.86133,-1.86209,0.116047
3913,3.37928,-3.38705,1.86382,-1.86458,0.11597
3914,3.67928,-3.68705,1.86568,-1.86643,0.115931
3915,3.67928,-3.68705,1.87259,-1.87334,0.115935
3916,3.37928,-3.38705,1.87825,-1.879,0.116012
3917,3.37928,-3.38705,1.87757,-1.87832,0.116122
3918,3.40467,-3.12126,1.87729,-1.87804,0.116208
3919,3.40467,-3.12126,1.87772,-1.87315,0.116271
3920,3.70467,-3.42126,1.87821,-1.86932,0.116302
3921,3.70467,-3.42126,1.88416,-1.87177,0.116327
3922,3.40467,-3.37301,1.88906,-1.87385,0.116393
3923,3.40467,-3.37301,1.88774,-1.87484,0.116477
3924,3.10467,-3.09819,1.88686,-1.87584,0.116546
3925,3.10467,-3.09819,1.88084,-1.87179,0.11659
3926,3.40467,-3.39819,1.87603,-1.86858,0.116574
3927,3.40467,-3.39819,1.87754,-1.87139,0.116534
3928,3.34296,-3.09819,1.87869,-1.87359,0.116523
3929,3.34296,-3.09819,1.87848,-1.86987,0.116521
3930,3.07319,-3.39819,1.87829,-1.86684,0.116499
3931,3.07319,-3.39819,1.87314,-1.8698,0.116463
3932,3.37319,-3.69819,1.86887,-1.87211,0.116421
3933,3.37319,-3.69819,1.87078,-1.87936,0.116392
3934,3.07319,-3.39819,1.8723,-1.88519,0.116416
3935,3.07319,-3.39819,1.86814,-1.88452,0.116459
3936,3.09785,-3.41239,1.86484,-1.88406,0.116469
3937,3.09785,-3.41239,1.86264,-1.88395,0.116459
3938,3.39785,-3.71239,1.86082,-1.88384,0.116439
3939,3.39785,-3.71239,1.86477,-1.88917,0.116427
3940,3.38426,-3.41239,1.86799,-1.8935,0.116468
3941,3.38426,-3.41239,1.87047,-1.89165,0.116534
3942,3.12687,-3.11239,1.87264,-1.89031,0.116593
3943,3.12687,-3.11239,1.86984,-1.88388,0.116632
3944,3.42687,-3.41239,1.86762,-1.87874,0.116616
3945,3.42687,-3.41239,1.87125,-1.87999,0.116581
3946,3.39925,-3.11239,1.87412,-1.88094,0.116576
3947,3.39925,-3.11239,1.87595,-1.87622,0.116583
3948,3.1157,-3.37922,1.87743,-1.87241,0.116574
3949,3.1157,-3.37922,1.87342,-1.87417,0.116553
3950,3.4157,-3.67922,1.87011,-1.87554,0.116524
3951,3.4157,-3.67922,1.87284,-1.88205,0.116505
3952,3.1157,-3.37922,1.87503,-1.88732,0.116538
3953,3.1157,-3.37922,1.87144,-1.8862,0.11659
3954,3.4023,-3.12139,1.86863,-1.88541,0.116608
3955,3.4023,-3.12139,1.87163,-1.88009,0.116606
3956,3.7023,-3.42139,1.87404,-1.87576,0.116591
3957,3.7023,-3.42139,1.88144,-1.87769,0.116586
3958,3.4023,-3.12139,1.88746,-1.87928,0.116631
3959,3.4023,-3.12139,1.88698,-1.87522,0.116693
3960,3.12352,-3.398,1.88673,-1.87207,0.116722
3961,3.12352,-3.398,1.88148,-1.87462,0.116728
3962,3.42352,-3.698,1.87724,-1.8767,0.116719
3963,3.42352,-3.698,1.87925,-1.88384,0.116716
3964,3.37238,-3.398,1.88091,-1.88965,0.116763
3965,3.37238,-3.398,1.88147,-1.88901,0.116833
3966,3.09647,-3.12989,1.88209,-1.88866,0.116893
3967,3.09647,-3.12989,1.87769,-1.88363,0.116929
3968,3.39647,-3.42989,1.87417,-1.87959,0.11691
3969,3.39647,-3.42989,1.87674,-1.88174,0.11687
3970,3.09647,-3.38062,1.87873,-1.8834,0.116861
3971,3.09647,-3.38062,1.87486,-1.88383,0.116863
3972,3.39647,-3.10516,1.87171,-1.88418,0.116847
3973,3.39647,-3.10516,1.8746,-1.87937,0.116818
3974,3.69647,-3.40516,1.87686,-1.8754,0.116784
3975,3.69647,-3.40516,1.88409,-1.87758,0.116762
3976,3.39647,-3.10516,1.88993,-1.87933,0.116794
3977,3.39647,-3.10516,1.88928,-1.87537,0.116845
3978,3.1272,-3.1208,1.88886,-1.87227,0.116864
3979,3.1272,-3.1208,1.88363,-1.87007,0.116854
3980,3.4272,-3.4208,1.87934,-1.86824,0.116806
3981,3.4272,-3.4208,1.88121,-1.8721,0.116748
3982,3.1272,-3.40492,1.88261,-1.87511,0.116731
3983,3.1272,-3.40492,1.87823,-1.87723,0.11673
3984,3.39497,-3.14613,1.87467,-1.87894,0.116717
3985,3.39497,-3.14613,1.87665,-1.87556,0.116697
3986,3.69497,-3.44613,1.87819,-1.87276,0.116672
3987,3.69497,-3.44613,1.88487,-1.87592,0.116661
3988,3.39497,-3.14613,1.89029,-1.87849,0.116704
3989,3.39497,-3.14613,1.88932,-1.87522,0.116767
3990,3.12898,-3.4311,1.88868,-1.8727,0.116798
3991,3.12898,-3.4311,1.88336,-1.87594,0.116808
3992,3.42898,-3.7311,1.87906,-1.87858,0.116805
3993,3.42898,-3.7311,1.88105,-1.88618,0.116811
3994,3.38309,-3.4311,1.88272,-1.8924,0.116867
3995,3.38309,-3.4311,1.88339,-1.89211,0.116947
3996,3.10979,-3.14659,1.88413,-1.89207,0.117018
3997,3.10979,-3.14659,1.87991,-1.88702,0.117066
3998,3.40979,-3.44659,1.87657,-1.883,0.117057
3999,3.40979,-3.44659,1.8793,-1.88518,0.117028
4000,3.10979,-3.39318,1.88146,-1.88689,0.117029
