time_ms,left_cmd_torque,right_cmd_torque,fl_vel,fr_vel,robot_vel
1,0,0,0,0,0
2,0,0,0,0,0
3,0,0,0,0,0
4,0,0,0,0,0
5,0,0,0,0,0
6,0,0,0,0,0
7,0,0,0,0,0
8,0,0,0,0,0
9,0,0,0,0,0
10,0,0,0,0,0
11,0,0,0,0,0
12,0,0,0,0,0
13,0,0,0,0,0
14,0,0,0,0,0
15,0,0,0,0,0
16,0,0,0,0,0
17,0,0,0,0,0
18,0,0,0,0,0
19,0,0,0,0,0
20,0,0,0,0,0
21,0,0,0,0,0
22,-0,-0,0,0,0
23,-0,-0,0,0,0
24,-0,-0,0,0,0
25,-0,-0,0,0,0
26,-0,-0,0,0,0
27,-0,-0,0,0,0
28,-0,-0,0,0,0
29,-0,-0,0,0,0
30,-0,-0,0,0,0
31,-0,-0,0,0,0
32,-0,-0,0,0,0
33,-0,-0,0,0,0
34,-0,-0,0,0,0
35,-0,-0,0,0,0
36,-0,-0,0,0,0
37,-0,-0,0,0,0
38,-0,-0,0,0,0
39,-0,-0,0,0,0
40,-0,-0,0,0,0
41,-0,-0,0,0,0
42,-0,-0,0,0,0
43,-0,-0,0,0,0
44,-0,-0,0,0,0
45,-0,-0,0,0,0
46,-0,-0,0,0,0
47,-0,-0,0,0,0
48,-0,-0,0,0,0
49,-0,-0,0,0,0
50,-0,-0,0,0,0
51,-0,-0,0,0,0
52,-0,-0,0,0,0
53,-0,-0,0,0,0
54,-0,-0,0,0,0
55,-0,-0,0,0,0
56,-0,-0,0,0,0
57,-0,-0,0,0,0
58,-0,-0,0,0,0
59,-0,-0,0,0,0
60,-0,-0,0,0,0
61,-0,-0,0,0,0
62,-0,-0,0,0,0
63,-0,-0,0,0,0
64,-0,-0,0,0,0
65,-0,-0,0,0,0
66,-0,-0,0,0,0
67,-0,-0,0,0,0
68,-0,-0,0,0,0
69,-0,-0,0,0,0
70,-0,-0,0,0,0
71,-0,-0,0,0,0
72,-0,-0,0,0,0
73,-0,-0,0,0,0
74,-0,-0,0,0,0
75,-0,-0,0,0,0
76,-0,-0,0,0,0
77,-0,-0,0,0,0
78,-0,-0,0,0,0
79,-0,-0,0,0,0
80,-0,-0,0,0,0
81,-0,-0,0,0,0
82,-0,-0,0,0,0
83,-0,-0,0,0,0
84,-0,-0,0,0,0
85,-0,-0,0,0,0
86,-0,-0,0,0,0
87,-0,-0,0,0,0
88,-0,-0,0,0,0
89,-0,-0,0,0,0
90,-0,-0,0,0,0
91,-0,-0,0,0,0
92,-0,-0,0,0,0
93,-0,-0,0,0,0
94,-0,-0,0,0,0
95,-0,-0,0,0,0
96,-0,-0,0,0,0
97,-0,-0,0,0,0
98,-0,-0,0,0,0
99,-0,-0,0,0,0
100,-0,-0,0,0,0
101,-0,-0,0,0,0
102,-0,-0,0,0,0
103,-0,-0,0,0,0
104,-0,-0,0,0,0
105,-0,-0,0,0,0
106,-0,-0,0,0,0
107,-0,-0,0,0,0
108,-0,-0,0,0,0
109,-0,-0,0,0,0
110,-0,-0,0,0,0
111,-0,-0,0,0,0
112,-0,-0,0,0,0
113,-0,-0,0,0,0
114,-0,-0,0,0,0
115,-0,-0,0,0,0
116,-0,-0,0,0,0
117,-0,-0,0,0,0
118,-0,-0,0,0,0
119,-0,-0,0,0,0
120,-0,-0,0,0,0
121,-0,-0,0,0,0
122,-0,-0,0,0,0
123,-0,-0,0,0,0
124,-0,-0,0,0,0
125,-0,-0,0,0,0
126,-0,-0,0,0,0
127,-0,-0,0,0,0
128,-0,-0,0,0,0
129,-0,-0,0,0,0
130,-0,-0,0,0,0
131,-0,-0,0,0,0
132,-0,-0,0,0,0
133,-0,-0,0,0,0
134,-0,-0,0,0,0
135,-0,-0,0,0,0
136,-0,-0,0,0,0
137,-0,-0,0,0,0
138,-0,-0,0,0,0
139,-0,-0,0,0,0
140,-0,-0,0,0,0
141,-0,-0,0,0,0
142,-0,-0,0,0,0
143,-0,-0,0,0,0
144,-0,-0,0,0,0
145,-0,-0,0,0,0
146,-0,-0,0,0,0
147,-0,-0,0,0,0
148,-0,-0,0,0,0
149,-0,-0,0,0,0
150,-0,-0,0,0,0
151,-0,-0,0,0,0
152,-0,-0,0,0,0
153,-0,-0,0,0,0
154,-0,-0,0,0,0
155,-0,-0,0,0,0
156,-0,-0,0,0,0
157,-0,-0,0,0,0
158,-0,-0,0,0,0
159,-0,-0,0,0,0
160,-0,-0.1008,0,0,0
161,-0,-0.1008,0,-0.00192837,0
162,-0,-0.1024,0,-0.00353605,0
163,-0,-0.1024,0,-0.00490697,0
164,0.1008,-0.104,0,-0.0060499,0
165,0.1008,-0.104,0.00192837,-0.00703336,0
166,0.1024,-0.1056,0.00353605,-0.00785326,0
167,0.1024,-0.1056,0.00490697,-0.00856742,0
168,0.104,-0.1072,0.0060499,-0.0091628,0
169,0.104,-0.1072,0.00703336,-0.00968977,0
170,0.1056,-0.1088,0.00785326,-0.0101291,0
171,0.1056,-0.1088,0.00856742,-0.010526,0
172,0.1072,-0.1104,0.0091628,-0.0108569,0
173,0.1072,-0.1104,0.00968977,-0.0111633,0
174,0.1088,-0.112,0.0101291,-0.0114188,0
175,0.1088,-0.112,0.010526,-0.0116624,0
176,0.1104,-0.1136,0.0108569,-0.0118655,0
177,0.1104,-0.1136,0.0111633,-0.0120654,0
178,0.112,-0.1152,0.0114188,-0.012232,0
179,0.112,-0.1152,0.0116624,-0.0124016,0
180,0.1136,-0.1168,0.0118655,-0.0125429,0
181,0.1136,-0.1168,0.0120654,-0.0126914,0
182,0.1152,-0.1184,0.012232,-0.0128151,0
183,0.1152,-0.1184,0.0124016,-0.0129489,0
184,0.1168,-0.12,0.0125429,-0.0130604,0
185,0.1168,-0.12,0.0126914,-0.013184,0
186,0.1184,-0.1216,0.0128151,-0.013287,0
187,0.1184,-0.1216,0.0129489,-0.0134035,0
188,0.12,-0.1232,0.0130604,-0.0135006,0
189,0.12,-0.1232,0.013184,-0.0136122,0
190,0.1216,-0.1248,0.013287,-0.0137052,0
191,0.1216,-0.1248,0.0134035,-0.0138134,0
192,0.1232,-0.1264,0.0135006,-0.0139035,0
193,0.1232,-0.1264,0.0136122,-0.0140093,0
194,0.1248,-0.128,0.0137052,-0.0140975,0
195,0.1248,-0.128,0.0138134,-0.0142016,0
196,0.1264,-0.1296,0.0139035,-0.0142884,0
197,0.1264,-0.1296,0.0140093,-0.0143913,0
198,0.128,-0.1312,0.0140975,-0.0144772,0
199,0.128,-0.1312,0.0142016,-0.0145793,0
200,0.1296,-0.1328,0.0142884,-0.0146645,0
201,0.1296,-0.1328,0.0143913,-0.0147661,0
202,0.1312,-0.1344,0.0144772,-0.0148508,0
203,0.1312,-0.1344,0.0145793,-0.014952,0
204,0.1328,-0.136,0.0146645,-0.0150364,0
205,0.1328,-0.136,0.0147661,-0.0151374,0
206,0.1344,-0.1376,0.0148508,-0.0152215,0
207,0.1344,-0.1376,0.014952,-0.0153223,0
208,0.136,-0.1392,0.0150364,-0.0154063,0
209,0.136,-0.1392,0.0151374,-0.0155069,0
210,0.1376,-0.1408,0.0152215,-0.0155908,0
211,0.1376,-0.1408,0.0153223,-0.0156914,0
212,0.1392,-0.1424,0.0154063,-0.0157752,0
213,0.1392,-0.1424,0.0155069,-0.0158756,0
214,0.1408,-0.144,0.0155908,-0.0159594,0
215,0.1408,-0.144,0.0156914,-0.0160598,0
216,0.1424,-0.1456,0.0157752,-0.0161436,0
217,0.1424,-0.1456,0.0158756,-0.016244,0
218,0.144,-0.1472,0.0159594,-0.0163277,0
219,0.144,-0.1472,0.0160598,-0.0164281,0
220,0.1456,-0.1488,0.0161436,-0.0165117,0
221,0.1456,-0.1488,0.016244,-0.0166121,0
222,0.1472,-0.1504,0.0163277,-0.0166958,0
223,0.1472,-0.1504,0.0164281,-0.0167961,0
224,0.1488,-0.152,0.0165117,-0.0168798,0
225,0.1488,-0.152,0.0166121,-0.0169802,0
226,0.1504,-0.1536,0.0166958,-0.0170638,0
227,0.1504,-0.1536,0.0167961,-0.0171642,0
228,0.152,-0.1552,0.0168798,-0.0172478,0
229,0.152,-0.1552,0.0169802,-0.0173481,0
230,0.1536,-0.1568,0.0170638,-0.0174318,0
231,0.1536,-0.1568,0.0171642,-0.0175321,0
232,0.1552,-0.1584,0.0172478,-0.0176158,0
233,0.1552,-0.1584,0.0173481,-0.0177161,0
234,0.1568,-0.16,0.0174318,-0.0177997,0
235,0.1568,-0.16,0.0175321,-0.0179001,0
236,0.1584,-0.1616,0.0176158,-0.0179837,0
237,0.1584,-0.1616,0.0177161,-0.018084,0
238,0.16,-0.1632,0.0177997,-0.0181677,0
239,0.16,-0.1632,0.0179001,-0.018268,0
240,0.1616,-0.1648,0.0179837,-0.0183517,0
241,0.1616,-0.1648,0.018084,-0.018452,0
242,0.1632,-0.1664,0.0181677,-0.0185356,0
243,0.1632,-0.1664,0.018268,-0.0186359,0
244,0.1648,-0.168,0.0183517,-0.0187196,0
245,0.1648,-0.168,0.018452,-0.0188199,0
246,0.1664,-0.1696,0.0185356,-0.0189035,0
247,0.1664,-0.1696,0.0186359,-0.0190039,0
248,0.168,-0.1712,0.0187196,-0.0190875,0
249,0.168,-0.1712,0.0188199,-0.0191878,0
250,0.1696,-0.1728,0.0189035,-0.0192715,0
251,0.1696,-0.1728,0.0190039,-0.0193718,0
252,0.1712,-0.1744,0.0190875,-0.0194554,0
253,0.1712,-0.1744,0.0191878,-0.0195557,0
254,0.1728,-0.176,0.0192715,-0.0196394,0
255,0.1728,-0.176,0.0193718,-0.0197397,0
256,0.1744,-0.1776,0.0194554,-0.0198233,0
257,0.1744,-0.1776,0.0195557,-0.0199236,0
258,0.176,-0.1792,0.0196394,-0.0200073,0
259,0.176,-0.1792,0.0197397,-0.0201076,0
260,0.1776,-0.1808,0.0198233,-0.0201912,0
261,0.1776,-0.1808,0.0199236,-0.0202915,0
262,0.1792,-0.1824,0.0200073,-0.0203752,0
263,0.1792,-0.1824,0.0201076,-0.0204755,0
264,0.1808,-0.184,0.0201912,-0.0205591,0
265,0.1808,-0.184,0.0202915,-0.0206594,0
266,0.1824,-0.1856,0.0203752,-0.0207431,0
267,0.1824,-0.1856,0.0204755,-0.0208434,0
268,0.184,-0.1872,0.0205591,-0.020927,0
269,0.184,-0.1872,0.0206594,-0.0210273,0
270,0.1856,-0.1888,0.0207431,-0.021111,0
271,0.1856,-0.1888,0.0208434,-0.0212113,0
272,0.1872,-0.1904,0.020927,-0.0212949,0
273,0.1872,-0.1904,0.0210273,-0.0213952,0
274,0.1888,-0.192,0.021111,-0.0214789,0
275,0.1888,-0.192,0.0212113,-0.0215792,0
276,0.1904,-0.1936,0.0212949,-0.0216628,0
277,0.1904,-0.1936,0.0213952,-0.0217631,0
278,0.192,-0.1952,0.0214789,-0.0218467,0
279,0.192,-0.1952,0.0215792,-0.021947,0
280,0.1936,-0.1968,0.0216628,-0.0220307,0
281,0.1936,-0.1968,0.0217631,-0.022131,0
282,0.1952,-0.1984,0.0218467,-0.0222146,0
283,0.1952,-0.1984,0.021947,-0.0223149,0
284,0.1968,-0.2,0.0220307,-0.0223985,0
285,0.1968,-0.2,0.022131,-0.0224988,0
286,0.1984,-0.2016,0.0222146,-0.0225825,0
287,0.1984,-0.2016,0.0223149,-0.0226828,0
288,0.2,-0.2032,0.0223985,-0.0227664,0
289,0.2,-0.2032,0.0224988,-0.0228667,0
290,0.2016,-0.2048,0.0225825,-0.0229503,0
291,0.2016,-0.2048,0.0226828,-0.0230506,0
292,0.2032,-0.2064,0.0227664,-0.0231343,0
293,0.2032,-0.2064,0.0228667,-0.0232346,0
294,0.2048,-0.208,0.0229503,-0.0233182,0
295,0.2048,-0.208,0.0230506,-0.0234185,0
296,0.2064,-0.2096,0.0231343,-0.0235021,0
297,0.2064,-0.2096,0.0232346,-0.0236024,0
298,0.208,-0.2112,0.0233182,-0.023686,0
299,0.208,-0.2112,0.0234185,-0.0237863,0
300,0.2096,-0.2128,0.0235021,-0.02387,0
301,0.2096,-0.2128,0.0236024,-0.0239703,0
302,0.2112,-0.2144,0.023686,-0.0240539,0
303,0.2112,-0.2144,0.0237863,-0.0241542,0
304,0.2128,-0.216,0.02387,-0.0242378,0
305,0.2128,-0.216,0.0239703,-0.0243381,0
306,0.2144,-0.2176,0.0240539,-0.0244217,0
307,0.2144,-0.2176,0.0241542,-0.024522,0
308,0.216,-0.2192,0.0242378,-0.0246057,0
309,0.216,-0.2192,0.0243381,-0.024706,0
310,0.2176,-0.2208,0.0244217,-0.0247896,0
311,0.2176,-0.2208,0.024522,-0.0248899,0
312,0.2192,-0.2224,0.0246057,-0.0249735,0
313,0.2192,-0.2224,0.024706,-0.0250738,0
314,0.2208,-0.224,0.0247896,-0.0251574,0
315,0.2208,-0.224,0.0248899,-0.0252577,0
316,0.2224,-0.2256,0.0249735,-0.0253413,0
317,0.2224,-0.2256,0.0250738,-0.0254416,0
318,0.224,-0.2272,0.0251574,-0.0255252,0
319,0.224,-0.2272,0.0252577,-0.0256255,0
320,0.2256,-0.2288,0.0253413,-0.0257091,0
321,0.2256,-0.2288,0.0254416,-0.0258094,0
322,0.2272,-0.2304,0.0255252,-0.025893,0
323,0.2272,-0.2304,0.0256255,-0.0259933,0
324,0.2288,-0.232,0.0257091,-0.026077,0
325,0.2288,-0.232,0.0258094,-0.0261772,0
326,0.2304,-0.2336,0.025893,-0.0262609,0
327,0.2304,-0.2336,0.0259933,-0.0263612,0
328,0.232,-0.2352,0.026077,-0.0264448,0
329,0.232,-0.2352,0.0261772,-0.0265451,0
330,0.2336,-0.2368,0.0262609,-0.0266287,0
331,0.2336,-0.2368,0.0263612,-0.026729,0
332,0.2352,-0.2384,0.0264448,-0.0268126,0
333,0.2352,-0.2384,0.0265451,-0.0269129,0
334,0.2368,-0.24,0.0266287,-0.0269965,0
335,0.2368,-0.24,0.026729,-0.0270968,0
336,0.2384,-0.2416,0.0268126,-0.0271804,0
337,0.2384,-0.2416,0.0269129,-0.0272807,0
338,0.24,-0.2432,0.0269965,-0.0273643,0
339,0.24,-0.2432,0.0270968,-0.0274646,0
340,0.2416,-0.2448,0.0271804,-0.0275482,0
341,0.2416,-0.2448,0.0272807,-0.0276485,0
342,0.2432,-0.2464,0.0273643,-0.0277321,0
343,0.2432,-0.2464,0.0274646,-0.0278323,0
344,0.2448,-0.248,0.0275482,-0.027916,0
345,0.2448,-0.248,0.0276485,-0.0280162,0
346,0.2464,-0.2496,0.0277321,-0.0280998,0
347,0.2464,-0.2496,0.0278323,-0.0282001,0
348,0.248,-0.2512,0.027916,-0.0282837,0
349,0.248,-0.2512,0.0280162,-0.028384,0
350,0.2496,-0.2528,0.0280998,-0.0284676,0
351,0.2496,-0.2528,0.0282001,-0.0285679,0
352,0.2512,-0.2544,0.0282837,-0.0286515,0
353,0.2512,-0.2544,0.028384,-0.0287518,0
354,0.2528,-0.256,0.0284676,-0.0288354,0
355,0.2528,-0.256,0.0285679,-0.0289357,0
356,0.2544,-0.2576,0.0286515,-0.0290193,0
357,0.2544,-0.2576,0.0287518,-0.0291196,0
358,0.256,-0.2592,0.0288354,-0.0292032,0
359,0.256,-0.2592,0.0289357,-0.0293035,0
360,0.2576,-0.2608,0.0290193,-0.0293871,0
361,0.2576,-0.2608,0.0291196,-0.0294873,0
362,0.2592,-0.2624,0.0292032,-0.0295709,0
363,0.2592,-0.2624,0.0293035,-0.0296712,0
364,0.2608,-0.264,0.0293871,-0.0297548,0
365,0.2608,-0.264,0.0294873,-0.0298551,0
366,0.2624,-0.2656,0.0295709,-0.0299387,0
367,0.2624,-0.2656,0.0296712,-0.030039,0
368,0.264,-0.2672,0.0297548,-0.0301226,0
369,0.264,-0.2672,0.0298551,-0.0302229,0
370,0.2656,-0.2688,0.0299387,-0.0303065,0
371,0.2656,-0.2688,0.030039,-0.0304067,0
372,0.2672,-0.2704,0.0301226,-0.0304903,0
373,0.2672,-0.2704,0.0302229,-0.0305906,0
374,0.2688,-0.272,0.0303065,-0.0306742,0
375,0.2688,-0.272,0.0304067,-0.0307745,0
376,0.2704,-0.2736,0.0304903,-0.0308581,0
377,0.2704,-0.2736,0.0305906,-0.0309584,0
378,0.272,-0.2752,0.0306742,-0.031042,0
379,0.272,-0.2752,0.0307745,-0.0311422,0
380,0.2736,-0.2768,0.0308581,-0.0312258,0
381,0.2736,-0.2768,0.0309584,-0.0313261,0
382,0.2752,-0.2784,0.031042,-0.0314097,0
383,0.2752,-0.2784,0.0311422,-0.03151,0
384,0.2768,-0.28,0.0312258,-0.0315936,0
385,0.2768,-0.28,0.0313261,-0.0316938,0
386,0.2784,-0.2816,0.0314097,-0.0317774,0
387,0.2784,-0.2816,0.03151,-0.0318777,0
388,0.28,-0.2832,0.0315936,-0.0319613,0
389,0.28,-0.2832,0.0316938,-0.0320616,0
390,0.2816,-0.2848,0.0317774,-0.0321451,0
391,0.2816,-0.2848,0.0318777,-0.0322454,0
392,0.2832,-0.2864,0.0319613,-0.032329,0
393,0.2832,-0.2864,0.0320616,-0.0324293,0
394,0.2848,-0.288,0.0321451,-0.0325129,0
395,0.2848,-0.288,0.0322454,-0.0326131,0
396,0.2864,-0.2896,0.032329,-0.0326967,0
397,0.2864,-0.2896,0.0324293,-0.032797,0
398,0.288,-0.2912,0.0325129,-0.0328806,0
399,0.288,-0.2912,0.0326131,-0.0329809,0
400,0.2896,-0.2928,0.0326967,-0.0330644,0
401,0.2896,-0.2928,0.032797,-0.0331647,0
402,0.2912,-0.2944,0.0328806,-0.0332483,0
403,0.2912,-0.2944,0.0329809,-0.0333486,0
404,0.2928,-0.296,0.0330644,-0.0334322,0
405,0.2928,-0.296,0.0331647,-0.0335324,0
406,0.2944,-0.2976,0.0332483,-0.033616,0
407,0.2944,-0.2976,0.0333486,-0.0337163,0
408,0.296,-0.2992,0.0334322,-0.0337999,0
409,0.296,-0.2992,0.0335324,-0.0339001,0
410,0.2976,-0.3008,0.033616,-0.0339837,0
411,0.2976,-0.3008,0.0337163,-0.034084,0
412,0.2992,-0.3024,0.0337999,-0.0341676,0
413,0.2992,-0.3024,0.0339001,-0.0342678,0
414,0.3008,-0.304,0.0339837,-0.0343514,0
415,0.3008,-0.304,0.034084,-0.0344517,0
416,0.3024,-0.3056,0.0341676,-0.0345352,0
417,0.3024,-0.3056,0.0342678,-0.0346355,0
418,0.304,-0.3072,0.0343514,-0.0347191,0
419,0.304,-0.3072,0.0344517,-0.0348193,0
420,0.3056,-0.3088,0.0345352,-0.0349029,0
421,0.3056,-0.3088,0.0346355,-0.0350032,0
422,0.3072,-0.3104,0.0347191,-0.0350868,0
423,0.3072,-0.3104,0.0348193,-0.035187,0
424,0.3088,-0.312,0.0349029,-0.0352706,0
425,0.3088,-0.312,0.0350032,-0.0353709,0
426,0.3104,-0.3136,0.0350868,-0.0354545,0
427,0.3104,-0.3136,0.035187,-0.0355547,0
428,0.312,-0.3152,0.0352706,-0.0356383,0
429,0.312,-0.3152,0.0353709,-0.0357386,0
430,0.3136,-0.3168,0.0354545,-0.0358221,0
431,0.3136,-0.3168,0.0355547,-0.0359224,0
432,0.3152,-0.3184,0.0356383,-0.036006,0
433,0.3152,-0.3184,0.0357386,-0.0361062,0
434,0.3168,-0.32,0.0358221,-0.0361898,0
435,0.3168,-0.32,0.0359224,-0.03629,0
436,0.3184,-0.3216,0.036006,-0.0363736,0
437,0.3184,-0.3216,0.0361062,-0.0364739,0
438,0.32,-0.3232,0.0361898,-0.0365575,0
439,0.32,-0.3232,0.03629,-0.0366577,0
440,0.3216,-0.3248,0.0363736,-0.0367413,0
441,0.3216,-0.3248,0.0364739,-0.0368415,0
442,0.3232,-0.3264,0.0365575,-0.0369251,0
443,0.3232,-0.3264,0.0366577,-0.0370254,0
444,0.3248,-0.328,0.0367413,-0.0371089,0
445,0.3248,-0.328,0.0368415,-0.0372092,0
446,0.3264,-0.3296,0.0369251,-0.0372928,0
447,0.3264,-0.3296,0.0370254,-0.037393,0
448,0.328,-0.3312,0.0371089,-0.0374766,0
449,0.328,-0.3312,0.0372092,-0.0375768,0
450,0.3296,-0.3328,0.0372928,-0.0376604,0
451,0.3296,-0.3328,0.037393,-0.0377607,0
452,0.3312,-0.3344,0.0374766,-0.0378442,0
453,0.3312,-0.3344,0.0375768,-0.0379445,0
454,0.3328,-0.336,0.0376604,-0.0380281,0
455,0.3328,-0.336,0.0377607,-0.0381283,0
456,0.3344,-0.3376,0.0378442,-0.0382119,0
457,0.3344,-0.3376,0.0379445,-0.0383121,0
458,0.336,-0.3392,0.0380281,-0.0383957,0
459,0.336,-0.3392,0.0381283,-0.0384959,0
460,0.3376,-0.3408,0.0382119,-0.0385795,0
461,0.3376,-0.3408,0.0383121,-0.0386797,0
462,0.3392,-0.3424,0.0383957,-0.0387633,0
463,0.3392,-0.3424,0.0384959,-0.0388636,0
464,0.3408,-0.344,0.0385795,-0.0389471,0
465,0.3408,-0.344,0.0386797,-0.0390474,0
466,0.3424,-0.3456,0.0387633,-0.0391309,0
467,0.3424,-0.3456,0.0388636,-0.0392312,0
468,0.344,-0.3472,0.0389471,-0.0393148,0
469,0.344,-0.3472,0.0390474,-0.039415,0
470,0.3456,-0.3488,0.0391309,-0.0394986,0
471,0.3456,-0.3488,0.0392312,-0.0395988,0
472,0.3472,-0.3504,0.0393148,-0.0396824,0
473,0.3472,-0.3504,0.039415,-0.0397826,0
474,0.3488,-0.352,0.0394986,-0.0398662,0
475,0.3488,-0.352,0.0395988,-0.0399664,0
476,0.3504,-0.3536,0.0396824,-0.04005,0
477,0.3504,-0.3536,0.0397826,-0.0401502,0
478,0.352,-0.3552,0.0398662,-0.0402338,0
479,0.352,-0.3552,0.0399664,-0.040334,0
480,0.3536,-0.3568,0.04005,-0.0404176,0
481,0.3536,-0.3568,0.0401502,-0.0405178,0
482,0.3552,-0.3584,0.0402338,-0.0406014,0
483,0.3552,-0.3584,0.040334,-0.0407016,0
484,0.3568,-0.36,0.0404176,-0.0407852,0
485,0.3568,-0.36,0.0405178,-0.0408854,0
486,0.3584,-0.3616,0.0406014,-0.040969,0
487,0.3584,-0.3616,0.0407016,-0.0410692,0
488,0.36,-0.3632,0.0407852,-0.0411528,0
489,0.36,-0.3632,0.0408854,-0.041253,0
490,0.3616,-0.3648,0.040969,-0.0413366,0
491,0.3616,-0.3648,0.0410692,-0.0414368,0
492,0.3632,-0.3664,0.0411528,-0.0415204,0
493,0.3632,-0.3664,0.041253,-0.0416206,0
494,0.3648,-0.368,0.0413366,-0.0417042,0
495,0.3648,-0.368,0.0414368,-0.0418044,0
496,0.3664,-0.3696,0.0415204,-0.041888,0
497,0.3664,-0.3696,0.0416206,-0.0419882,0
498,0.368,-0.3712,0.0417042,-0.0420718,0
499,0.368,-0.3712,0.0418044,-0.042172,0
500,0.3696,-0.3728,0.041888,-0.0422555,0
501,0.3696,-0.3728,0.0419882,-0.0423558,0
502,0.3712,-0.3744,0.0420718,-0.0424393,0
503,0.3712,-0.3744,0.042172,-0.0425396,0
504,0.3728,-0.376,0.0422555,-0.0426231,0
505,0.3728,-0.376,0.0423558,-0.0427233,0
506,0.3744,-0.3776,0.0424393,-0.0428069,0
507,0.3744,-0.3776,0.0425396,-0.0429071,0
508,0.376,-0.3792,0.0426231,-0.0429907,0
509,0.376,-0.3792,0.0427233,-0.0430909,0
510,0.3776,-0.3808,0.0428069,-0.0431745,0
511,0.3776,-0.3808,0.0429071,-0.0432747,0
512,0.3792,-0.382399,0.0429907,-0.0433582,0
513,0.3792,-0.382399,0.0430909,-0.0434585,0
514,0.3808,-0.383999,0.0431745,-0.043542,0
515,0.3808,-0.383999,0.0432747,-0.0436422,0
516,0.382399,-0.385599,0.0433582,-0.0437258,0
517,0.382399,-0.385599,0.0434585,-0.043826,0
518,0.383999,-0.387199,0.043542,-0.0439096,0
519,0.383999,-0.387199,0.0436422,-0.0440098,0
520,0.385599,-0.388799,0.0437258,-0.0440934,0
521,0.385599,-0.388799,0.043826,-0.0441936,0
522,0.387199,-0.390399,0.0439096,-0.0442771,0
523,0.387199,-0.390399,0.0440098,-0.0443774,0
524,0.388799,-0.391999,0.0440934,-0.0444609,0
525,0.388799,-0.391999,0.0441936,-0.0445611,0
526,0.390399,-0.393599,0.0442771,-0.0446447,0
527,0.390399,-0.393599,0.0443774,-0.0447449,0
528,0.391999,-0.395199,0.0444609,-0.0448284,0
529,0.391999,-0.395199,0.0445611,-0.0449287,0
530,0.393599,-0.396799,0.0446447,-0.0450122,0
531,0.393599,-0.396799,0.0447449,-0.0451124,0
532,0.395199,-0.398399,0.0448284,-0.045196,0
533,0.395199,-0.398399,0.0449287,-0.0452962,0
534,0.396799,-0.399999,0.0450122,-0.0453797,0
535,0.396799,-0.399999,0.0451124,-0.04548,0
536,0.398399,-0.401599,0.045196,-0.0455635,0
537,0.398399,-0.401599,0.0452962,-0.0456637,0
538,0.399999,-0.403199,0.0453797,-0.0457473,0
539,0.399999,-0.403199,0.04548,-0.0458475,0
540,0.401599,-0.404799,0.0455635,-0.045931,0
541,0.401599,-0.404799,0.0456637,-0.0460313,0
542,0.403199,-0.406399,0.0457473,-0.0461148,0
543,0.403199,-0.406399,0.0458475,-0.046215,0
544,0.404799,-0.407999,0.045931,-0.0462986,0
545,0.404799,-0.407999,0.0460313,-0.0463988,0
546,0.406399,-0.409599,0.0461148,-0.0464823,0
547,0.406399,-0.409599,0.046215,-0.0465825,0
548,0.407999,-0.411199,0.0462986,-0.0466661,0
549,0.407999,-0.411199,0.0463988,-0.0467663,0
550,0.409599,-0.412799,0.0464823,-0.0468498,0
551,0.409599,-0.412799,0.0465825,-0.04695,0
552,0.411199,-0.414399,0.0466661,-0.0470336,0
553,0.411199,-0.414399,0.0467663,-0.0471338,0
554,0.412799,-0.415999,0.0468498,-0.0472173,0
555,0.412799,-0.415999,0.04695,-0.0473175,0
556,0.414399,-0.417599,0.0470336,-0.0474011,0
557,0.414399,-0.417599,0.0471338,-0.0475013,0
558,0.415999,-0.419199,0.0472173,-0.0475848,0
559,0.415999,-0.419199,0.0473175,-0.047685,0
560,0.417599,-0.420799,0.0474011,-0.0477686,0
561,0.417599,-0.420799,0.0475013,-0.0478688,0
562,0.419199,-0.422399,0.0475848,-0.0479523,0
563,0.419199,-0.422399,0.047685,-0.0480525,0
564,0.420799,-0.423999,0.0477686,-0.0481361,0
565,0.420799,-0.423999,0.0478688,-0.0482363,0
566,0.422399,-0.425599,0.0479523,-0.0483198,0
567,0.422399,-0.425599,0.0480525,-0.04842,0
568,0.423999,-0.427199,0.0481361,-0.0485036,0
569,0.423999,-0.427199,0.0482363,-0.0486038,0
570,0.425599,-0.428799,0.0483198,-0.0486873,0
571,0.425599,-0.428799,0.04842,-0.0487875,0
572,0.427199,-0.430399,0.0485036,-0.048871,0
573,0.427199,-0.430399,0.0486038,-0.0489712,0
574,0.428799,-0.431999,0.0486873,-0.0490548,0
575,0.428799,-0.431999,0.0487875,-0.049155,0
576,0.430399,-0.433599,0.048871,-0.0492385,0
577,0.430399,-0.433599,0.0489712,-0.0493387,0
578,0.431999,-0.435199,0.0490548,-0.0494222,0
579,0.431999,-0.435199,0.049155,-0.0495224,0
580,0.433599,-0.436799,0.0492385,-0.049606,0
581,0.433599,-0.436799,0.0493387,-0.0497062,0
582,0.435199,-0.438399,0.0494222,-0.0497897,0
583,0.435199,-0.438399,0.0495224,-0.0498899,0
584,0.436799,-0.439999,0.049606,-0.0499734,0
585,0.436799,-0.439999,0.0497062,-0.0500736,0
586,0.438399,-0.441599,0.0497897,-0.0501572,0
587,0.438399,-0.441599,0.0498899,-0.0502574,0
588,0.439999,-0.443199,0.0499734,-0.0503409,0
589,0.439999,-0.443199,0.0500736,-0.0504411,0
590,0.441599,-0.444799,0.0501572,-0.0505246,0
591,0.441599,-0.444799,0.0502574,-0.0506248,0
592,0.443199,-0.446399,0.0503409,-0.0507084,0
593,0.443199,-0.446399,0.0504411,-0.0508086,0
594,0.444799,-0.447999,0.0505246,-0.0508921,0
595,0.444799,-0.447999,0.0506248,-0.0509923,0
596,0.446399,-0.449599,0.0507084,-0.0510758,0
597,0.446399,-0.449599,0.0508086,-0.051176,0
598,0.447999,-0.451199,0.0508921,-0.0512595,0
599,0.447999,-0.451199,0.0509923,-0.0513597,0
600,0.449599,-0.452799,0.0510758,-0.0514432,0
601,0.449599,-0.452799,0.051176,-0.0515434,0
602,0.451199,-0.454399,0.0512595,-0.051627,0
603,0.451199,-0.454399,0.0513597,-0.0517272,0
604,0.452799,-0.455999,0.0514432,-0.0518107,0
605,0.452799,-0.455999,0.0515434,-0.0519109,0
606,0.454399,-0.457599,0.051627,-0.0519944,0
607,0.454399,-0.457599,0.0517272,-0.0520946,0
608,0.455999,-0.459199,0.0518107,-0.0521781,0
609,0.455999,-0.459199,0.0519109,-0.0522783,0
610,0.457599,-0.460799,0.0519944,-0.0523618,0
611,0.457599,-0.460799,0.0520946,-0.052462,0
612,0.459199,-0.462399,0.0521781,-0.0525455,0
613,0.459199,-0.462399,0.0522783,-0.0526457,0
614,0.460799,-0.463999,0.0523618,-0.0527293,0
615,0.460799,-0.463999,0.052462,-0.0528295,0
616,0.462399,-0.465599,0.0525455,-0.052913,0
617,0.462399,-0.465599,0.0526457,-0.0530132,0
618,0.463999,-0.467199,0.0527293,-0.0530967,0
619,0.463999,-0.467199,0.0528295,-0.0531969,0
620,0.465599,-0.468799,0.052913,-0.0532804,0
621,0.465599,-0.468799,0.0530132,-0.0533806,0
622,0.467199,-0.470399,0.0530967,-0.0534641,0
623,0.467199,-0.470399,0.0531969,-0.0535643,0
624,0.468799,-0.471999,0.0532804,-0.0536478,0
625,0.468799,-0.471999,0.0533806,-0.053748,0
626,0.470399,-0.473599,0.0534641,-0.0538315,0
627,0.470399,-0.473599,0.0535643,-0.0539317,0
628,0.471999,-0.475199,0.0536478,-0.0540152,0
629,0.471999,-0.475199,0.053748,-0.0541154,0
630,0.473599,-0.476799,0.0538315,-0.0541989,0
631,0.473599,-0.476799,0.0539317,-0.0542991,0
632,0.475199,-0.478399,0.0540152,-0.0543826,0
633,0.475199,-0.478399,0.0541154,-0.0544828,0
634,0.476799,-0.479999,0.0541989,-0.0545663,0
635,0.476799,-0.479999,0.0542991,-0.0546665,0
636,0.478399,-0.481599,0.0543826,-0.05475,0
637,0.478399,-0.481599,0.0544828,-0.0548502,0
638,0.479999,-0.483199,0.0545663,-0.0549337,0
639,0.479999,-0.483199,0.0546665,-0.0550339,0
640,0.481599,-0.484799,0.05475,-0.0551174,0
641,0.481599,-0.484799,0.0548502,-0.0552176,0
642,0.483199,-0.486399,0.0549337,-0.0553011,0
643,0.483199,-0.486399,0.0550339,-0.0554013,0
644,0.484799,-0.487999,0.0551174,-0.0554848,0
645,0.484799,-0.487999,0.0552176,-0.055585,0
646,0.486399,-0.489599,0.0553011,-0.0556685,0
647,0.486399,-0.489599,0.0554013,-0.0557686,0
648,0.487999,-0.491199,0.0554848,-0.0558522,0
649,0.487999,-0.491199,0.055585,-0.0559523,0
650,0.489599,-0.492799,0.0556685,-0.0560358,0
651,0.489599,-0.492799,0.0557686,-0.056136,0
652,0.491199,-0.494399,0.0558522,-0.0562195,0
653,0.491199,-0.494399,0.0559523,-0.0563197,0
654,0.492799,-0.495999,0.0560358,-0.0564032,0
655,0.492799,-0.495999,0.056136,-0.0565034,0
656,0.494399,-0.497599,0.0562195,-0.0565869,0
657,0.494399,-0.497599,0.0563197,-0.0566871,0
658,0.495999,-0.499199,0.0564032,-0.0567706,0
659,0.495999,-0.499199,0.0565034,-0.0568708,0
660,0.497599,-0.500799,0.0565869,-0.0569543,0
661,0.497599,-0.500799,0.0566871,-0.0570544,0
662,0.499199,-0.502399,0.0567706,-0.0571379,0
663,0.499199,-0.502399,0.0568708,-0.0572381,0
664,0.500799,-0.503999,0.0569543,-0.0573216,0
665,0.500799,-0.503999,0.0570544,-0.0574218,0
666,0.502399,-0.505599,0.0571379,-0.0575053,0
667,0.502399,-0.505599,0.0572381,-0.0576055,0
668,0.503999,-0.507199,0.0573216,-0.057689,0
669,0.503999,-0.507199,0.0574218,-0.0577891,0
670,0.505599,-0.508799,0.0575053,-0.0578726,0
671,0.505599,-0.508799,0.0576055,-0.0579728,0
672,0.507199,-0.510399,0.057689,-0.0580563,0
673,0.507199,-0.510399,0.0577891,-0.0581565,0
674,0.508799,-0.511999,0.0578726,-0.05824,0
675,0.508799,-0.511999,0.0579728,-0.0583402,0
676,0.510399,-0.5136,0.0580563,-0.0584237,0
677,0.510399,-0.5136,0.0581565,-0.0585238,0
678,0.511999,-0.5152,0.05824,-0.0586073,0
679,0.511999,-0.5152,0.0583402,-0.0587075,0
680,0.5136,-0.5168,0.0584237,-0.058791,0
681,0.5136,-0.5168,0.0585238,-0.0588912,0
682,0.5152,-0.5184,0.0586073,-0.0589747,0
683,0.5152,-0.5184,0.0587075,-0.0590748,0
684,0.5168,-0.52,0.058791,-0.0591583,0
685,0.5168,-0.52,0.0588912,-0.0592585,0
686,0.5184,-0.5216,0.0589747,-0.059342,0
687,0.5184,-0.5216,0.0590748,-0.0594422,0
688,0.52,-0.5232,0.0591583,-0.0595257,0
689,0.52,-0.5232,0.0592585,-0.0596258,0
690,0.5216,-0.5248,0.059342,-0.0597093,0
691,0.5216,-0.5248,0.0594422,-0.0598095,0
692,0.5232,-0.5264,0.0595257,-0.059893,0
693,0.5232,-0.5264,0.0596258,-0.0599932,0
694,0.5248,-0.528,0.0597093,-0.0600767,0
695,0.5248,-0.528,0.0598095,-0.0601768,0
696,0.5264,-0.5296,0.059893,-0.0602603,0
697,0.5264,-0.5296,0.0599932,-0.0603605,0
698,0.528,-0.5312,0.0600767,-0.060444,0
699,0.528,-0.5312,0.0601768,-0.0605441,0
700,0.5296,-0.5328,0.0602603,-0.0606276,0
701,0.5296,-0.5328,0.0603605,-0.0607278,0
702,0.5312,-0.5344,0.060444,-0.0608113,0
703,0.5312,-0.5344,0.0605441,-0.0609115,0
704,0.5328,-0.536,0.0606276,-0.0609949,0
705,0.5328,-0.536,0.0607278,-0.0610951,0
706,0.5344,-0.5376,0.0608113,-0.0611786,0
707,0.5344,-0.5376,0.0609115,-0.0612788,0
708,0.536,-0.5392,0.0609949,-0.0613623,0
709,0.536,-0.5392,0.0610951,-0.0614624,0
710,0.5376,-0.5408,0.0611786,-0.0615459,0
711,0.5376,-0.5408,0.0612788,-0.0616461,0
712,0.5392,-0.5424,0.0613623,-0.0617296,0
713,0.5392,-0.5424,0.0614624,-0.0618297,0
714,0.5408,-0.544,0.0615459,-0.0619132,0
715,0.5408,-0.544,0.0616461,-0.0620134,0
716,0.5424,-0.5456,0.0617296,-0.0620969,0
717,0.5424,-0.5456,0.0618297,-0.062197,0
718,0.544,-0.5472,0.0619132,-0.0622805,0
719,0.544,-0.5472,0.0620134,-0.0623807,0
720,0.5456,-0.5488,0.0620969,-0.0624641,0
721,0.5456,-0.5488,0.062197,-0.0625643,0
722,0.5472,-0.5504,0.0622805,-0.0626478,0
723,0.5472,-0.5504,0.0623807,-0.0627479,0
724,0.5488,-0.552,0.0624641,-0.0628314,0
725,0.5488,-0.552,0.0625643,-0.0629316,0
726,0.5504,-0.5536,0.0626478,-0.0630151,0
727,0.5504,-0.5536,0.0627479,-0.0631152,0
728,0.552,-0.5552,0.0628314,-0.0631987,0
729,0.552,-0.5552,0.0629316,-0.0632989,0
730,0.5536,-0.5568,0.0630151,-0.0633823,0
731,0.5536,-0.5568,0.0631152,-0.0634825,0
732,0.5552,-0.5584,0.0631987,-0.063566,0
733,0.5552,-0.5584,0.0632989,-0.0636661,0
734,0.5568,-0.56,0.0633823,-0.0637496,0
735,0.5568,-0.56,0.0634825,-0.0638498,0
736,0.5584,-0.5616,0.063566,-0.0639332,0
737,0.5584,-0.5616,0.0636661,-0.0640334,0
738,0.56,-0.5632,0.0637496,-0.0641169,0
739,0.56,-0.5632,0.0638498,-0.064217,0
740,0.5616,-0.5648,0.0639332,-0.0643005,0
741,0.5616,-0.5648,0.0640334,-0.0644006,0
742,0.5632,-0.5664,0.0641169,-0.0644841,0
743,0.5632,-0.5664,0.064217,-0.0645843,0
744,0.5648,-0.568,0.0643005,-0.0646677,0
745,0.5648,-0.568,0.0644006,-0.0647679,0
746,0.5664,-0.5696,0.0644841,-0.0648514,0
747,0.5664,-0.5696,0.0645843,-0.0649515,0
748,0.568,-0.5712,0.0646677,-0.065035,0
749,0.568,-0.5712,0.0647679,-0.0651351,0
750,0.5696,-0.572801,0.0648514,-0.0652186,0
751,0.5696,-0.572801,0.0649515,-0.0653188,0
752,0.5712,-0.574401,0.065035,-0.0654022,0
753,0.5712,-0.574401,0.0651351,-0.0655024,0
754,0.572801,-0.576001,0.0652186,-0.0655859,0
755,0.572801,-0.576001,0.0653188,-0.065686,0
756,0.574401,-0.577601,0.0654022,-0.0657695,0
757,0.574401,-0.577601,0.0655024,-0.0658696,0
758,0.576001,-0.579201,0.0655859,-0.0659531,0
759,0.576001,-0.579201,0.065686,-0.0660532,0
760,0.577601,-0.580801,0.0657695,-0.0661367,0
761,0.577601,-0.580801,0.0658696,-0.0662369,0
762,0.579201,-0.582401,0.0659531,-0.0663203,0
763,0.579201,-0.582401,0.0660532,-0.0664205,0
764,0.580801,-0.584001,0.0661367,-0.066504,0
765,0.580801,-0.584001,0.0662369,-0.0666041,0
766,0.582401,-0.585601,0.0663203,-0.0666876,0
767,0.582401,-0.585601,0.0664205,-0.0667877,0
768,0.584001,-0.587201,0.066504,-0.0668712,0
769,0.584001,-0.587201,0.0666041,-0.0669713,0
770,0.585601,-0.588801,0.0666876,-0.0670548,0
771,0.585601,-0.588801,0.0667877,-0.0671549,0
772,0.587201,-0.590401,0.0668712,-0.0672384,0
773,0.587201,-0.590401,0.0669713,-0.0673385,0
774,0.588801,-0.592001,0.0670548,-0.067422,0
775,0.588801,-0.592001,0.0671549,-0.0675221,0
776,0.590401,-0.593601,0.0672384,-0.0676056,0
777,0.590401,-0.593601,0.0673385,-0.0677057,0
778,0.592001,-0.595201,0.067422,-0.0677892,0
779,0.592001,-0.595201,0.0675221,-0.0678893,0
780,0.593601,-0.596801,0.0676056,-0.0679728,0
781,0.593601,-0.596801,0.0677057,-0.0680729,0
782,0.595201,-0.598401,0.0677892,-0.0681564,0
783,0.595201,-0.598401,0.0678893,-0.0682565,0
784,0.596801,-0.600001,0.0679728,-0.06834,0
785,0.596801,-0.600001,0.0680729,-0.0684401,0
786,0.598401,-0.601601,0.0681564,-0.0685236,0
787,0.598401,-0.601601,0.0682565,-0.0686237,0
788,0.600001,-0.603201,0.06834,-0.0687072,0
789,0.600001,-0.603201,0.0684401,-0.0688073,0
790,0.601601,-0.604801,0.0685236,-0.0688908,0
791,0.601601,-0.604801,0.0686237,-0.0689909,0
792,0.603201,-0.606401,0.0687072,-0.0690744,0
793,0.603201,-0.606401,0.0688073,-0.0691745,0
794,0.604801,-0.608001,0.0688908,-0.069258,0
795,0.604801,-0.608001,0.0689909,-0.0693581,0
796,0.606401,-0.609601,0.0690744,-0.0694416,0
797,0.606401,-0.609601,0.0691745,-0.0695417,0
798,0.608001,-0.611201,0.069258,-0.0696252,0
799,0.608001,-0.611201,0.0693581,-0.0697253,0
800,0.609601,-0.612801,0.0694416,-0.0698088,0
801,0.609601,-0.612801,0.0695417,-0.0699089,0
802,0.611201,-0.614401,0.0696252,-0.0699924,0
803,0.611201,-0.614401,0.0697253,-0.0700925,0
804,0.612801,-0.616001,0.0698088,-0.070176,0
805,0.612801,-0.616001,0.0699089,-0.0702761,0
806,0.614401,-0.617601,0.0699924,-0.0703595,0
807,0.614401,-0.617601,0.0700925,-0.0704597,0
808,0.616001,-0.619201,0.070176,-0.0705431,0
809,0.616001,-0.619201,0.0702761,-0.0706432,0
810,0.617601,-0.620801,0.0703595,-0.0707267,0
811,0.617601,-0.620801,0.0704597,-0.0708268,0
812,0.619201,-0.622401,0.0705431,-0.0709103,0
813,0.619201,-0.622401,0.0706432,-0.0710104,0
814,0.620801,-0.624001,0.0707267,-0.0710939,0
815,0.620801,-0.624001,0.0708268,-0.071194,0
816,0.622401,-0.625601,0.0709103,-0.0712774,0
817,0.622401,-0.625601,0.0710104,-0.0713776,0
818,0.624001,-0.627201,0.0710939,-0.071461,0
819,0.624001,-0.627201,0.071194,-0.0715611,0
820,0.625601,-0.628801,0.0712774,-0.0716446,0
821,0.625601,-0.628801,0.0713776,-0.0717447,0
822,0.627201,-0.630401,0.071461,-0.0718282,0
823,0.627201,-0.630401,0.0715611,-0.0719283,0
824,0.628801,-0.632002,0.0716446,-0.0720117,0
825,0.628801,-0.632002,0.0717447,-0.0721119,0
826,0.630401,-0.633602,0.0718282,-0.0721953,0
827,0.630401,-0.633602,0.0719283,-0.0722954,0
828,0.632002,-0.635202,0.0720117,-0.0723789,0
829,0.632002,-0.635202,0.0721119,-0.072479,0
830,0.633602,-0.636802,0.0721953,-0.0725624,0
831,0.633602,-0.636802,0.0722954,-0.0726626,0
832,0.635202,-0.638402,0.0723789,-0.072746,0
833,0.635202,-0.638402,0.072479,-0.0728461,0
834,0.636802,-0.640002,0.0725624,-0.0729296,0
835,0.636802,-0.640002,0.0726626,-0.0730297,0
836,0.638402,-0.641602,0.072746,-0.0731132,0
837,0.638402,-0.641602,0.0728461,-0.0732133,0
838,0.640002,-0.643202,0.0729296,-0.0732967,0
839,0.640002,-0.643202,0.0730297,-0.0733968,0
840,0.641602,-0.644802,0.0731132,-0.0734803,0
841,0.641602,-0.644802,0.0732133,-0.0735804,0
842,0.643202,-0.646402,0.0732967,-0.0736638,0
843,0.643202,-0.646402,0.0733968,-0.0737639,0
844,0.644802,-0.648002,0.0734803,-0.0738474,0
845,0.644802,-0.648002,0.0735804,-0.0739475,0
846,0.646402,-0.649602,0.0736638,-0.074031,0
847,0.646402,-0.649602,0.0737639,-0.0741311,0
848,0.648002,-0.651202,0.0738474,-0.0742145,0
849,0.648002,-0.651202,0.0739475,-0.0743146,0
850,0.649602,-0.652802,0.074031,-0.0743981,0
851,0.649602,-0.652802,0.0741311,-0.0744982,0
852,0.651202,-0.654402,0.0742145,-0.0745816,0
853,0.651202,-0.654402,0.0743146,-0.0746817,0
854,0.652802,-0.656002,0.0743981,-0.0747652,0
855,0.652802,-0.656002,0.0744982,-0.0748653,0
856,0.654402,-0.657602,0.0745816,-0.0749487,0
857,0.654402,-0.657602,0.0746817,-0.0750488,0
858,0.656002,-0.659202,0.0747652,-0.0751323,0
859,0.656002,-0.659202,0.0748653,-0.0752324,0
860,0.657602,-0.660802,0.0749487,-0.0753158,0
861,0.657602,-0.660802,0.0750488,-0.0754159,0
862,0.659202,-0.662402,0.0751323,-0.0754994,0
863,0.659202,-0.662402,0.0752324,-0.0755995,0
864,0.660802,-0.664002,0.0753158,-0.0756829,0
865,0.660802,-0.664002,0.0754159,-0.075783,0
866,0.662402,-0.665602,0.0754994,-0.0758665,0
867,0.662402,-0.665602,0.0755995,-0.0759666,0
868,0.664002,-0.667202,0.0756829,-0.07605,0
869,0.664002,-0.667202,0.075783,-0.0761501,0
870,0.665602,-0.668802,0.0758665,-0.0762336,0
871,0.665602,-0.668802,0.0759666,-0.0763337,0
872,0.667202,-0.670402,0.07605,-0.0764171,0
873,0.667202,-0.670402,0.0761501,-0.0765172,0
874,0.668802,-0.672002,0.0762336,-0.0766006,0
875,0.668802,-0.672002,0.0763337,-0.0767007,0
876,0.670402,-0.673602,0.0764171,-0.0767842,0
877,0.670402,-0.673602,0.0765172,-0.0768843,0
878,0.672002,-0.675202,0.0766006,-0.0769677,0
879,0.672002,-0.675202,0.0767007,-0.0770678,0
880,0.673602,-0.676802,0.0767842,-0.0771512,0
881,0.673602,-0.676802,0.0768843,-0.0772513,0
882,0.675202,-0.678402,0.0769677,-0.0773348,0
883,0.675202,-0.678402,0.0770678,-0.0774349,0
884,0.676802,-0.680002,0.0771512,-0.0775183,0
885,0.676802,-0.680002,0.0772513,-0.0776184,0
886,0.678402,-0.681602,0.0773348,-0.0777018,0
887,0.678402,-0.681602,0.0774349,-0.0778019,0
888,0.680002,-0.683202,0.0775183,-0.0778854,0
889,0.680002,-0.683202,0.0776184,-0.0779855,0
890,0.681602,-0.684802,0.0777018,-0.0780689,0
891,0.681602,-0.684802,0.0778019,-0.078169,0
892,0.683202,-0.686402,0.0778854,-0.0782524,0
893,0.683202,-0.686402,0.0779855,-0.0783525,0
894,0.684802,-0.688002,0.0780689,-0.0784359,0
895,0.684802,-0.688002,0.078169,-0.078536,0
896,0.686402,-0.689602,0.0782524,-0.0786195,0
897,0.686402,-0.689602,0.0783525,-0.0787196,0
898,0.688002,-0.691203,0.0784359,-0.078803,0
899,0.688002,-0.691203,0.078536,-0.0789031,0
900,0.689602,-0.692803,0.0786195,-0.0789865,0
901,0.689602,-0.692803,0.0787196,-0.0790866,0
902,0.691203,-0.694403,0.078803,-0.07917,0
903,0.691203,-0.694403,0.0789031,-0.0792701,0
904,0.692803,-0.696003,0.0789865,-0.0793536,0
905,0.692803,-0.696003,0.0790866,-0.0794537,0
906,0.694403,-0.697603,0.07917,-0.0795371,0
907,0.694403,-0.697603,0.0792701,-0.0796372,0
908,0.696003,-0.699203,0.0793536,-0.0797206,0
909,0.696003,-0.699203,0.0794537,-0.0798207,0
910,0.697603,-0.700803,0.0795371,-0.0799041,0
911,0.697603,-0.700803,0.0796372,-0.0800042,0
912,0.699203,-0.702403,0.0797206,-0.0800876,0
913,0.699203,-0.702403,0.0798207,-0.0801877,0
914,0.700803,-0.704003,0.0799041,-0.0802711,0
915,0.700803,-0.704003,0.0800042,-0.0803712,0
916,0.702403,-0.705603,0.0800876,-0.0804546,0
917,0.702403,-0.705603,0.0801877,-0.0805547,0
918,0.704003,-0.707203,0.0802711,-0.0806382,0
919,0.704003,-0.707203,0.0803712,-0.0807382,0
920,0.705603,-0.708803,0.0804546,-0.0808217,0
921,0.705603,-0.708803,0.0805547,-0.0809217,0
922,0.707203,-0.710403,0.0806382,-0.0810052,0
923,0.707203,-0.710403,0.0807382,-0.0811053,0
924,0.708803,-0.712003,0.0808217,-0.0811887,0
925,0.708803,-0.712003,0.0809217,-0.0812888,0
926,0.710403,-0.713603,0.0810052,-0.0813722,0
927,0.710403,-0.713603,0.0811053,-0.0814723,0
928,0.712003,-0.715203,0.0811887,-0.0815557,0
929,0.712003,-0.715203,0.0812888,-0.0816558,0
930,0.713603,-0.716803,0.0813722,-0.0817392,0
931,0.713603,-0.716803,0.0814723,-0.0818393,0
932,0.715203,-0.718403,0.0815557,-0.0819227,0
933,0.715203,-0.718403,0.0816558,-0.0820228,0
934,0.716803,-0.720003,0.0817392,-0.0821062,0
935,0.716803,-0.720003,0.0818393,-0.0822063,0
936,0.718403,-0.721603,0.0819227,-0.0822897,0
937,0.718403,-0.721603,0.0820228,-0.0823898,0
938,0.720003,-0.723203,0.0821062,-0.0824732,0
939,0.720003,-0.723203,0.0822063,-0.0825733,0
940,0.721603,-0.724803,0.0822897,-0.0826567,0
941,0.721603,-0.724803,0.0823898,-0.0827568,0
942,0.723203,-0.726403,0.0824732,-0.0828402,0
943,0.723203,-0.726403,0.0825733,-0.0829403,0
944,0.724803,-0.728003,0.0826567,-0.0830237,0
945,0.724803,-0.728003,0.0827568,-0.0831237,0
946,0.726403,-0.729603,0.0828402,-0.0832072,0
947,0.726403,-0.729603,0.0829403,-0.0833072,0
948,0.728003,-0.731203,0.0830237,-0.0833906,0
949,0.728003,-0.731203,0.0831237,-0.0834907,0
950,0.729603,-0.732803,0.0832072,-0.0835741,0
951,0.729603,-0.732803,0.0833072,-0.0836742,0
952,0.731203,-0.734403,0.0833906,-0.0837576,0
953,0.731203,-0.734403,0.0834907,-0.0838577,0
954,0.732803,-0.736003,0.0835741,-0.0839411,0
955,0.732803,-0.736003,0.0836742,-0.0840412,0
956,0.734403,-0.737603,0.0837576,-0.0841246,0
957,0.734403,-0.737603,0.0838577,-0.0842247,0
958,0.736003,-0.739203,0.0839411,-0.0843081,0
959,0.736003,-0.739203,0.0840412,-0.0844081,0
960,0.737603,-0.740803,0.0841246,-0.0844916,0
961,0.737603,-0.740803,0.0842247,-0.0845916,0
962,0.739203,-0.742403,0.0843081,-0.084675,0
963,0.739203,-0.742403,0.0844081,-0.0847751,0
964,0.740803,-0.744003,0.0844916,-0.0848585,0
965,0.740803,-0.744003,0.0845916,-0.0849586,0
966,0.742403,-0.745603,0.084675,-0.085042,0
967,0.742403,-0.745603,0.0847751,-0.0851421,0
968,0.744003,-0.747203,0.0848585,-0.0852255,0
969,0.744003,-0.747203,0.0849586,-0.0853255,0
970,0.745603,-0.748803,0.085042,-0.0854089,0
971,0.745603,-0.748803,0.0851421,-0.085509,0
972,0.747203,-0.750404,0.0852255,-0.0855924,0
973,0.747203,-0.750404,0.0853255,-0.0856925,0
974,0.748803,-0.752004,0.0854089,-0.0857759,0
975,0.748803,-0.752004,0.085509,-0.085876,0
976,0.750404,-0.753604,0.0855924,-0.0859594,0
977,0.750404,-0.753604,0.0856925,-0.0860594,0
978,0.752004,-0.755204,0.0857759,-0.0861428,0
979,0.752004,-0.755204,0.085876,-0.0862429,0
980,0.753604,-0.756804,0.0859594,-0.0863263,0
981,0.753604,-0.756804,0.0860594,-0.0864264,0
982,0.755204,-0.758404,0.0861428,-0.0865098,0
983,0.755204,-0.758404,0.0862429,-0.0866098,0
984,0.756804,-0.760004,0.0863263,-0.0866932,0
985,0.756804,-0.760004,0.0864264,-0.0867933,0
986,0.758404,-0.761604,0.0865098,-0.0868767,0
987,0.758404,-0.761604,0.0866098,-0.0869768,0
988,0.760004,-0.763204,0.0866932,-0.0870602,0
989,0.760004,-0.763204,0.0867933,-0.0871602,0
990,0.761604,-0.764804,0.0868767,-0.0872436,0
991,0.761604,-0.764804,0.0869768,-0.0873437,0
992,0.763204,-0.766404,0.0870602,-0.0874271,0
993,0.763204,-0.766404,0.0871602,-0.0875271,0
994,0.764804,-0.768004,0.0872436,-0.0876105,0
995,0.764804,-0.768004,0.0873437,-0.0877106,0
996,0.766404,-0.769604,0.0874271,-0.087794,0
997,0.766404,-0.769604,0.0875271,-0.087894,0
998,0.768004,-0.771204,0.0876105,-0.0879774,0
999,0.768004,-0.771204,0.0877106,-0.0880775,0
1000,0.769604,-0.772804,0.087794,-0.0881609,0
1001,0.769604,-0.772804,0.0858218,-0.08618,0
1002,0.771204,-0.774404,0.0842224,-0.0845737,0
1003,0.771204,-0.774404,0.0829558,-0.0833014,0
1004,0.772804,-0.776004,0.0819287,-0.0822696,0
1005,0.772804,-0.776004,0.0811261,-0.0814633,0
1006,0.774404,-0.777604,0.0804753,-0.0808094,0
1007,0.774404,-0.777604,0.0799778,-0.0803095,0
1008,0.776004,-0.779204,0.0795745,-0.0799042,0
1009,0.776004,-0.779204,0.0792777,-0.0796058,0
1010,0.777604,-0.780804,0.0790371,-0.0793638,0
1011,0.777604,-0.780804,0.0788723,-0.079198,0
1012,0.779204,-0.782404,0.0787386,-0.0790635,0
1013,0.779204,-0.782404,0.0786606,-0.0789848,0
1014,0.780804,-0.784004,0.0785974,-0.078921,0
1015,0.780804,-0.784004,0.0785764,-0.0788996,0
1016,0.782404,-0.785604,0.0785595,-0.0788822,0
1017,0.782404,-0.785604,0.078576,-0.0788985,0
1018,0.784004,-0.787204,0.0785895,-0.0789117,0
1019,0.784004,-0.787204,0.0786308,-0.0789528,0
1020,0.785604,-0.788804,0.0786642,-0.0789861,0
1021,0.785604,-0.788804,0.0787217,-0.0790435,0
1022,0.787204,-0.790404,0.0787684,-0.07909,0
1023,0.787204,-0.790404,0.0788366,-0.0791581,0
1024,0.788804,-0.792004,0.0788918,-0.0792133,0
1025,0.788804,-0.792004,0.078967,-0.0792884,0
1026,0.790404,-0.793604,0.079028,-0.0793494,0
1027,0.790404,-0.793604,0.0791078,-0.0794291,0
1028,0.792004,-0.795204,0.0791725,-0.0794938,0
1029,0.792004,-0.795204,0.0792554,-0.0795766,0
1030,0.793604,-0.796804,0.0793225,-0.0796438,0
1031,0.793604,-0.796804,0.0794074,-0.0797286,0
1032,0.795204,-0.798404,0.0794762,-0.0797974,0
1033,0.795204,-0.798404,0.0795623,-0.0798835,0
1034,0.796804,-0.800004,0.0796322,-0.0799534,0
1035,0.796804,-0.800004,0.0797192,-0.0800404,0
1036,0.798404,-0.801604,0.0797898,-0.0801109,0
1037,0.798404,-0.801604,0.0798774,-0.0801985,0
1038,0.800004,-0.803204,0.0799484,-0.0802695,0
1039,0.800004,-0.803204,0.0800363,-0.0803575,0
1040,0.801604,-0.804804,0.0801077,-0.0804288,0
1041,0.801604,-0.804804,0.0801959,-0.080517,0
1042,0.803204,-0.806404,0.0802674,-0.0805885,0
1043,0.803204,-0.806404,0.0803557,-0.0806769,0
1044,0.804804,-0.808004,0.0804274,-0.0807485,0
1045,0.804804,-0.808004,0.0805158,-0.080837,0
1046,0.806404,-0.809605,0.0805876,-0.0809087,0
1047,0.806404,-0.809605,0.0806761,-0.0809973,0
1048,0.808004,-0.811205,0.0807479,-0.081069,0
1049,0.808004,-0.811205,0.0808365,-0.0811576,0
1050,0.809605,-0.812805,0.0809083,-0.0812295,0
1051,0.809605,-0.812805,0.0809969,-0.0813181,0
1052,0.811205,-0.814405,0.0810688,-0.0813899,0
1053,0.811205,-0.814405,0.0811574,-0.0814785,0
1054,0.812805,-0.816005,0.0812293,-0.0815504,0
1055,0.812805,-0.816005,0.0813179,-0.0816391,0
1056,0.814405,-0.817605,0.0813898,-0.0817109,0
1057,0.814405,-0.817605,0.0814785,-0.0817996,0
1058,0.816005,-0.819205,0.0815503,-0.0818715,0
1059,0.816005,-0.819205,0.081639,-0.0819601,0
1060,0.817605,-0.820805,0.0817109,-0.082032,0
1061,0.817605,-0.820805,0.0817995,-0.0821207,0
1062,0.819205,-0.822405,0.0818714,-0.0821926,0
1063,0.819205,-0.822405,0.0819601,-0.0822812,0
1064,0.820805,-0.824005,0.082032,-0.0823531,0
1065,0.820805,-0.824005,0.0821206,-0.0824418,0
1066,0.822405,-0.825605,0.0821925,-0.0825136,0
1067,0.822405,-0.825605,0.0822812,-0.0826023,0
1068,0.824005,-0.827205,0.0823531,-0.0826742,0
1069,0.824005,-0.827205,0.0824417,-0.0827629,0
1070,0.825605,-0.828805,0.0825136,-0.0828348,0
1071,0.825605,-0.828805,0.0826023,-0.0829234,0
1072,0.827205,-0.830405,0.0826742,-0.0829953,0
1073,0.827205,-0.830405,0.0827629,-0.083084,0
1074,0.828805,-0.832005,0.0828348,-0.0831559,0
1075,0.828805,-0.832005,0.0829234,-0.0832445,0
1076,0.830405,-0.833605,0.0829953,-0.0833164,0
1077,0.830405,-0.833605,0.083084,-0.0834051,0
1078,0.832005,-0.835205,0.0831559,-0.083477,0
1079,0.832005,-0.835205,0.0832445,-0.0835656,0
1080,0.833605,-0.836805,0.0833164,-0.0836375,0
1081,0.833605,-0.836805,0.0834051,-0.0837262,0
1082,0.835205,-0.838405,0.083477,-0.0837981,0
1083,0.835205,-0.838405,0.0835656,-0.0838867,0
1084,0.836805,-0.840005,0.0836375,-0.0839586,0
1085,0.836805,-0.840005,0.0837262,-0.0840473,0
1086,0.838405,-0.841605,0.0837981,-0.0841192,0
1087,0.838405,-0.841605,0.0838867,-0.0842078,0
1088,0.840005,-0.843205,0.0839586,-0.0842797,0
1089,0.840005,-0.843205,0.0840473,-0.0843684,0
1090,0.841605,-0.844805,0.0841192,-0.0844403,0
1091,0.841605,-0.844805,0.0842078,-0.0845289,0
1092,0.843205,-0.846405,0.0842797,-0.0846008,0
1093,0.843205,-0.846405,0.0843684,-0.0846895,0
1094,0.844805,-0.848005,0.0844403,-0.0847613,0
1095,0.844805,-0.848005,0.0845289,-0.08485,0
1096,0.846405,-0.849605,0.0846008,-0.0849219,0
1097,0.846405,-0.849605,0.0846895,-0.0850105,0
1098,0.848005,-0.851205,0.0847613,-0.0850824,0
1099,0.848005,-0.851205,0.08485,-0.0851711,0
1100,0.849605,-0.852805,0.0849219,-0.085243,0
1101,0.849605,-0.852805,0.0850105,-0.0853316,0
1102,0.851205,-0.854405,0.0850824,-0.0854035,0
1103,0.851205,-0.854405,0.0851711,-0.0854922,0
1104,0.852805,-0.856005,0.085243,-0.0855641,0
1105,0.852805,-0.856005,0.0853316,-0.0856527,0
1106,0.854405,-0.857605,0.0854035,-0.0857246,0
1107,0.854405,-0.857605,0.0854922,-0.0858133,0
1108,0.856005,-0.859205,0.0855641,-0.0858852,0
1109,0.856005,-0.859205,0.0856527,-0.0859738,0
1110,0.857605,-0.860805,0.0857246,-0.0860457,0
1111,0.857605,-0.860805,0.0858133,-0.0861343,0
1112,0.859205,-0.862405,0.0858852,-0.0862062,0
1113,0.859205,-0.862405,0.0859738,-0.0862949,0
1114,0.860805,-0.864005,0.0860457,-0.0863668,0
1115,0.860805,-0.864005,0.0861343,-0.0864554,0
1116,0.862405,-0.865605,0.0862062,-0.0865273,0
1117,0.862405,-0.865605,0.0862949,-0.0866159,0
1118,0.864005,-0.867206,0.0863668,-0.0866878,0
1119,0.864005,-0.867206,0.0864554,-0.0867765,0
1120,0.865605,-0.868806,0.0865273,-0.0868483,0
1121,0.865605,-0.868806,0.0866159,-0.086937,0
1122,0.867206,-0.870406,0.0866878,-0.0870089,0
1123,0.867206,-0.870406,0.0867765,-0.0870975,0
1124,0.868806,-0.872006,0.0868483,-0.0871694,0
1125,0.868806,-0.872006,0.086937,-0.087258,0
1126,0.870406,-0.873606,0.0870089,-0.0873299,0
1127,0.870406,-0.873606,0.0870975,-0.0874186,0
1128,0.872006,-0.875206,0.0871694,-0.0874904,0
1129,0.872006,-0.875206,0.087258,-0.0875791,0
1130,0.873606,-0.876806,0.0873299,-0.087651,0
1131,0.873606,-0.876806,0.0874186,-0.0877396,0
1132,0.875206,-0.878406,0.0874904,-0.0878115,0
1133,0.875206,-0.878406,0.0875791,-0.0879001,0
1134,0.876806,-0.880006,0.087651,-0.087972,0
1135,0.876806,-0.880006,0.0877396,-0.0880607,0
1136,0.878406,-0.881606,0.0878115,-0.0881325,0
1137,0.878406,-0.881606,0.0879001,-0.0882212,0
1138,0.880006,-0.883206,0.087972,-0.0882931,0
1139,0.880006,-0.883206,0.0880607,-0.0883817,0
1140,0.881606,-0.884806,0.0881325,-0.0884536,0
1141,0.881606,-0.884806,0.0882212,-0.0885422,0
1142,0.883206,-0.886406,0.0882931,-0.0886141,0
1143,0.883206,-0.886406,0.0883817,-0.0887027,0
1144,0.884806,-0.888006,0.0884536,-0.0887746,0
1145,0.884806,-0.888006,0.0885422,-0.0888632,0
1146,0.886406,-0.889606,0.0886141,-0.0889351,0
1147,0.886406,-0.889606,0.0887027,-0.0890238,0
1148,0.888006,-0.891206,0.0887746,-0.0890956,0
1149,0.888006,-0.891206,0.0888632,-0.0891843,0
1150,0.889606,-0.892806,0.0889351,-0.0892562,0
1151,0.889606,-0.892806,0.0890238,-0.0893448,0
1152,0.891206,-0.894406,0.0890956,-0.0894167,0
1153,0.891206,-0.894406,0.0891843,-0.0895053,0
1154,0.892806,-0.896006,0.0892562,-0.0895772,0
1155,0.892806,-0.896006,0.0893448,-0.0896658,0
1156,0.894406,-0.897606,0.0894167,-0.0897377,0
1157,0.894406,-0.897606,0.0895053,-0.0898263,0
1158,0.896006,-0.899206,0.0895772,-0.0898982,0
1159,0.896006,-0.899206,0.0896658,-0.0899869,0
1160,0.897606,-0.900806,0.0897377,-0.0900587,0
1161,0.897606,-0.900806,0.0898263,-0.0901474,0
1162,0.899206,-0.902406,0.0898982,-0.0902192,0
1163,0.899206,-0.902406,0.0899869,-0.0903079,0
1164,0.900806,-0.904006,0.0900587,-0.0903798,0
1165,0.900806,-0.904006,0.0901474,-0.0904684,0
1166,0.902406,-0.905606,0.0902192,-0.0905403,0
1167,0.902406,-0.905606,0.0903079,-0.0906289,0
1168,0.904006,-0.907206,0.0903798,-0.0907008,0
1169,0.904006,-0.907206,0.0904684,-0.0907894,0
1170,0.905606,-0.908806,0.0905403,-0.0908613,0
1171,0.905606,-0.908806,0.0906289,-0.0909499,0
1172,0.907206,-0.910406,0.0907008,-0.0910218,0
1173,0.907206,-0.910406,0.0907894,-0.0911104,0
1174,0.908806,-0.912006,0.0908613,-0.0911823,0
1175,0.908806,-0.912006,0.0909499,-0.0912709,0
1176,0.910406,-0.913606,0.0910218,-0.0913428,0
1177,0.910406,-0.913606,0.0911104,-0.0914314,0
1178,0.912006,-0.915206,0.0911823,-0.0915033,0
1179,0.912006,-0.915206,0.0912709,-0.0915919,0
1180,0.913606,-0.916806,0.0913428,-0.0916638,0
1181,0.913606,-0.916806,0.0914314,-0.0917524,0
1182,0.915206,-0.918406,0.0915033,-0.0918243,0
1183,0.915206,-0.918406,0.0915919,-0.0919129,0
1184,0.916806,-0.920006,0.0916638,-0.0919848,0
1185,0.916806,-0.920006,0.0917524,-0.0920734,0
1186,0.918406,-0.921606,0.0918243,-0.0921453,0
1187,0.918406,-0.921606,0.0919129,-0.0922339,0
1188,0.920006,-0.923206,0.0919848,-0.0923058,0
1189,0.920006,-0.923206,0.0920734,-0.0923944,0
1190,0.921606,-0.924806,0.0921453,-0.0924663,0
1191,0.921606,-0.924806,0.0922339,-0.0925549,0
1192,0.923206,-0.926407,0.0923058,-0.0926268,0
1193,0.923206,-0.926407,0.0923944,-0.0927154,0
1194,0.924806,-0.928007,0.0924663,-0.0927872,0
1195,0.924806,-0.928007,0.0925549,-0.0928759,0
1196,0.926407,-0.929607,0.0926268,-0.0929477,0
1197,0.926407,-0.929607,0.0927154,-0.0930364,0
1198,0.928007,-0.931207,0.0927872,-0.0931082,0
1199,0.928007,-0.931207,0.0928759,-0.0931968,0
1200,0.929607,-0.932807,0.0929477,-0.0932687,0
1201,0.929607,-0.932807,0.0930364,-0.0933573,0
1202,0.931207,-0.934407,0.0931082,-0.0934292,0
1203,0.931207,-0.934407,0.0931968,-0.0935178,0
1204,0.932807,-0.936007,0.0932687,-0.0935897,0
1205,0.932807,-0.936007,0.0933573,-0.0936783,0
1206,0.934407,-0.937607,0.0934292,-0.0937502,0
1207,0.934407,-0.937607,0.0935178,-0.0938388,0
1208,0.936007,-0.939207,0.0935897,-0.0939107,0
1209,0.936007,-0.939207,0.0936783,-0.0939993,0
1210,0.937607,-0.940807,0.0937502,-0.0940711,0
1211,0.937607,-0.940807,0.0938388,-0.0941598,0
1212,0.939207,-0.942407,0.0939107,-0.0942316,0
1213,0.939207,-0.942407,0.0939993,-0.0943203,0
1214,0.940807,-0.944007,0.0940711,-0.0943921,0
1215,0.940807,-0.944007,0.0941598,-0.0944807,0
1216,0.942407,-0.945607,0.0942316,-0.0945526,0
1217,0.942407,-0.945607,0.0943203,-0.0946412,0
1218,0.944007,-0.947207,0.0943921,-0.0947131,0
1219,0.944007,-0.947207,0.0944807,-0.0948017,0
1220,0.945607,-0.948807,0.0945526,-0.0948736,0
1221,0.945607,-0.948807,0.0946412,-0.0949622,0
1222,0.947207,-0.950407,0.0947131,-0.095034,0
1223,0.947207,-0.950407,0.0948017,-0.0951227,0
1224,0.948807,-0.952007,0.0948736,-0.0951945,0
1225,0.948807,-0.952007,0.0949622,-0.0952831,0
1226,0.950407,-0.953607,0.095034,-0.095355,0
1227,0.950407,-0.953607,0.0951227,-0.0954436,0
1228,0.952007,-0.955207,0.0951945,-0.0955155,0
1229,0.952007,-0.955207,0.0952831,-0.0956041,0
1230,0.953607,-0.956807,0.095355,-0.095676,0
1231,0.953607,-0.956807,0.0954436,-0.0957646,0
1232,0.955207,-0.958407,0.0955155,-0.0958364,0
1233,0.955207,-0.958407,0.0956041,-0.095925,0
1234,0.956807,-0.960007,0.095676,-0.0959969,0
1235,0.956807,-0.960007,0.0957646,-0.0960855,0
1236,0.958407,-0.961607,0.0958364,-0.0961574,0
1237,0.958407,-0.961607,0.095925,-0.096246,0
1238,0.960007,-0.963207,0.0959969,-0.0963178,0
1239,0.960007,-0.963207,0.0960855,-0.0964064,0
1240,0.961607,-0.964807,0.0961574,-0.0964783,0
1241,0.961607,-0.964807,0.096246,-0.0965669,0
1242,0.963207,-0.966407,0.0963178,-0.0966388,0
1243,0.963207,-0.966407,0.0964064,-0.0967274,0
1244,0.964807,-0.968007,0.0964783,-0.0967992,0
1245,0.964807,-0.968007,0.0965669,-0.0968878,0
1246,0.966407,-0.969607,0.0966388,-0.0969597,0
1247,0.966407,-0.969607,0.0967274,-0.0970483,0
1248,0.968007,-0.971207,0.0967992,-0.0971201,0
1249,0.968007,-0.971207,0.0968878,-0.0972088,0
1250,0.969607,-0.972807,0.0969597,-0.0972806,0
1251,0.969607,-0.972807,0.0970483,-0.0973692,0
1252,0.971207,-0.974407,0.0971201,-0.0974411,0
1253,0.971207,-0.974407,0.0972088,-0.0975297,0
1254,0.972807,-0.976007,0.0972806,-0.0976015,0
1255,0.972807,-0.976007,0.0973692,-0.0976902,0
1256,0.974407,-0.977607,0.0974411,-0.097762,0
1257,0.974407,-0.977607,0.0975297,-0.0978506,0
1258,0.976007,-0.979207,0.0976015,-0.0979225,0
1259,0.976007,-0.979207,0.0976902,-0.0980111,0
1260,0.977607,-0.980807,0.097762,-0.0980829,0
1261,0.977607,-0.980807,0.0978506,-0.0981715,0
1262,0.979207,-0.982407,0.0979225,-0.0982434,0
1263,0.979207,-0.982407,0.0980111,-0.098332,0
1264,0.980807,-0.984007,0.0980829,-0.0984038,0
1265,0.980807,-0.984007,0.0981715,-0.0984924,0
1266,0.982407,-0.985608,0.0982434,-0.0985643,0
1267,0.982407,-0.985608,0.098332,-0.0986529,0
1268,0.984007,-0.987208,0.0984038,-0.0987247,0
1269,0.984007,-0.987208,0.0984924,-0.0988133,0
1270,0.985608,-0.988808,0.0985643,-0.0988852,0
1271,0.985608,-0.988808,0.0986529,-0.0989738,0
1272,0.987208,-0.990408,0.0987247,-0.0990456,0
1273,0.987208,-0.990408,0.0988133,-0.0991343,0
1274,0.988808,-0.992008,0.0988852,-0.0992061,0
1275,0.988808,-0.992008,0.0989738,-0.0992947,0
1276,0.990408,-0.993608,0.0990456,-0.0993666,0
1277,0.990408,-0.993608,0.0991343,-0.0994552,0
1278,0.992008,-0.995208,0.0992061,-0.099527,0
1279,0.992008,-0.995208,0.0992947,-0.0996156,0
1280,0.993608,-0.996808,0.0993666,-0.0996875,0
1281,0.993608,-0.996808,0.0994552,-0.0997761,0
1282,0.995208,-0.998408,0.099527,-0.0998479,0
1283,0.995208,-0.998408,0.0996156,-0.0999365,0
1284,0.996808,-1.00001,0.0996875,-0.100008,0
1285,0.996808,-1.00001,0.0997761,-0.100097,0
1286,0.998408,-1.00161,0.0998479,-0.100169,0
1287,0.998408,-1.00161,0.0999365,-0.100257,0
1288,1.00001,-1.00321,0.100008,-0.100329,0
1289,1.00001,-1.00321,0.100097,-0.100418,0
1290,1.00161,-1.00481,0.100169,-0.10049,0
1291,1.00161,-1.00481,0.100257,-0.100578,0
1292,1.00321,-1.00641,0.100329,-0.10065,0
1293,1.00321,-1.00641,0.100418,-0.100739,0
1294,1.00481,-1.00801,0.10049,-0.100811,0
1295,1.00481,-1.00801,0.100578,-0.100899,0
1296,1.00641,-1.00961,0.10065,-0.100971,0
1297,1.00641,-1.00961,0.100739,-0.10106,0
1298,1.00801,-1.01121,0.100811,-0.101131,0
1299,1.00801,-1.01121,0.100899,-0.10122,0
1300,1.00961,-1.01281,0.100971,-0.101292,0
1301,1.00961,-1.01281,0.10106,-0.10138,0
1302,1.01121,-1.01441,0.101131,-0.101452,0
1303,1.01121,-1.01441,0.10122,-0.101541,0
1304,1.01281,-1.01601,0.101292,-0.101613,0
1305,1.01281,-1.01601,0.10138,-0.101701,0
1306,1.01441,-1.01761,0.101452,-0.101773,0
1307,1.01441,-1.01761,0.101541,-0.101862,0
1308,1.01601,-1.01921,0.101613,-0.101934,0
1309,1.01601,-1.01921,0.101701,-0.102022,0
1310,1.01761,-1.02081,0.101773,-0.102094,0
1311,1.01761,-1.02081,0.101862,-0.102183,0
1312,1.01921,-1.02241,0.101934,-0.102254,0
1313,1.01921,-1.02241,0.102022,-0.102343,0
1314,1.02081,-1.02401,0.102094,-0.102415,0
1315,1.02081,-1.02401,0.102183,-0.102504,0
1316,1.02241,-1.02561,0.102254,-0.102575,0
1317,1.02241,-1.02561,0.102343,-0.102664,0
1318,1.02401,-1.02721,0.102415,-0.102736,0
1319,1.02401,-1.02721,0.102504,-0.102824,0
1320,1.02561,-1.02881,0.102575,-0.102896,0
1321,1.02561,-1.02881,0.102664,-0.102985,0
1322,1.02721,-1.03041,0.102736,-0.103057,0
1323,1.02721,-1.03041,0.102824,-0.103145,0
1324,1.02881,-1.03201,0.102896,-0.103217,0
1325,1.02881,-1.03201,0.102985,-0.103306,0
1326,1.03041,-1.03361,0.103057,-0.103377,0
1327,1.03041,-1.03361,0.103145,-0.103466,0
1328,1.03201,-1.03521,0.103217,-0.103538,0
1329,1.03201,-1.03521,0.103306,-0.103626,0
1330,1.03361,-1.03681,0.103377,-0.103698,0
1331,1.03361,-1.03681,0.103466,-0.103787,0
1332,1.03521,-1.03841,0.103538,-0.103859,0
1333,1.03521,-1.03841,0.103626,-0.103947,0
1334,1.03681,-1.04001,0.103698,-0.104019,0
1335,1.03681,-1.04001,0.103787,-0.104108,0
1336,1.03841,-1.04161,0.103859,-0.10418,0
1337,1.03841,-1.04161,0.103947,-0.104268,0
1338,1.04001,-1.04321,0.104019,-0.10434,0
1339,1.04001,-1.04321,0.104108,-0.104429,0
1340,1.04161,-1.04481,0.10418,-0.1045,0
1341,1.04161,-1.04481,0.104268,-0.104589,0
1342,1.04321,-1.04641,0.10434,-0.104661,0
1343,1.04321,-1.04641,0.104429,-0.104749,0
1344,1.04481,-1.04801,0.1045,-0.104821,0
1345,1.04481,-1.04801,0.104589,-0.10491,0
1346,1.04641,-1.04961,0.104661,-0.104982,0
1347,1.04641,-1.04961,0.104749,-0.10507,0
1348,1.04801,-1.05121,0.104821,-0.105142,0
1349,1.04801,-1.05121,0.10491,-0.105231,0
1350,1.04961,-1.05281,0.104982,-0.105302,0
1351,1.04961,-1.05281,0.10507,-0.105391,0
1352,1.05121,-1.05441,0.105142,-0.105463,0
1353,1.05121,-1.05441,0.105231,-0.105551,0
1354,1.05281,-1.05601,0.105302,-0.105623,0
1355,1.05281,-1.05601,0.105391,-0.105712,0
1356,1.05441,-1.05761,0.105463,-0.105784,0
1357,1.05441,-1.05761,0.105551,-0.105872,0
1358,1.05601,-1.05921,0.105623,-0.105944,0
1359,1.05601,-1.05921,0.105712,-0.106033,0
1360,1.05761,-1.06081,0.105784,-0.106105,0
1361,1.05761,-1.06081,0.105872,-0.106193,0
1362,1.05921,-1.06241,0.105944,-0.106265,0
1363,1.05921,-1.06241,0.106033,-0.106354,0
1364,1.06081,-1.06401,0.106105,-0.106425,0
1365,1.06081,-1.06401,0.106193,-0.106514,0
1366,1.06241,-1.06561,0.106265,-0.106586,0
1367,1.06241,-1.06561,0.106354,-0.106674,0
1368,1.06401,-1.1244,0.106425,-0.106746,0
1369,1.06401,-1.1244,0.106514,-0.107919,0
1370,1.06561,-1.126,0.106586,-0.108871,0
1371,1.06561,-1.126,0.106674,-0.109672,0
1372,1.06721,-1.1276,0.106746,-0.110322,0
1373,1.06721,-1.1276,0.106835,-0.11088,0
1374,1.06881,-1.1292,0.106907,-0.111331,0
1375,1.06881,-1.1292,0.106995,-0.111728,0
1376,1.07041,-1.1308,0.107067,-0.11205,0
1377,1.07041,-1.1308,0.107156,-0.112341,0
1378,1.07201,-1.1324,0.107227,-0.112577,0
1379,1.07201,-1.1324,0.107316,-0.112799,0
1380,1.1308,-1.1912,0.107388,-0.112979,0
1381,1.1308,-1.1912,0.108561,-0.114239,0
1382,1.1324,-1.1928,0.109512,-0.115261,0
1383,1.1324,-1.1928,0.110314,-0.11612,0
1384,1.1912,-1.25159,0.110964,-0.116817,0
1385,1.1912,-1.25159,0.112605,-0.118496,0
1386,1.24982,-1.30941,0.113937,-0.119858,0
1387,1.24982,-1.30941,0.116128,-0.122058,0
1388,1.25142,-1.31101,0.117904,-0.123841,0
1389,1.25142,-1.31101,0.119374,-0.125318,0
1390,1.25302,-1.36979,0.120566,-0.126515,0
1391,1.25302,-1.36979,0.121563,-0.128599,0
1392,1.31181,-1.42058,0.122372,-0.13029,0
1393,1.31181,-1.42058,0.124141,-0.132622,0
1394,1.31341,-1.72058,0.125576,-0.134514,0
1395,1.31341,-1.72058,0.12677,-0.141733,0
1396,1.3722,-1.46747,0.127738,-0.147584,0
1397,1.3722,-1.46747,0.129637,-0.147532,0
1398,1.42491,-1.51579,0.131176,-0.147489,0
1399,1.42491,-1.51579,0.133423,-0.14837,0
1400,1.72491,-1.81579,0.135245,-0.149085,0
1401,1.72491,-1.81579,0.142408,-0.155348,0
1402,1.47424,-1.54827,0.148214,-0.160424,0
1403,1.47424,-1.54827,0.14817,-0.159471,0
1404,1.52381,-1.59649,0.148135,-0.158699,0
1405,1.52381,-1.59649,0.149046,-0.158987,0
1406,1.82381,-1.89649,0.149784,-0.15922,0
1407,1.82381,-1.89649,0.156067,-0.165091,0
1408,1.55682,-1.63704,0.161159,-0.16985,0
1409,1.55682,-1.63704,0.160229,-0.168794,0
1410,1.6051,-1.69076,0.159475,-0.167938,0
1411,1.6051,-1.69076,0.159779,-0.168261,0
1412,1.9051,-1.99076,0.160025,-0.168524,0
1413,1.9051,-1.99076,0.165907,-0.174418,0
1414,1.6051,-1.69076,0.170675,-0.179195,0
1415,1.6051,-1.69076,0.168857,-0.177386,0
1416,1.70111,-1.79125,0.167384,-0.17592,0
1417,1.70111,-1.79125,0.168009,-0.176635,0
1418,2.00111,-2.09125,0.168514,-0.177214,0
1419,2.00111,-2.09125,0.174606,-0.183364,0
1420,1.7449,-1.83499,0.179543,-0.188348,0
1421,1.7449,-1.83499,0.178694,-0.187537,0
1422,1.51044,-1.60043,0.178005,-0.186879,0
1423,1.51044,-1.60043,0.173007,-0.181904,0
1424,1.81044,-1.90042,0.168956,-0.177872,0
1425,1.81044,-1.90042,0.171353,-0.180284,0
1426,1.84636,-1.9359,0.173296,-0.182239,0
1427,1.84636,-1.9359,0.175551,-0.184495,0
1428,1.90598,-1.70382,0.177379,-0.186324,0
1429,1.90598,-1.70382,0.17999,-0.183412,0
1430,2.20598,-2.00382,0.182106,-0.181052,0
1431,2.20598,-2.00382,0.189501,-0.184819,0
1432,1.90598,-2.06454,0.195494,-0.187873,0
1433,1.90598,-2.06454,0.194672,-0.191497,0
1434,2.02162,-1.82542,0.194006,-0.194434,0
1435,2.02162,-1.82542,0.195655,-0.192288,0
1436,2.32162,-2.12542,0.196992,-0.190549,0
1437,2.32162,-2.12542,0.203753,-0.194818,0
1438,2.02162,-2.17469,0.209232,-0.198278,0
1439,2.02162,-2.17469,0.207996,-0.202015,0
1440,2.10471,-1.92768,0.206994,-0.205043,0
1441,2.10471,-1.92768,0.207754,-0.202823,0
1442,2.40471,-2.22768,0.20837,-0.201023,0
1443,2.40471,-2.22768,0.214546,-0.205243,0
1444,2.10471,-2.27267,0.219551,-0.208662,0
1445,2.10471,-2.27267,0.217931,-0.212284,0
1446,2.19734,-2.02456,0.216618,-0.21522,0
1447,2.19734,-2.02456,0.217307,-0.212904,0
1448,2.49734,-2.32456,0.217865,-0.211027,0
1449,2.49734,-2.32456,0.223993,-0.215183,0
1450,2.19734,-2.36982,0.228958,-0.21855,0
1451,2.19734,-2.36982,0.227307,-0.222136,0
1452,2.00524,-2.12233,0.22597,-0.225041,0
1453,2.00524,-2.12233,0.221251,-0.222714,0
1454,2.30524,-2.42233,0.217427,-0.220828,0
1455,2.30524,-2.42233,0.220004,-0.224975,0
1456,2.34058,-2.17654,0.222092,-0.228335,0
1457,2.34058,-2.17654,0.224452,-0.226409,0
1458,2.11121,-2.45595,0.226365,-0.224848,0
1459,2.11121,-2.45595,0.223577,-0.228868,0
1460,2.41121,-2.75595,0.221316,-0.232126,0
1461,2.41121,-2.75595,0.22516,-0.24044,0
1462,2.17927,-2.45595,0.228275,-0.247175,0
1463,2.17927,-2.45595,0.226412,-0.246961,0
1464,2.23281,-2.27605,0.224902,-0.246787,0
1465,2.23281,-2.27605,0.224691,-0.243244,0
1466,2.53281,-2.57605,0.22452,-0.240374,0
1467,2.53281,-2.57605,0.230056,-0.24372,0
1468,2.58211,-2.30379,0.234542,-0.246432,0
1469,2.58211,-2.30379,0.23911,-0.243481,0
1470,2.35182,-2.35787,0.242811,-0.24109,0
1471,2.35182,-2.35787,0.241455,-0.240175,0
1472,2.65182,-2.65787,0.240356,-0.239433,0
1473,2.65182,-2.65787,0.245139,-0.244505,0
1474,2.39808,-2.42047,0.249014,-0.248615,0
1475,2.39808,-2.42047,0.247357,-0.247457,0
1476,2.43738,-2.48904,0.246014,-0.246518,0
1477,2.43738,-2.48904,0.245668,-0.247054,0
1478,2.73738,-2.78904,0.245388,-0.247488,0
1479,2.73738,-2.78904,0.250834,-0.253512,0
1480,2.48724,-2.83144,0.255246,-0.258392,0
1481,2.48724,-2.83144,0.254092,-0.263148,0
1482,2.54829,-2.59574,0.253158,-0.267001,0
1483,2.54829,-2.59574,0.253554,-0.265668,0
1484,2.84829,-2.89574,0.253875,-0.264588,0
1485,2.84829,-2.89574,0.259807,-0.269383,0
1486,2.59596,-2.63782,0.264613,-0.273268,0
1487,2.59596,-2.63782,0.263738,-0.271542,0
1488,2.65326,-2.67558,0.263028,-0.270143,0
1489,2.65326,-2.67558,0.263536,-0.269723,0
1490,2.95326,-2.97558,0.263948,-0.269382,0
1491,2.95326,-2.97558,0.269952,-0.274776,0
1492,2.69702,-2.67558,0.274816,-0.279146,6.32545e-06
1493,2.69702,-2.67558,0.273955,-0.277058,3.75426e-05
1494,2.75239,-2.78821,0.273321,-0.27543,4.83688e-05
1495,2.75239,-2.78821,0.273871,-0.276257,5.04067e-05
1496,3.05239,-3.08821,0.274327,-0.276937,5.95155e-05
1497,3.05239,-3.08821,0.280392,-0.283183,9.09236e-05
1498,2.79537,-2.83602,0.285429,-0.288366,0.000183606
1499,2.79537,-2.83602,0.284917,-0.288065,0.000302434
1500,2.8504,-2.89594,0.284785,-0.288103,0.000399376
1501,2.8504,-2.89594,0.292537,-0.296167,0.000399376
1502,3.1504,-3.19594,0.298993,-0.302881,0.000399376
1503,3.1504,-3.19594,0.310071,-0.314174,0.000399376
1504,2.89271,-2.93734,0.319295,-0.323577,0.000399376
1505,2.89271,-2.93734,0.322097,-0.32651,0.000437837
1506,2.93778,-2.98094,0.324528,-0.329051,0.000498444
1507,2.93778,-2.98094,0.327554,-0.33214,0.00057695
1508,3.23778,-3.28094,0.330259,-0.334897,0.000674146
1509,3.23778,-3.28094,0.338434,-0.343116,0.00079984
1510,2.93778,-2.98094,0.345557,-0.350275,0.000986775
1511,2.93778,-2.98094,0.346232,-0.35098,0.00120156
1512,2.97737,-2.72637,0.347256,-0.352029,0.00139471
1513,2.97737,-2.72637,0.349279,-0.348487,0.00156685
1514,3.27737,-3.02637,0.351326,-0.345899,0.0017092
1515,3.27737,-3.02637,0.35903,-0.349745,0.00184566
1516,2.97737,-3.04615,0.365769,-0.353273,0.00201897
1517,2.97737,-3.04615,0.366085,-0.356986,0.00221107
1518,2.75822,-2.80414,0.366769,-0.360499,0.00239706
1519,2.75822,-2.80414,0.363589,-0.359239,0.00256677
1520,3.05822,-3.10414,0.361289,-0.358539,0.00269316
1521,3.05822,-3.10414,0.36533,-0.363912,0.00280407
1522,2.79163,-2.86343,0.36896,-0.368651,0.00294508
1523,2.79163,-2.86343,0.367247,-0.368353,0.0030943
1524,2.845,-2.90886,0.366133,-0.368417,0.00321441
1525,2.845,-2.90886,0.366472,-0.369586,0.0033163
1526,3.145,-3.20886,0.366976,-0.370781,0.00341198
1527,3.145,-3.20886,0.3733,-0.377681,0.0035185
1528,3.19539,-3.24791,0.378833,-0.383691,0.00367374
1529,3.19539,-3.24791,0.384761,-0.389803,0.00386563
1530,2.96462,-3.00893,0.390141,-0.395336,0.00408944
1531,2.96462,-3.00893,0.390753,-0.395918,0.00432362
1532,3.26462,-3.30893,0.391765,-0.396907,0.00453275
1533,3.26462,-3.30893,0.398752,-0.403873,0.00473925
1534,3.00643,-3.04592,0.405051,-0.410156,0.00498482
1535,3.00643,-3.04592,0.40596,-0.410959,0.00524451
1536,3.03779,-3.07571,0.407275,-0.412187,0.00547825
1537,3.03779,-3.07571,0.409472,-0.41428,0.00569494
1538,3.33779,-3.37571,0.411776,-0.416499,0.00590355
1539,3.33779,-3.37571,0.419843,-0.424494,0.00612155
1540,3.07347,-3.11139,0.427072,-0.431663,0.00638712
1541,3.07347,-3.11139,0.428688,-0.43323,0.00667261
1542,2.82767,-2.86611,0.430653,-0.435153,0.00693573
1543,2.82767,-2.86611,0.428201,-0.432677,0.00717023
1544,3.12767,-3.16611,0.426644,-0.431101,0.0073506
1545,3.12767,-3.16611,0.431413,-0.435852,0.00750777
1546,3.15112,-3.19004,0.435746,-0.440171,0.00768945
1547,3.15112,-3.19004,0.440213,-0.444635,0.00788954
1548,3.19755,-3.23677,0.444385,-0.448804,0.00810571
1549,3.19755,-3.23677,0.449225,-0.453648,0.00833546
1550,3.49755,-3.53677,0.453774,-0.458199,0.00858097
1551,3.49755,-3.53677,0.463797,-0.468224,0.00885273
1552,3.19755,-3.23677,0.47278,-0.477208,0.0091839
1553,3.19755,-3.23677,0.475336,-0.479766,0.0095415
1554,3.285,-3.32429,0.478242,-0.482673,0.00987643
1555,3.285,-3.32429,0.48305,-0.487483,0.0101994
1556,3.585,-3.62429,0.48777,-0.492205,0.0105257
1557,3.585,-3.62429,0.498106,-0.502541,0.0108692
1558,3.285,-3.32429,0.507504,-0.51194,0.0112656
1559,3.285,-3.32429,0.51055,-0.514987,0.0116839
1560,3.33262,-3.08033,0.513997,-0.518434,0.0120762
1561,3.33262,-3.08033,0.518625,-0.517545,0.0124447
1562,3.63262,-3.38033,0.523276,-0.517601,0.0127826
1563,3.63262,-3.38033,0.53356,-0.524062,0.0131137
1564,3.33262,-3.09585,0.542877,-0.530196,0.0134808
1565,3.33262,-3.09585,0.545787,-0.53075,0.0138581
1566,3.08568,-3.13282,0.549025,-0.532026,0.0142024
1567,3.08568,-3.13282,0.547798,-0.534536,0.0145175
1568,3.38568,-3.43282,0.547452,-0.537303,0.0147973
1569,3.38568,-3.43282,0.553443,-0.545886,0.0150672
1570,3.08568,-3.1753,0.559051,-0.55365,0.0153708
1571,3.08568,-3.1753,0.558733,-0.555931,0.0156838
1572,3.1417,-3.22375,0.559142,-0.558504,0.015965
1573,3.1417,-3.22375,0.561151,-0.562172,0.0162261
1574,3.4417,-3.52375,0.563398,-0.565799,0.0164799
1575,3.4417,-3.52375,0.5715,-0.57505,0.0167435
1576,3.18694,-3.25129,0.578859,-0.583366,0.0170548
1577,3.18694,-3.25129,0.580881,-0.585849,0.0173862
1578,2.94882,-2.99773,0.583284,-0.588637,0.0176954
1579,2.94882,-2.99773,0.58146,-0.586842,0.0179762
1580,3.24882,-3.29773,0.58053,-0.585935,0.018203
1581,3.24882,-3.29773,0.585904,-0.591328,0.0184066
1582,3.27307,-3.3126,0.590844,-0.596285,0.0186345
1583,3.27307,-3.3126,0.595932,-0.601209,0.0188805
1584,3.02724,-3.06322,0.600722,-0.605862,0.0191416
1585,3.02724,-3.06322,0.600651,-0.60561,0.0194007
1586,3.32724,-3.36322,0.601143,-0.605952,0.0196242
1587,3.32724,-3.36322,0.607701,-0.612384,0.0198376
1588,3.36792,-3.40358,0.613655,-0.618233,0.0200847
1589,3.36792,-3.40358,0.619942,-0.624427,0.0203573
1590,3.11413,-3.15059,0.625795,-0.630202,0.0206533
1591,3.11413,-3.15059,0.626541,-0.630899,0.0209528
1592,3.41413,-3.45059,0.627806,-0.632123,0.0212198
1593,3.41413,-3.45059,0.635101,-0.639383,0.0214788
1594,3.15299,-3.19037,0.64177,-0.646023,0.0217729
1595,3.15299,-3.19037,0.643059,-0.647306,0.0220782
1596,3.18522,-3.22322,0.644792,-0.649034,0.0223557
1597,3.18522,-3.22322,0.647445,-0.651694,0.0226148
1598,3.48522,-3.52322,0.650223,-0.654478,0.0228651
1599,3.48522,-3.52322,0.658749,-0.663008,0.0231242
1600,3.21931,-3.25757,0.666451,-0.670713,0.0234302
1601,3.21931,-3.25757,0.668543,-0.672814,0.0237556
1602,3.26543,-3.30375,0.670992,-0.675269,0.0240581
1603,3.26543,-3.30375,0.674561,-0.678845,0.0243466
1604,3.56543,-3.60375,0.67817,-0.682459,0.0246311
1605,3.56543,-3.60375,0.687461,-0.691755,0.0249278
1606,3.29237,-3.33062,0.695885,-0.700182,0.0252736
1607,3.29237,-3.33062,0.698536,-0.702834,0.0256402
1608,3.33234,-3.07908,0.70154,-0.705841,0.0259837
1609,3.33234,-3.07908,0.705547,-0.704352,0.0263054
1610,3.63234,-3.37908,0.709576,-0.703806,0.0265967
1611,3.63234,-3.37908,0.719218,-0.70964,0.0268816
1612,3.35334,-3.39343,0.727898,-0.715151,0.0272025
1613,3.35334,-3.39343,0.730592,-0.720736,0.0275419
1614,3.09776,-3.43544,0.733584,-0.726135,0.0278759
1615,3.09776,-3.43544,0.731997,-0.732158,0.0282006
1616,3.39776,-3.73544,0.731382,-0.737879,0.0285036
1617,3.39776,-3.73544,0.737184,-0.748955,0.0288064
1618,3.1177,-3.43544,0.742711,-0.758871,0.0291494
1619,3.1177,-3.43544,0.742814,-0.762253,0.0295059
1620,3.39782,-3.21844,0.743671,-0.765839,0.0298322
1621,3.39782,-3.21844,0.750371,-0.765448,0.0301384
1622,3.69782,-3.51844,0.756621,-0.765794,0.0304343
1623,3.69782,-3.51844,0.768125,-0.772383,0.0307378
1624,3.39782,-3.22632,0.778402,-0.778569,0.0310874
1625,3.39782,-3.22632,0.782104,-0.779015,0.0314541
1626,3.20019,-3.26329,0.785981,-0.78018,0.0317923
1627,3.20019,-3.26329,0.786225,-0.782583,0.0321061
1628,3.50019,-3.56329,0.787105,-0.785261,0.0323912
1629,3.50019,-3.56329,0.794104,-0.793757,0.0326709
1630,3.20691,-3.30326,0.800573,-0.801472,0.0329875
1631,3.20691,-3.30326,0.801158,-0.803719,0.0333157
1632,3.2411,-3.35455,0.802353,-0.806299,0.0336143
1633,3.2411,-3.35455,0.80464,-0.81006,0.0338938
1634,3.5411,-3.65455,0.807159,-0.813805,0.0341653
1635,3.5411,-3.65455,0.815498,-0.823165,0.0344461
1636,3.27741,-3.38147,0.823092,-0.831608,0.034774
1637,3.27741,-3.38147,0.825201,-0.834248,0.0351212
1638,3.03628,-3.4217,0.827712,-0.837201,0.0354455
1639,3.03628,-3.4217,0.825975,-0.841124,0.035748
1640,3.33628,-3.7217,0.825182,-0.845041,0.0360212
1641,3.33628,-3.7217,0.830756,-0.854535,0.0362886
1642,3.357,-3.4217,0.836011,-0.863053,0.0365923
1643,3.357,-3.4217,0.841466,-0.865194,0.0369144
1644,3.40388,-3.47995,0.846716,-0.867686,0.0372302
1645,3.40388,-3.47995,0.852666,-0.871552,0.037544
1646,3.70388,-3.77995,0.858318,-0.87547,0.0378632
1647,3.70388,-3.77995,0.869371,-0.885077,0.0382011
1648,3.40388,-3.47995,0.879354,-0.893856,0.0385925
1649,3.40388,-3.47995,0.882918,-0.89642,0.0390064
1650,3.1896,-3.24667,0.886787,-0.899456,0.0393951
1651,3.1896,-3.24667,0.886833,-0.898453,0.0397542
1652,3.4896,-3.54667,0.887634,-0.89838,0.0400616
1653,3.4896,-3.54667,0.894595,-0.904612,0.0403473
1654,3.48806,-3.26553,0.901038,-0.910449,0.0406581
1655,3.48806,-3.26553,0.907073,-0.910729,0.0409792
1656,3.23095,-3.30904,0.912801,-0.911666,0.0412881
1657,3.23095,-3.30904,0.91342,-0.913942,0.0415827
1658,3.53095,-3.60904,0.914573,-0.916474,0.0418523
1659,3.53095,-3.60904,0.921752,-0.9248,0.0421192
1660,3.26604,-3.35068,0.928344,-0.932346,0.0424246
1661,3.26604,-3.35068,0.929552,-0.934473,0.0427438
1662,3.30016,-3.40431,0.93125,-0.936935,0.0430369
1663,3.30016,-3.40431,0.933941,-0.940629,0.0433135
1664,3.60016,-3.70431,0.936791,-0.944313,0.043584
1665,3.60016,-3.70431,0.94539,-0.953605,0.0438652
1666,3.30016,-3.43089,0.953201,-0.961993,0.0441944
1667,3.30016,-3.43089,0.954826,-0.964598,0.0445427
1668,3.3826,-3.1812,0.956935,-0.967522,0.0448653
1669,3.3826,-3.1812,0.96094,-0.965977,0.0451652
1670,3.6826,-3.48119,0.964922,-0.965338,0.0454375
1671,3.6826,-3.48119,0.974454,-0.971023,0.0457051
1672,3.40635,-3.49282,0.983005,-0.976372,0.0460096
1673,3.40635,-3.49282,0.985635,-0.981734,0.0463335
1674,3.15725,-3.24528,0.988539,-0.986913,0.0466527
1675,3.15725,-3.24528,0.986992,-0.987289,0.0469559
1676,3.45725,-3.54528,0.986348,-0.988245,0.0472137
1677,3.45725,-3.54528,0.991987,-0.995216,0.0474544
1678,3.46692,-3.58043,0.997232,-1.00157,0.0477232
1679,3.46692,-3.58043,1.00239,-1.00813,0.0480129
1680,3.21885,-3.32676,1.00733,-1.01424,0.0483201
1681,3.21885,-3.32676,1.00749,-1.01526,0.0486268
1682,3.51885,-3.62675,1.00828,-1.01677,0.0488988
1683,3.51885,-3.62675,1.01514,-1.02423,0.0491612
1684,3.26221,-3.35906,1.02146,-1.03105,0.0494571
1685,3.26221,-3.35906,1.02258,-1.03238,0.0497632
1686,3.30304,-3.39169,1.02418,-1.03415,0.0500408
1687,3.30304,-3.39169,1.02687,-1.03683,0.0502997
1688,3.60304,-3.69169,1.02968,-1.03963,0.0505502
1689,3.60304,-3.69169,1.03819,-1.04814,0.0508096
1690,3.33681,-3.42044,1.04588,-1.05582,0.0511156
1691,3.33681,-3.42044,1.048,-1.05784,0.0514408
1692,3.38647,-3.46837,1.05046,-1.06022,0.0517429
1693,3.38647,-3.46837,1.05411,-1.06376,0.0520308
1694,3.68647,-3.76837,1.05777,-1.06734,0.0523151
1695,3.68647,-3.76837,1.06707,-1.07657,0.0526115
1696,3.40936,-3.49112,1.0755,-1.08494,0.0529569
1697,3.40936,-3.49112,1.07811,-1.0875,0.0533226
1698,3.4513,-3.53355,1.08109,-1.09043,0.0536649
1699,3.4513,-3.53355,1.0851,-1.09441,0.0539924
1700,3.7513,-3.83355,1.08915,-1.09845,0.0543148
1701,3.7513,-3.83355,1.09886,-1.10813,0.0546484
1702,3.4513,-3.53355,1.1077,-1.11696,0.0550301
1703,3.4513,-3.53355,1.11032,-1.11957,0.0554305
1704,3.50775,-3.59072,1.11338,-1.12261,0.0558031
1705,3.50775,-3.59072,1.11778,-1.12702,0.0561586
1706,3.80775,-3.89072,1.12224,-1.13148,0.0565093
1707,3.80775,-3.89072,1.13233,-1.14157,0.0568713
1708,3.50775,-3.59072,1.14156,-1.15081,0.0572815
1709,3.50775,-3.59072,1.14457,-1.15382,0.0577104
1710,3.55909,-3.35069,1.14801,-1.15726,0.0581115
1711,3.55909,-3.35069,1.15271,-1.15651,0.0584879
1712,3.85909,-3.65069,1.15743,-1.15671,0.0588336
1713,3.85909,-3.65069,1.16772,-1.16322,0.0591724
1714,3.55909,-3.36234,1.17706,-1.16942,0.0595464
1715,3.55909,-3.36234,1.18007,-1.17004,0.0599303
1716,3.31304,-3.40394,1.18341,-1.17139,0.0602809
1717,3.31304,-3.40394,1.18236,-1.17405,0.0606027
1718,3.61304,-3.70394,1.18218,-1.17695,0.0608898
1719,3.61304,-3.70394,1.18825,-1.18559,0.0611673
1720,3.32256,-3.4398,1.19393,-1.19342,0.0614781
1721,3.32256,-3.4398,1.19395,-1.19571,0.0617983
1722,3.07283,-3.4918,1.19465,-1.19831,0.0620874
1723,3.07283,-3.4918,1.1912,-1.20207,0.0623492
1724,3.37283,-3.7918,1.18889,-1.20575,0.0625781
1725,3.37283,-3.7918,1.19305,-1.21491,0.0627986
1726,3.40421,-3.51214,1.19703,-1.22305,0.0630534
1727,3.40421,-3.51214,1.20151,-1.22518,0.0633259
1728,3.46611,-3.26206,1.20584,-1.22756,0.0635941
1729,3.46611,-3.26206,1.21119,-1.22547,0.0638541
1730,3.76611,-3.56206,1.21621,-1.22429,0.0640955
1731,3.76611,-3.56206,1.22652,-1.22943,0.0643385
1732,3.46611,-3.57014,1.23566,-1.23428,0.0646228
1733,3.46611,-3.57014,1.23832,-1.23911,0.0649288
1734,3.55727,-3.32631,1.24121,-1.24381,0.0652302
1735,3.55727,-3.32631,1.24598,-1.24384,0.0655242
1736,3.85727,-3.62631,1.25059,-1.2445,0.0658024
1737,3.85727,-3.62631,1.26064,-1.25126,0.0660842
1738,3.55727,-3.66099,1.26965,-1.25754,0.0664087
1739,3.55727,-3.66099,1.27229,-1.26415,0.0667564
1740,3.59968,-3.41129,1.27527,-1.27042,0.0671024
1741,3.59968,-3.41129,1.2793,-1.27175,0.0674416
1742,3.89968,-3.71129,1.28339,-1.2736,0.0677618
1743,3.89968,-3.71129,1.29309,-1.28143,0.0680832
1744,3.59968,-3.44112,1.3019,-1.28869,0.0684455
1745,3.59968,-3.44112,1.30447,-1.29051,0.0688222
1746,3.35378,-3.47374,1.30742,-1.29285,0.0691702
1747,3.35378,-3.47374,1.30606,-1.29617,0.0694924
1748,3.65378,-3.77374,1.30562,-1.29962,0.0697815
1749,3.65378,-3.77374,1.31147,-1.3087,0.070062
1750,3.365,-3.4958,1.31697,-1.31691,0.0703765
1751,3.365,-3.4958,1.3169,-1.31928,0.0707006
1752,3.11837,-3.5407,1.31753,-1.32194,0.070993
1753,3.11837,-3.5407,1.3141,-1.32564,0.0712576
1754,3.41837,-3.8407,1.3118,-1.32927,0.0714888
1755,3.41837,-3.8407,1.31598,-1.33839,0.071711
1756,3.44898,-3.555,1.31997,-1.34648,0.0719671
1757,3.44898,-3.555,1.32444,-1.34849,0.0722405
1758,3.51165,-3.30402,1.32877,-1.35076,0.0725087
1759,3.51165,-3.30402,1.33413,-1.34857,0.0727683
1760,3.81165,-3.60402,1.33916,-1.34731,0.0730089
1761,3.81165,-3.60402,1.34945,-1.35237,0.0732509
1762,3.55909,-3.61,1.35858,-1.35715,0.0735338
1763,3.55909,-3.61,1.36212,-1.36188,0.0738394
1764,3.3068,-3.36693,1.36575,-1.36649,0.0741442
1765,3.3068,-3.36693,1.36475,-1.36649,0.0744356
1766,3.6068,-3.66693,1.36454,-1.3671,0.074684
1767,3.6068,-3.66693,1.37047,-1.37373,0.0749168
1768,3.60254,-3.69976,1.37595,-1.37977,0.0751786
1769,3.60254,-3.69976,1.38102,-1.38601,0.0754613
1770,3.35004,-3.45061,1.38587,-1.39184,0.0757606
1771,3.35004,-3.45061,1.38589,-1.39273,0.0760588
1772,3.65004,-3.75061,1.38655,-1.39411,0.0763221
1773,3.65004,-3.75061,1.39324,-1.4014,0.0765755
1774,3.38396,-3.47873,1.39939,-1.40806,0.076862
1775,3.38396,-3.47873,1.40022,-1.40919,0.0771582
1776,3.42532,-3.7575,1.40154,-1.41077,0.0774248
1777,3.42532,-3.7575,1.40399,-1.41785,0.0776782
1778,3.72532,-4.0575,1.4066,-1.42431,0.0779435
1779,3.72532,-4.0575,1.41494,-1.43585,0.078232
1780,3.74477,-3.7575,1.42255,-1.44613,0.078577
1781,3.74477,-3.7575,1.43004,-1.4499,0.0789545
1782,3.50317,-3.4575,1.43712,-1.45389,0.0793359
1783,3.50317,-3.4575,1.43937,-1.45248,0.0797061
1784,3.80317,-3.7575,1.44203,-1.45209,0.0800317
1785,3.80317,-3.7575,1.45052,-1.45805,0.0803404
1786,3.50317,-3.52816,1.45829,-1.46371,0.0806771
1787,3.50317,-3.52816,1.45994,-1.46492,0.0810201
1788,3.54641,-3.56521,1.46206,-1.46667,0.0813316
1789,3.54641,-3.56521,1.4653,-1.46949,0.0816226
1790,3.84641,-3.86521,1.46864,-1.47247,0.0819042
1791,3.84641,-3.86521,1.47761,-1.48114,0.0821938
1792,3.55947,-3.56521,1.48574,-1.48903,0.082529
1793,3.55947,-3.56521,1.48795,-1.4908,0.0828816
1794,3.31204,-3.64981,1.49055,-1.49303,0.0832067
1795,3.31204,-3.64981,1.48884,-1.49717,0.0835081
1796,3.61204,-3.94981,1.48806,-1.50126,0.0837813
1797,3.61204,-3.94981,1.49357,-1.51082,0.0840495
1798,3.61653,-3.64981,1.49877,-1.5194,0.0843539
1799,3.61653,-3.64981,1.50388,-1.52167,0.0846763
1800,3.37159,-3.7068,1.50884,-1.52426,0.0849914
1801,3.37159,-3.7068,1.50912,-1.52818,0.0852963
1802,3.67159,-4.0068,1.51002,-1.5321,0.0855811
1803,3.67159,-4.0068,1.51695,-1.54154,0.0858664
1804,3.69822,-3.7068,1.52338,-1.55006,0.0861918
1805,3.69822,-3.7068,1.52996,-1.55233,0.0865387
1806,3.44621,-3.46171,1.53621,-1.55499,0.086882
1807,3.44621,-3.46171,1.5375,-1.55342,0.08721
1808,3.74621,-3.76171,1.53927,-1.55281,0.0874937
1809,3.74621,-3.76171,1.54691,-1.55847,0.0877606
1810,3.46908,-3.46927,1.55388,-1.56379,0.0880556
1811,3.46908,-3.46927,1.55522,-1.56347,0.088356
1812,3.50128,-3.51586,1.55697,-1.56384,0.0886217
1813,3.50128,-3.51586,1.5596,-1.56559,0.0888647
1814,3.80128,-3.81586,1.56232,-1.56758,0.0890965
1815,3.80128,-3.81586,1.57065,-1.5753,0.0893352
1816,3.51867,-3.54921,1.57815,-1.58228,0.0896187
1817,3.51867,-3.54921,1.5798,-1.58381,0.0899199
1818,3.56669,-3.31575,1.58182,-1.58572,0.0901967
1819,3.56669,-3.31575,1.585,-1.5836,0.0904512
1820,3.86669,-3.61575,1.58819,-1.58238,0.0906774
1821,3.86669,-3.61575,1.59689,-1.58741,0.0908981
1822,3.56669,-3.62745,1.60464,-1.59211,0.091155
1823,3.56669,-3.62745,1.60613,-1.59682,0.09143
1824,3.62686,-3.67942,1.60797,-1.60134,0.0916984
1825,3.62686,-3.67942,1.61121,-1.60667,0.0919645
1826,3.92686,-3.97942,1.6145,-1.61169,0.0922363
1827,3.92686,-3.97942,1.62339,-1.62203,0.0925267
1828,3.62686,-3.67942,1.63147,-1.63131,0.0928703
1829,3.62686,-3.67942,1.63343,-1.63427,0.0932362
1830,3.68316,-3.75232,1.63586,-1.63753,0.0935773
1831,3.68316,-3.75232,1.63967,-1.64233,0.0939039
1832,3.98316,-4.05232,1.64356,-1.64706,0.0942285
1833,3.98316,-4.05232,1.65306,-1.65725,0.0945663
1834,3.68316,-3.75232,1.66175,-1.66652,0.0949532
1835,3.68316,-3.75232,1.66432,-1.66956,0.0953595
1836,3.44255,-3.49234,1.66734,-1.67298,0.0957391
1837,3.44255,-3.49234,1.66623,-1.67185,0.0960869
1838,3.74255,-3.79234,1.66605,-1.67165,0.0963785
1839,3.74255,-3.79234,1.67206,-1.67764,0.096645
1840,3.44758,-3.49234,1.67767,-1.68323,0.0969334
1841,3.44758,-3.49234,1.67754,-1.683,0.0972223
1842,3.49213,-3.53342,1.67804,-1.68341,0.0974715
1843,3.49213,-3.53342,1.67982,-1.68505,0.0976945
1844,3.79213,-3.83342,1.68178,-1.6869,0.0979045
1845,3.79213,-3.83342,1.68942,-1.69445,0.0981199
1846,3.5204,-3.56141,1.69629,-1.70123,0.0983791
1847,3.5204,-3.56141,1.69757,-1.70245,0.0986554
1848,3.57723,-3.61874,1.69924,-1.70406,0.0989074
1849,3.57723,-3.61874,1.70223,-1.707,0.0991446
1850,3.87723,-3.91874,1.70524,-1.70998,0.0993789
1851,3.87723,-3.91874,1.7138,-1.71851,0.0996257
1852,3.5933,-3.61874,1.72151,-1.7262,0.0999213
1853,3.5933,-3.61874,1.72335,-1.72773,0.100236
1854,3.6407,-3.68511,1.72557,-1.72968,0.100526
1855,3.6407,-3.68511,1.72893,-1.73317,0.100801
1856,3.9407,-3.98511,1.73233,-1.73668,0.101072
1857,3.9407,-3.98511,1.74129,-1.74573,0.101355
1858,3.6407,-3.69331,1.74941,-1.75393,0.101686
1859,3.6407,-3.69331,1.75139,-1.75612,0.102036
1860,3.69386,-3.44569,1.75379,-1.7587,0.102361
1861,3.69386,-3.44569,1.75748,-1.75699,0.102661
1862,3.99386,-3.74569,1.7612,-1.75621,0.102932
1863,3.99386,-3.74569,1.77042,-1.76169,0.103196
1864,3.69386,-3.45145,1.7787,-1.76685,0.103495
1865,3.69386,-3.45145,1.78073,-1.7664,0.103803
1866,3.44976,-3.74736,1.78309,-1.76669,0.104079
1867,3.44976,-3.74736,1.78114,-1.77298,0.104332
1868,3.74976,-4.04736,1.78008,-1.77877,0.104573
1869,3.74976,-4.04736,1.78525,-1.78965,0.104819
1870,3.45369,-3.74736,1.79013,-1.79928,0.105109
1871,3.45369,-3.74736,1.7894,-1.80243,0.105416
1872,3.50207,-3.53766,1.78945,-1.80571,0.105693
1873,3.50207,-3.53766,1.79098,-1.80517,0.105946
1874,3.80207,-3.83766,1.7928,-1.80527,0.10617
1875,3.80207,-3.83766,1.80033,-1.81137,0.106389
1876,3.53327,-3.53766,1.80711,-1.81695,0.106644
1877,3.53327,-3.53766,1.80837,-1.81665,0.10691
1878,3.5936,-3.56885,1.81,-1.81697,0.107145
1879,3.5936,-3.56885,1.81297,-1.81831,0.107361
1880,3.8936,-3.86885,1.81592,-1.81991,0.10757
1881,3.8936,-3.86885,1.82436,-1.82722,0.107787
1882,3.60809,-3.59177,1.83189,-1.83382,0.10805
1883,3.60809,-3.59177,1.83351,-1.83482,0.108332
1884,3.65565,-3.64903,1.83547,-1.83625,0.10859
1885,3.65565,-3.64903,1.83853,-1.83906,0.108832
1886,3.95565,-3.94903,1.84161,-1.84193,0.109071
1887,3.95565,-3.94903,1.85023,-1.85038,0.109321
1888,3.66168,-3.64903,1.85799,-1.85799,0.109619
1889,3.66168,-3.64903,1.85972,-1.85948,0.109936
1890,3.70586,-3.71413,1.86184,-1.86141,0.110227
1891,3.70586,-3.71413,1.86506,-1.86485,0.110502
1892,4.00586,-4.01413,1.86834,-1.86832,0.110772
1893,4.00586,-4.01413,1.87719,-1.87733,0.111054
1894,3.70586,-3.71413,1.88521,-1.88547,0.111383
1895,3.70586,-3.71413,1.88711,-1.88749,0.111731
1896,3.46345,-3.76503,1.88945,-1.88992,0.112052
1897,3.46345,-3.76503,1.88764,-1.89357,0.112348
1898,3.76345,-4.06503,1.88677,-1.89726,0.112615
1899,3.76345,-4.06503,1.89214,-1.90642,0.112875
1900,3.75872,-3.76503,1.89721,-1.91464,0.113169
1901,3.75872,-3.76503,1.90201,-1.91663,0.11348
1902,3.51412,-3.51618,1.90669,-1.91898,0.113783
1903,3.51412,-3.51618,1.90675,-1.91702,0.114067
1904,3.81412,-3.81618,1.9074,-1.91599,0.114305
1905,3.81412,-3.81618,1.91397,-1.92115,0.114525
1906,3.54061,-3.51659,1.91994,-1.92596,0.114771
1907,3.54061,-3.51659,1.92044,-1.92501,0.115022
1908,3.58255,-3.56447,1.92139,-1.92475,0.115238
1909,3.58255,-3.56447,1.92341,-1.92587,0.115431
1910,3.88255,-3.86447,1.92552,-1.92724,0.115614
1911,3.88255,-3.86447,1.93319,-1.93428,0.115804
1912,3.59885,-3.592,1.94002,-1.9406,0.116039
1913,3.59885,-3.592,1.94103,-1.94139,0.116291
1914,3.65172,-3.65335,1.94242,-1.94259,0.116519
1915,3.65172,-3.65335,1.94504,-1.94521,0.116733
1916,3.95172,-3.95335,1.94769,-1.94787,0.116943
1917,3.95172,-3.95335,1.95588,-1.95605,0.117165
1918,3.66081,-3.6671,1.96321,-1.96339,0.117436
1919,3.66081,-3.6671,1.9646,-1.96486,0.117727
1920,3.70903,-3.71693,1.96638,-1.96671,0.117993
1921,3.70903,-3.71693,1.96932,-1.96974,0.118244
1922,4.00903,-4.01693,1.97233,-1.97282,0.11849
1923,4.00903,-4.01693,1.98088,-1.98144,0.118748
1924,3.71351,-3.72136,1.9886,-1.98921,0.119053
1925,3.71351,-3.72136,1.9903,-1.99095,0.119377
1926,3.46727,-3.47448,1.99242,-1.9931,0.119675
1927,3.46727,-3.47448,1.9903,-1.99101,0.119942
1928,3.76727,-3.77448,1.9891,-1.98982,0.120154
1929,3.76727,-3.77448,1.99405,-1.99478,0.120341
1930,3.76183,-3.76836,1.9986,-1.99935,0.120551
1931,3.76183,-3.76836,2.00277,-2.00351,0.120776
1932,3.51878,-3.525,2.00674,-2.00747,0.121012
1933,3.51878,-3.525,2.00611,-2.00684,0.121242
1934,3.81878,-3.825,2.00607,-2.00679,0.121435
1935,3.81878,-3.825,2.01196,-2.01267,0.121618
1936,3.83657,-3.84252,2.01729,-2.018,0.121833
1937,3.83657,-3.84252,2.02254,-2.02324,0.122071
1938,3.58937,-3.59498,2.02745,-2.02814,0.122327
1939,3.58937,-3.59498,2.02757,-2.02825,0.122584
1940,3.88937,-3.89498,2.02823,-2.02889,0.122809
1941,3.88937,-3.89498,2.03476,-2.03542,0.123025
1942,3.60665,-3.61218,2.0407,-2.04135,0.123274
1943,3.60665,-3.61218,2.04102,-2.04166,0.123533
1944,3.64608,-3.65161,2.04184,-2.04248,0.123761
1945,3.64608,-3.65161,2.04374,-2.04437,0.123969
1946,3.94608,-3.95161,2.04578,-2.04641,0.124168
1947,3.94608,-3.95161,2.05341,-2.05403,0.124375
1948,3.6589,-3.66425,2.06025,-2.06087,0.124626
1949,3.6589,-3.66425,2.06126,-2.06187,0.124896
1950,3.71201,-3.71725,2.06267,-2.06328,0.12514
1951,3.71201,-3.71725,2.06536,-2.06596,0.125367
1952,4.01201,-4.01725,2.06809,-2.06869,0.125591
1953,4.01201,-4.01725,2.07636,-2.07695,0.125825
1954,3.71804,-3.72319,2.08379,-2.08438,0.126108
1955,3.71804,-3.72319,2.08524,-2.08582,0.126409
1956,3.76557,-3.77068,2.08709,-2.08767,0.126684
1957,3.76557,-3.77068,2.0901,-2.09068,0.126943
1958,4.06557,-4.07068,2.09318,-2.09376,0.127197
1959,4.06557,-4.07068,2.1018,-2.10237,0.127461
1960,3.76626,-3.77113,2.10959,-2.11016,0.127773
1961,3.76626,-3.77113,2.1113,-2.11186,0.128102
1962,3.81025,-3.81509,2.11344,-2.11399,0.128405
1963,3.81025,-3.81509,2.11668,-2.11723,0.12869
1964,4.11025,-4.11509,2.12001,-2.12055,0.128969
1965,4.11025,-4.11509,2.12888,-2.12943,0.129257
1966,3.81025,-3.81509,2.13694,-2.13748,0.129592
1967,3.81025,-3.81509,2.13891,-2.13945,0.129944
1968,3.85154,-3.85623,2.14132,-2.14186,0.130269
1969,3.85154,-3.85623,2.14479,-2.14532,0.130576
1970,4.15154,-4.15623,2.14835,-2.14888,0.130876
1971,4.15154,-4.15623,2.15746,-2.15799,0.131185
1972,3.85154,-3.85623,2.16576,-2.16629,0.131539
1973,3.85154,-3.85623,2.16799,-2.16851,0.131911
1974,3.59658,-3.60107,2.17065,-2.17117,0.132256
1975,3.59658,-3.60107,2.16895,-2.16946,0.132568
1976,3.89658,-3.90107,2.16819,-2.1687,0.132822
1977,3.89658,-3.90107,2.17358,-2.17409,0.133051
1978,3.59658,-3.60107,2.17859,-2.1791,0.133301
1979,3.59658,-3.60107,2.17784,-2.17834,0.133551
1980,3.63694,-3.64108,2.17774,-2.17824,0.133761
1981,3.63694,-3.64108,2.17884,-2.17933,0.133945
1982,3.93694,-3.94108,2.18016,-2.18064,0.134114
1983,3.93694,-3.94108,2.18711,-2.18759,0.134289
1984,3.65639,-3.66049,2.19331,-2.19379,0.134507
1985,3.65639,-3.66049,2.19385,-2.19432,0.134741
1986,3.71581,-3.71999,2.19479,-2.19526,0.13495
1987,3.71581,-3.71999,2.19712,-2.19758,0.135143
1988,4.01581,-4.01999,2.19948,-2.19994,0.135332
1989,4.01581,-4.01999,2.20735,-2.20781,0.135534
1990,3.7237,-3.72764,2.21437,-2.21483,0.135784
1991,3.7237,-3.72764,2.21546,-2.21591,0.136054
1992,3.77439,-3.77837,2.21694,-2.21739,0.136298
1993,3.77439,-3.77837,2.21963,-2.22008,0.136527
1994,4.07439,-4.07837,2.22238,-2.22283,0.136751
1995,4.07439,-4.07837,2.23064,-2.23109,0.136987
1996,3.77449,-3.77858,2.23807,-2.23851,0.13727
1997,3.77449,-3.77858,2.23942,-2.23986,0.137572
1998,3.52936,-3.53317,2.2412,-2.24164,0.137847
1999,3.52936,-3.53317,2.2388,-2.23924,0.13809
2000,3.82936,-3.83317,2.2373,-2.23774,0.138279
2001,3.82936,-3.83317,2.24194,-2.24237,0.138444
2002,3.81944,-3.82314,2.24617,-2.2466,0.138631
2003,3.81944,-3.82314,2.24994,-2.25036,0.138833
2004,3.57772,-3.58147,2.25352,-2.25395,0.139044
2005,3.57772,-3.58147,2.25257,-2.25299,0.13925
2006,3.87772,-3.88147,2.25221,-2.25262,0.13942
2007,3.87772,-3.88147,2.25774,-2.25816,0.139578
2008,3.89115,-3.89472,2.26273,-2.26314,0.139769
2009,3.89115,-3.89472,2.26755,-2.26796,0.139982
2010,3.64537,-3.64898,2.27205,-2.27246,0.140213
2011,3.64537,-3.64898,2.27183,-2.27224,0.140444
2012,3.94537,-3.94898,2.27214,-2.27254,0.140643
2013,3.94537,-3.94898,2.2783,-2.2787,0.140833
2014,3.95013,-3.66212,2.28387,-2.28427,0.141057
2015,3.95013,-3.66212,2.2891,-2.28418,0.141298
2016,3.69789,-3.95815,2.29398,-2.28463,0.141531
2017,3.69789,-3.95815,2.29396,-2.29092,0.14176
2018,3.99789,-4.25815,2.29445,-2.29667,0.141988
2019,3.99789,-4.25815,2.30083,-2.30743,0.142231
2020,3.7057,-3.95815,2.30672,-2.31695,0.142524
2021,3.7057,-3.95815,2.30695,-2.32008,0.142836
2022,3.74374,-3.72298,2.30783,-2.32335,0.143124
2023,3.74374,-3.72298,2.30987,-2.32242,0.143388
2024,4.04374,-4.02298,2.31214,-2.32221,0.143623
2025,4.04374,-4.02298,2.32002,-2.32801,0.143852
2026,3.75029,-3.72299,2.32709,-2.33337,0.144116
2027,3.75029,-3.72299,2.32823,-2.33296,0.144389
2028,3.80229,-3.73894,2.32977,-2.33321,0.14463
2029,3.80229,-3.73894,2.33252,-2.33422,0.14485
2030,4.10229,-4.03894,2.33528,-2.33555,0.145058
2031,4.10229,-4.03894,2.34351,-2.34257,0.145273
2032,3.80229,-3.73894,2.35086,-2.34893,0.145533
2033,3.80229,-3.73894,2.3521,-2.34934,0.145808
2034,3.84528,-3.8082,2.35373,-2.35028,0.146056
2035,3.84528,-3.8082,2.35641,-2.35286,0.146285
2036,4.14528,-4.1082,2.35914,-2.35551,0.14651
2037,4.14528,-4.1082,2.36738,-2.36368,0.146745
2038,3.84528,-3.81081,2.37478,-2.37103,0.147028
2039,3.84528,-3.81081,2.37613,-2.37237,0.147328
2040,3.88514,-3.5685,2.37789,-2.37414,0.147602
2041,3.88514,-3.5685,2.38069,-2.3718,0.147852
2042,4.18514,-3.8685,2.38354,-2.37038,0.148071
2043,4.18514,-3.8685,2.39186,-2.37513,0.148282
2044,3.88514,-3.85538,2.39927,-2.37958,0.148528
2045,3.88514,-3.85538,2.40053,-2.38361,0.148791
2046,3.92323,-3.61297,2.40216,-2.38753,0.149044
2047,3.92323,-3.61297,2.40477,-2.38694,0.149285
2048,4.22323,-3.91297,2.40745,-2.38697,0.149504
2049,4.22323,-3.91297,2.41563,-2.39293,0.149722
2050,3.92323,-3.92174,2.42294,-2.3984,0.149978
2051,3.92323,-3.92174,2.42415,-2.4037,0.150254
2052,3.66869,-3.6733,2.42576,-2.40871,0.150525
2053,3.66869,-3.6733,2.42307,-2.40896,0.150779
2054,3.96869,-3.9733,2.42137,-2.40971,0.150989
2055,3.96869,-3.9733,2.42585,-2.41623,0.151181
2056,3.66869,-3.67987,2.43003,-2.4221,0.1514
2057,3.66869,-3.67987,2.42854,-2.42215,0.151623
2058,3.71387,-3.97357,2.42778,-2.42266,0.15181
2059,3.71387,-3.97357,2.42836,-2.42883,0.15198
2060,4.01387,-4.27357,2.42923,-2.43434,0.15216
2061,4.01387,-4.27357,2.43581,-2.44479,0.152361
2062,3.73274,-3.97357,2.44177,-2.45397,0.152616
2063,3.73274,-3.97357,2.44221,-2.45674,0.152895
2064,3.79583,-3.73056,2.44318,-2.45965,0.153153
2065,3.79583,-3.73056,2.44569,-2.45822,0.153391
2066,4.09583,-4.03056,2.4483,-2.45754,0.153603
2067,4.09583,-4.03056,2.45638,-2.46288,0.153811
2068,3.79964,-3.73056,2.46359,-2.46781,0.154056
2069,3.79964,-3.73056,2.46476,-2.46702,0.154311
2070,3.84966,-3.45492,2.46628,-2.46691,0.154535
2071,3.84966,-3.45492,2.46894,-2.46229,0.15473
2072,4.14966,-3.75492,2.47156,-2.45885,0.15489
2073,4.14966,-3.75492,2.47954,-2.46178,0.155041
2074,3.84966,-3.75875,2.48653,-2.46457,0.155223
2075,3.84966,-3.75875,2.48732,-2.46739,0.15542
2076,3.88598,-3.82295,2.4884,-2.47016,0.155609
2077,3.88598,-3.82295,2.49038,-2.47405,0.155794
2078,4.18598,-4.12295,2.49244,-2.4777,0.155982
2079,4.18598,-4.12295,2.50002,-2.48661,0.156187
2080,3.88598,-3.84944,2.50681,-2.49451,0.156444
2081,3.88598,-3.84944,2.50761,-2.49671,0.156722
2082,3.92611,-3.60369,2.50888,-2.49914,0.156978
2083,3.92611,-3.60369,2.51122,-2.49726,0.157213
2084,4.22611,-3.90369,2.51367,-2.49619,0.15742
2085,4.22611,-3.90369,2.5216,-2.5012,0.15762
2086,3.92611,-3.88016,2.52867,-2.50584,0.157856
2087,3.92611,-3.88016,2.52965,-2.5098,0.158108
2088,3.67632,-3.63233,2.53101,-2.51366,0.158351
2089,3.67632,-3.63233,2.52814,-2.5129,0.158574
2090,3.97632,-3.93233,2.52622,-2.51274,0.158751
2091,3.97632,-3.93233,2.53044,-2.51842,0.158909
2092,3.96015,-3.93508,2.53432,-2.52352,0.159094
2093,3.96015,-3.93508,2.53768,-2.52823,0.159297
2094,3.71942,-3.68606,2.54093,-2.53261,0.159511
2095,3.71942,-3.68606,2.53974,-2.53221,0.159721
2096,4.01942,-3.98606,2.5392,-2.53232,0.159897
2097,4.01942,-3.98606,2.54456,-2.53824,0.160061
2098,3.73592,-3.69061,2.54942,-2.54355,0.160258
2099,3.73592,-3.69061,2.54876,-2.54305,0.160463
2100,3.78425,-3.73081,2.54865,-2.54307,0.160636
2101,3.78425,-3.73081,2.5498,-2.54419,0.160787
2102,4.08425,-4.03081,2.55109,-2.54545,0.16093
2103,4.08425,-4.03081,2.55791,-2.55225,0.16108
2104,3.79168,-4.02523,2.56396,-2.55828,0.161276
2105,3.79168,-4.02523,2.56413,-2.56364,0.161496
2106,3.84908,-3.78792,2.56477,-2.56859,0.161713
2107,3.84908,-3.78792,2.56681,-2.56889,0.161924
2108,4.14908,-4.08792,2.56897,-2.56959,0.162118
2109,4.14908,-4.08792,2.57664,-2.57604,0.162315
2110,3.84908,-3.78792,2.58348,-2.58187,0.162553
2111,3.84908,-3.78792,2.58428,-2.58183,0.162805
2112,3.89748,-3.81926,2.58548,-2.58234,0.163028
2113,3.89748,-3.81926,2.58784,-2.5838,0.163231
2114,4.19748,-4.11926,2.59025,-2.58547,0.163426
2115,4.19748,-4.11926,2.59812,-2.59273,0.16363
2116,3.89748,-3.81926,2.60516,-2.59925,0.163878
2117,3.89748,-3.81926,2.60614,-2.59981,0.164144
2118,3.93476,-3.87096,2.60753,-2.60084,0.164382
2119,3.93476,-3.87096,2.60988,-2.60315,0.164602
2120,4.23476,-4.17096,2.61232,-2.60556,0.164816
2121,4.23476,-4.17096,2.62025,-2.61348,0.165039
2122,3.93476,-3.87096,2.62738,-2.62059,0.165308
2123,3.93476,-3.87096,2.62849,-2.62168,0.165595
2124,3.67659,-3.91187,2.63004,-2.62321,0.165854
2125,3.67659,-3.91187,2.62721,-2.62579,0.166089
2126,3.97659,-4.21187,2.62536,-2.62844,0.166291
2127,3.97659,-4.21187,2.62968,-2.63651,0.166486
2128,3.95769,-3.91187,2.63374,-2.64368,0.166714
2129,3.95769,-3.91187,2.63729,-2.64473,0.166957
2130,3.71582,-3.94549,2.64077,-2.64614,0.16719
2131,3.71582,-3.94549,2.63981,-2.64843,0.167411
2132,4.01582,-4.24549,2.63948,-2.65082,0.167609
2133,4.01582,-4.24549,2.64507,-2.65866,0.167806
2134,4.02037,-3.94549,2.65018,-2.66565,0.16804
2135,4.02037,-3.94549,2.65505,-2.66657,0.168294
2136,3.77377,-3.68576,2.65966,-2.6679,0.168542
2137,3.77377,-3.68576,2.65959,-2.66485,0.168773
2138,4.07377,-3.98576,2.66001,-2.66279,0.168959
2139,4.07377,-3.98576,2.66618,-2.6669,0.169128
2140,3.77596,-3.68576,2.6717,-2.67071,0.169323
2141,3.77596,-3.68576,2.67136,-2.6689,0.169522
2142,3.81455,-3.98576,2.67149,-2.66781,0.169685
2143,3.81455,-3.98576,2.67264,-2.67268,0.16983
2144,4.11455,-4.28576,2.67393,-2.67706,0.169985
2145,4.11455,-4.28576,2.68077,-2.68648,0.170161
2146,4.10359,-3.98576,2.6869,-2.69474,0.170391
2147,4.10359,-3.98576,2.69233,-2.69672,0.170651
2148,3.8649,-3.7667,2.69742,-2.69895,0.170913
2149,3.8649,-3.7667,2.69793,-2.69742,0.171163
2150,4.1649,-4.0667,2.69888,-2.69668,0.171376
2151,4.1649,-4.0667,2.70555,-2.70195,0.171577
2152,3.8649,-3.7667,2.71157,-2.70679,0.171808
2153,3.8649,-3.7667,2.71168,-2.70593,0.172045
2154,3.89137,-3.78708,2.71227,-2.70571,0.172248
2155,3.89137,-3.78708,2.71368,-2.70633,0.172427
2156,4.19137,-4.08708,2.71524,-2.70723,0.172592
2157,4.19137,-4.08708,2.72232,-2.71377,0.172762
2158,3.89137,-3.79127,2.72861,-2.71962,0.172974
2159,3.89137,-3.79127,2.72892,-2.71962,0.173201
2160,3.93699,-3.55754,2.72966,-2.72011,0.1734
2161,3.93699,-3.55754,2.73153,-2.71672,0.173574
2162,4.23699,-3.85754,2.73345,-2.71426,0.173718
2163,4.23699,-3.85754,2.74078,-2.71795,0.173855
2164,3.93699,-3.84626,2.7472,-2.72134,0.174027
2165,3.93699,-3.84626,2.74752,-2.72436,0.174215
2166,3.977,-3.90304,2.7482,-2.72728,0.174394
2167,3.977,-3.90304,2.74988,-2.73113,0.174569
2168,4.277,-4.20304,2.75167,-2.73473,0.174747
2169,4.277,-4.20304,2.75897,-2.74354,0.174942
2170,3.977,-3.91619,2.76552,-2.75133,0.175188
2171,3.977,-3.91619,2.76611,-2.75321,0.175455
2172,4.01599,-3.66708,2.76718,-2.75534,0.175699
2173,4.01599,-3.66708,2.76931,-2.75315,0.175921
2174,4.31599,-3.96708,2.77155,-2.7518,0.176114
2175,4.31599,-3.96708,2.77925,-2.75651,0.1763
2176,4.01599,-3.93647,2.78609,-2.76086,0.17652
2177,4.01599,-3.93647,2.78687,-2.76443,0.176757
2178,3.76087,-3.68904,2.78803,-2.76793,0.176983
2179,3.76087,-3.68904,2.78489,-2.76686,0.17719
2180,4.06087,-3.98904,2.78271,-2.7664,0.177349
2181,4.06087,-3.98904,2.78664,-2.77177,0.177489
2182,4.03872,-3.98657,2.79024,-2.77657,0.177656
2183,4.03872,-3.98657,2.79321,-2.78089,0.177839
2184,3.79808,-3.73864,2.7961,-2.78491,0.178033
2185,3.79808,-3.73864,2.7946,-2.7842,0.178223
2186,4.09808,-4.03864,2.79374,-2.78402,0.178377
2187,4.09808,-4.03864,2.79877,-2.78961,0.178521
2188,3.80928,-3.73864,2.8033,-2.7946,0.178696
2189,3.80928,-3.73864,2.80225,-2.79373,0.178879
2190,3.85857,-4.03864,2.80177,-2.7934,0.179029
2191,3.85857,-4.03864,2.80257,-2.79886,0.179163
2192,4.15857,-4.33864,2.80354,-2.8037,0.17931
2193,4.15857,-4.33864,2.8101,-2.81348,0.17948
2194,3.86085,-4.03864,2.81597,-2.82203,0.179705
2195,3.86085,-4.03864,2.816,-2.82426,0.179954
2196,3.9197,-3.79751,2.81657,-2.82665,0.180181
2197,3.9197,-3.79751,2.81859,-2.82478,0.180388
2198,4.2197,-4.09751,2.82072,-2.82367,0.180569
2199,4.2197,-4.09751,2.8283,-2.82854,0.180745
2200,3.9197,-3.79751,2.83501,-2.83301,0.180957
2201,3.9197,-3.79751,2.83568,-2.83181,0.18118
2202,3.96239,-3.80916,2.8367,-2.83128,0.181371
2203,3.96239,-3.80916,2.83874,-2.83146,0.181541
2204,4.26239,-4.10916,2.8408,-2.83197,0.181699
2205,4.26239,-4.10916,2.84827,-2.83816,0.181863
2206,3.96239,-3.81194,2.85487,-2.8437,0.18207
2207,3.96239,-3.81194,2.85544,-2.84343,0.182293
2208,3.99275,-3.87162,2.85639,-2.84368,0.182488
2209,3.99275,-3.87162,2.85815,-2.84538,0.182666
2210,4.29275,-4.17162,2.86,-2.84719,0.182836
2211,4.29275,-4.17162,2.86732,-2.85448,0.183016
2212,3.99275,-3.87162,2.87385,-2.86098,0.183242
2213,3.99275,-3.87162,2.87439,-2.86149,0.183486
2214,3.73204,-3.9196,2.87536,-2.86245,0.183702
2215,3.73204,-3.9196,2.87194,-2.86457,0.183894
2216,4.03204,-4.2196,2.8695,-2.86675,0.184055
2217,4.03204,-4.2196,2.87322,-2.87431,0.184207
2218,4.01013,-3.9196,2.87667,-2.88096,0.184394
2219,4.01013,-3.9196,2.87958,-2.88151,0.184596
2220,3.77113,-3.65966,2.88244,-2.88242,0.184788
2221,3.77113,-3.65966,2.88093,-2.87891,0.18496
2222,4.07113,-3.95966,2.88003,-2.87634,0.185086
2223,4.07113,-3.95966,2.88495,-2.87986,0.185194
2224,4.07269,-3.93525,2.88929,-2.88305,0.185327
2225,4.07269,-3.93525,2.89324,-2.88557,0.185478
2226,3.82905,-3.69595,2.89688,-2.88802,0.18564
2227,3.82905,-3.69595,2.89587,-2.8861,0.185798
2228,4.12905,-3.99595,2.89536,-2.88483,0.185921
2229,4.12905,-3.99595,2.9006,-2.88944,0.186035
2230,4.12014,-3.99832,2.90524,-2.89355,0.18618
2231,4.12014,-3.99832,2.90927,-2.89734,0.186347
2232,3.87021,-3.75681,2.913,-2.90088,0.18653
2233,3.87021,-3.75681,2.91202,-2.89989,0.186711
2234,4.17021,-4.05681,2.91158,-2.89945,0.186859
2235,4.17021,-4.05681,2.91693,-2.90479,0.186998
2236,3.87021,-4.04952,2.92172,-2.90957,0.187169
2237,3.87021,-4.04952,2.92069,-2.91381,0.187356
2238,4.17021,-3.80027,2.92024,-2.91774,0.187533
2239,4.17021,-3.80027,2.92566,-2.91692,0.187705
2240,4.47021,-4.10027,2.93055,-2.91662,0.187877
2241,4.47021,-4.10027,2.9404,-2.92214,0.188062
2242,4.17021,-3.80027,2.94904,-2.92719,0.188295
2243,4.17021,-3.80027,2.95136,-2.92652,0.188549
2244,3.92677,-3.83629,2.95385,-2.92651,0.188777
2245,3.92677,-3.83629,2.95203,-2.92764,0.188981
2246,4.22677,-4.13629,2.95095,-2.92902,0.189156
2247,4.22677,-4.13629,2.95582,-2.93595,0.189324
2248,3.92677,-3.83629,2.96026,-2.9421,0.189525
2249,3.92677,-3.83629,2.95903,-2.94228,0.189736
2250,3.93312,-4.13629,2.95845,-2.94288,0.189914
2251,3.93312,-4.13629,2.95846,-2.94916,0.190077
2252,4.23312,-4.43629,2.95884,-2.95475,0.190248
2253,4.23312,-4.43629,2.96493,-2.96518,0.190439
2254,3.93312,-4.13629,2.97045,-2.97432,0.190683
2255,3.93312,-4.13629,2.97022,-2.9771,0.190951
2256,3.99132,-3.885,2.97061,-2.97998,0.191195
2257,3.99132,-3.885,2.97251,-2.9784,0.191418
2258,4.29132,-4.185,2.97457,-2.97756,0.191614
2259,4.29132,-4.185,2.98209,-2.98267,0.191804
2260,3.99132,-3.885,2.9888,-2.98737,0.192029
2261,3.99132,-3.885,2.98951,-2.9864,0.192264
2262,4.0352,-3.88444,2.99059,-2.98609,0.192467
2263,4.0352,-3.88444,2.99272,-2.98627,0.192648
2264,4.3352,-4.18444,2.99488,-2.9868,0.192816
2265,4.3352,-4.18444,3.00244,-2.99301,0.19299
2266,4.0352,-3.88444,3.00915,-2.99859,0.193206
2267,4.0352,-3.88444,3.00983,-2.99833,0.193437
2268,3.76888,-3.64625,3.0109,-2.99861,0.19364
2269,3.76888,-3.64625,3.00743,-2.995,0.193811
2270,4.06888,-3.94625,3.00489,-2.99234,0.193925
2271,4.06888,-3.94625,3.0084,-2.99575,0.194015
2272,4.04092,-3.92897,3.01153,-2.9988,0.194125
2273,4.04092,-3.92897,3.01389,-3.00128,0.19425
2274,3.80042,-3.98562,3.01613,-3.00362,0.19438
2275,3.80042,-3.98562,3.01396,-3.00688,0.194511
2276,4.10042,-4.28562,3.01245,-3.00988,0.19463
2277,4.10042,-4.28562,3.01683,-3.01803,0.194755
2278,4.09906,-3.98562,3.02079,-3.02511,0.194923
2279,4.09906,-3.98562,3.02444,-3.026,0.195114
2280,3.85799,-4.03847,3.02791,-3.02717,0.195302
2281,3.85799,-4.03847,3.02687,-3.0295,0.195482
2282,4.15799,-4.33847,3.0264,-3.03183,0.195645
2283,4.15799,-4.33847,3.03175,-3.03951,0.195809
2284,4.14879,-4.03847,3.03659,-3.04629,0.196014
2285,4.14879,-4.03847,3.04093,-3.04702,0.19624
2286,3.90004,-3.76341,3.04504,-3.04812,0.19646
2287,3.90004,-3.76341,3.04447,-3.04459,0.196663
2288,4.20004,-4.06341,3.04442,-3.04207,0.19682
2289,4.20004,-4.06341,3.0501,-3.04568,0.196959
2290,3.90004,-3.76341,3.05514,-3.04901,0.197124
2291,3.90004,-3.76341,3.05433,-3.04678,0.197292
2292,3.93107,-4.05838,3.05401,-3.04527,0.197424
2293,3.93107,-4.05838,3.05457,-3.04958,0.197537
2294,4.23107,-4.35838,3.05529,-3.05343,0.197659
2295,4.23107,-4.35838,3.06156,-3.06229,0.197801
2296,4.212,-4.05838,3.06712,-3.07001,0.197996
2297,4.212,-4.05838,3.07186,-3.07151,0.198221
2298,3.9743,-3.83112,3.0763,-3.07326,0.198446
2299,3.9743,-3.83112,3.07623,-3.07113,0.19866
2300,4.2743,-4.13112,3.07662,-3.0698,0.198835
2301,4.2743,-4.13112,3.0827,-3.07446,0.198997
2302,3.9743,-3.83112,3.08814,-3.07871,0.199189
2303,3.9743,-3.83112,3.08772,-3.0773,0.199387
2304,3.99549,-3.84551,3.08779,-3.07655,0.19955
2305,3.99549,-3.84551,3.08857,-3.07653,0.19969
2306,4.29549,-4.14551,3.08952,-3.07681,0.199814
2307,4.29549,-4.14551,3.09597,-3.08269,0.199943
2308,3.99549,-3.84551,3.10164,-3.08791,0.200114
2309,3.99549,-3.84551,3.10138,-3.08726,0.200299
2310,3.74235,-3.90234,3.10155,-3.08711,0.200455
2311,3.74235,-3.90234,3.09749,-3.08834,0.200587
2312,4.04235,-4.20234,3.09438,-3.08963,0.200687
2313,4.04235,-4.20234,3.09739,-3.0963,0.200781
2314,4.02011,-3.90234,3.10011,-3.10208,0.200908
2315,4.02011,-3.90234,3.10228,-3.10181,0.201051
2316,4.07677,-3.94424,3.1044,-3.10189,0.201184
2317,4.07677,-3.94424,3.10746,-3.103,0.201312
2318,4.37677,-4.24424,3.1103,-3.10421,0.201444
2319,4.37677,-4.24424,3.11834,-3.11089,0.201592
2320,4.08336,-3.94424,3.12538,-3.11681,0.20179
2321,4.08336,-3.94424,3.12645,-3.11682,0.202009
2322,3.83763,-3.97885,3.1278,-3.1173,0.202205
2323,3.83763,-3.97885,3.12495,-3.11874,0.202378
2324,4.13763,-4.27885,3.12294,-3.1203,0.202522
2325,4.13763,-4.27885,3.12695,-3.12729,0.20266
2326,4.10146,-3.97885,3.13062,-3.13343,0.202832
2327,4.10146,-3.97885,3.13342,-3.13356,0.203019
2328,4.14908,-3.71732,3.13616,-3.13408,0.203196
2329,4.14908,-3.71732,3.13967,-3.1302,0.20336
2330,4.44908,-4.01732,3.14295,-3.12733,0.203501
2331,4.44908,-4.01732,3.15136,-3.13062,0.203639
2332,4.14908,-3.98927,3.15868,-3.13369,0.203815
2333,4.14908,-3.98927,3.15981,-3.13614,0.204009
2334,4.18947,-3.75144,3.16117,-3.13861,0.204195
2335,4.18947,-3.75144,3.16343,-3.13681,0.20437
2336,4.48947,-4.05144,3.16569,-3.13569,0.204524
2337,4.48947,-4.05144,3.17328,-3.14046,0.204677
2338,4.18947,-4.0479,3.17996,-3.1448,0.204869
2339,4.18947,-4.0479,3.18058,-3.14879,0.205081
2340,3.90713,-3.80539,3.18157,-3.15257,0.205287
2341,3.90713,-3.80539,3.17779,-3.15183,0.205476
2342,4.20713,-4.10539,3.17503,-3.1516,0.205618
2343,4.20713,-4.10539,3.1784,-3.15708,0.205743
2344,3.90713,-4.08958,3.1815,-3.16194,0.205893
2345,3.90713,-4.08958,3.17905,-3.16603,0.206053
2346,3.93383,-3.83725,3.17736,-3.16979,0.2062
2347,3.93383,-3.83725,3.17675,-3.16872,0.206332
2348,4.23383,-4.13725,3.17652,-3.16811,0.206439
2349,4.23383,-4.13725,3.18192,-3.17319,0.206542
2350,4.22914,-3.83725,3.18667,-3.17768,0.206682
2351,4.22914,-3.83725,3.19087,-3.17636,0.206839
2352,4.00187,-4.13099,3.1947,-3.17562,0.20699
2353,4.00187,-4.13099,3.19416,-3.18058,0.207137
2354,4.30187,-4.43099,3.19403,-3.18504,0.207286
2355,4.30187,-4.43099,3.19962,-3.19446,0.20745
2356,4.00187,-4.13099,3.20467,-3.20269,0.207664
2357,4.00187,-4.13099,3.204,-3.20466,0.207898
2358,4.02984,-3.87991,3.20395,-3.20681,0.208108
2359,4.02984,-3.87991,3.20486,-3.20455,0.208295
2360,4.32984,-4.17991,3.20601,-3.20307,0.20845
2361,4.32984,-4.17991,3.21267,-3.20754,0.208599
2362,4.02984,-3.87991,3.21856,-3.21161,0.20878
2363,4.02984,-3.87991,3.21851,-3.21004,0.208971
2364,4.06872,-3.8827,3.21887,-3.20914,0.209129
2365,4.06872,-3.8827,3.2202,-3.20878,0.209264
2366,4.36872,-4.1827,3.2216,-3.20876,0.209387
2367,4.36872,-4.1827,3.2284,-3.21439,0.209514
2368,4.06872,-3.8827,3.23437,-3.21938,0.209684
2369,4.06872,-3.8827,3.23436,-3.21856,0.209868
2370,3.80573,-3.93697,3.23474,-3.21826,0.210025
2371,3.80573,-3.93697,3.2307,-3.21933,0.210157
2372,4.10573,-4.23697,3.2276,-3.22048,0.210257
2373,4.10573,-4.23697,3.23059,-3.22702,0.210349
2374,4.07641,-3.93697,3.23331,-3.23269,0.210474
2375,4.07641,-3.93697,3.23534,-3.23233,0.210615
2376,4.13089,-3.68578,3.23734,-3.23233,0.210745
2377,4.13089,-3.68578,3.24026,-3.22813,0.210863
2378,4.43089,-3.98578,3.24293,-3.22488,0.210959
2379,4.43089,-3.98578,3.25073,-3.22774,0.211055
2380,4.13346,-3.95833,3.25745,-3.23036,0.211188
2381,4.13346,-3.95833,3.25804,-3.23236,0.21134
2382,3.88788,-4.01475,3.25886,-3.23436,0.211485
2383,3.88788,-4.01475,3.25547,-3.23735,0.211619
2384,4.18788,-4.31475,3.25294,-3.24012,0.211734
2385,4.18788,-4.31475,3.25644,-3.24804,0.21185
2386,4.14893,-4.01798,3.25963,-3.25491,0.212004
2387,4.14893,-4.01798,3.26195,-3.25569,0.212178
2388,3.90727,-3.7722,3.26426,-3.25671,0.212344
2389,3.90727,-3.7722,3.26223,-3.25353,0.212492
2390,4.20727,-4.07221,3.26084,-3.25118,0.212596
2391,4.20727,-4.07221,3.26525,-3.2548,0.212683
2392,4.1984,-4.03253,3.26914,-3.25802,0.212796
2393,4.1984,-4.03253,3.27248,-3.26026,0.212927
2394,3.95568,-3.78946,3.27555,-3.26242,0.213068
2395,3.95568,-3.78946,3.27409,-3.26019,0.213203
2396,4.25568,-4.08946,3.27314,-3.25861,0.213303
2397,4.25568,-4.08946,3.27793,-3.26286,0.213392
2398,4.23853,-4.07909,3.28213,-3.26661,0.213513
2399,4.23853,-4.07909,3.28559,-3.26983,0.213654
2400,3.99005,-3.83668,3.2888,-3.27284,0.213809
2401,3.99005,-3.83668,3.28738,-3.27135,0.213961
2402,4.29005,-4.13668,3.28651,-3.27043,0.21408
2403,4.29005,-4.13668,3.2914,-3.27528,0.214188
2404,4.26927,-4.12058,3.29573,-3.27957,0.214329
2405,4.26927,-4.12058,3.29928,-3.28318,0.214491
2406,4.01954,-3.87261,3.30261,-3.28655,0.214666
2407,4.01954,-3.87261,3.30131,-3.28532,0.214838
2408,4.31954,-4.17261,3.30059,-3.28466,0.214975
2409,4.31954,-4.17261,3.30563,-3.28975,0.215102
2410,4.01954,-4.15139,3.31013,-3.29429,0.215261
2411,4.01954,-4.15139,3.30889,-3.29806,0.215433
2412,4.04881,-3.90025,3.30822,-3.30157,0.215595
2413,4.04881,-3.90025,3.30855,-3.30036,0.215744
2414,4.34881,-4.20025,3.30914,-3.29966,0.21587
2415,4.34881,-4.20025,3.31525,-3.30471,0.215992
2416,4.04881,-3.90025,3.32063,-3.30921,0.216152
2417,4.04881,-3.90025,3.32012,-3.30796,0.216323
2418,4.09213,-3.92677,3.32006,-3.30729,0.216463
2419,4.09213,-3.92677,3.32108,-3.3075,0.216583
2420,4.39213,-4.22677,3.32218,-3.30793,0.216693
2421,4.39213,-4.22677,3.3287,-3.31388,0.216811
2422,4.36351,-4.20384,3.33441,-3.31913,0.216972
2423,4.36351,-4.20384,3.33903,-3.32346,0.217162
2424,4.12177,-3.9675,3.3433,-3.3275,0.217371
2425,4.12177,-3.9675,3.34302,-3.32711,0.217579
2426,4.42177,-4.2675,3.34322,-3.32723,0.217757
2427,4.42177,-4.2675,3.34912,-3.33306,0.217928
2428,4.12177,-3.9675,3.35444,-3.33832,0.218132
2429,4.12177,-3.9675,3.35397,-3.33781,0.218345
2430,3.83966,-3.98377,3.35404,-3.33783,0.218525
2431,3.83966,-3.98377,3.34944,-3.33852,0.218676
2432,4.13966,-4.28377,3.34593,-3.33941,0.218788
2433,4.13966,-4.28377,3.34859,-3.34574,0.218888
2434,4.11184,-3.98377,3.35104,-3.35124,0.219017
2435,4.11184,-3.98377,3.35289,-3.35077,0.219159
2436,4.16904,-4.01513,3.35473,-3.35068,0.219289
2437,4.16904,-4.01513,3.35756,-3.35145,0.219413
2438,4.46904,-4.31513,3.3602,-3.35236,0.219537
2439,4.46904,-4.31513,3.36802,-3.35875,0.219676
2440,4.17077,-4.01513,3.37486,-3.36441,0.219864
2441,4.17077,-4.01513,3.37568,-3.3642,0.220073
2442,3.92565,-4.04542,3.37681,-3.36448,0.220257
2443,3.92565,-4.04542,3.37377,-3.36565,0.220418
2444,4.22565,-4.34542,3.37158,-3.36696,0.22055
2445,4.22565,-4.34542,3.37539,-3.37367,0.220674
2446,4.18368,-4.04542,3.37885,-3.37956,0.220832
2447,4.18368,-4.04542,3.38135,-3.37948,0.221005
2448,4.23134,-4.07071,3.38381,-3.37978,0.221167
2449,4.23134,-4.07071,3.38705,-3.38084,0.221323
2450,4.53134,-4.37071,3.3901,-3.38207,0.221478
2451,4.53134,-4.37071,3.39833,-3.38878,0.221648
2452,4.23134,-4.07071,3.40559,-3.39478,0.221867
2453,4.23134,-4.07071,3.40678,-3.39492,0.222105
2454,4.26658,-4.09406,3.40829,-3.39556,0.222318
2455,4.26658,-4.09406,3.41063,-3.39696,0.222515
2456,4.56658,-4.39406,3.41301,-3.39856,0.222704
2457,4.56658,-4.39406,3.42075,-3.40566,0.222901
2458,4.26658,-4.09406,3.42766,-3.41202,0.223143
2459,4.26658,-4.09406,3.42862,-3.41253,0.223401
2460,4.26772,-4.1154,3.42997,-3.41351,0.223633
2461,4.26772,-4.1154,3.43162,-3.41521,0.223846
2462,4.56772,-4.4154,3.43346,-3.41709,0.224047
2463,4.56772,-4.4154,3.44077,-3.42443,0.224253
2464,4.26772,-4.1154,3.44733,-3.43103,0.224502
2465,4.26772,-4.1154,3.44803,-3.43174,0.224766
2466,3.98406,-3.83957,3.44917,-3.43291,0.225002
2467,3.98406,-3.83957,3.44558,-3.42947,0.225205
2468,4.28406,-4.13957,3.44301,-3.42703,0.225348
2469,4.28406,-4.13957,3.4465,-3.43063,0.225463
2470,3.98406,-3.83957,3.44967,-3.43389,0.225596
2471,3.98406,-3.83957,3.44727,-3.43156,0.225728
2472,4.00422,-4.13009,3.44554,-3.42989,0.22582
2473,4.00422,-4.13009,3.44464,-3.43386,0.225891
2474,4.30422,-4.43009,3.44406,-3.43733,0.225968
2475,4.30422,-4.43009,3.44909,-3.44573,0.226063
2476,4.00422,-4.13009,3.45351,-3.45296,0.226208
2477,4.00422,-4.13009,3.4522,-3.45398,0.226376
2478,4.06457,-3.89061,3.45147,-3.45519,0.22652
2479,4.06457,-3.89061,3.45224,-3.45224,0.226644
2480,4.36457,-4.19061,3.45314,-3.45004,0.22674
2481,4.36457,-4.19061,3.45943,-3.45376,0.226833
2482,4.06457,-3.89061,3.4649,-3.45708,0.22696
2483,4.06457,-3.89061,3.4644,-3.4548,0.227098
2484,4.10528,-3.89877,3.46427,-3.45319,0.227205
2485,4.10528,-3.89877,3.46512,-3.45221,0.227291
2486,4.40528,-4.19877,3.466,-3.45158,0.227365
2487,4.40528,-4.19877,3.47223,-3.45656,0.227445
2488,4.10528,-3.89877,3.47762,-3.46091,0.227567
2489,4.10528,-3.89877,3.47706,-3.45947,0.227705
2490,4.13161,-3.95557,3.47688,-3.45857,0.227816
2491,4.13161,-3.95557,3.47744,-3.45906,0.227909
2492,4.43161,-4.25557,3.4781,-3.45967,0.227995
2493,4.43161,-4.25557,3.48417,-3.46571,0.22809
2494,4.13161,-3.95557,3.48947,-3.47097,0.228229
2495,4.13161,-3.95557,3.48886,-3.47034,0.228387
2496,4.15712,-3.99668,3.48869,-3.47014,0.228517
2497,4.15712,-3.99668,3.48928,-3.47099,0.228631
2498,4.45712,-4.29668,3.49002,-3.47194,0.228736
2499,4.45712,-4.29668,3.4962,-3.4783,0.22885
2500,4.15712,-3.99668,3.50163,-3.48388,0.229008
2501,4.15712,-3.99668,3.50117,-3.48355,0.229184
2502,4.18581,-4.02407,3.50117,-3.48365,0.229332
2503,4.18581,-4.02407,3.50199,-3.48453,0.229463
2504,4.48581,-4.32407,3.50296,-3.48556,0.229585
2505,4.48581,-4.32407,3.50937,-3.49201,0.229715
2506,4.18581,-4.02407,3.51502,-3.4977,0.229889
2507,4.18581,-4.02407,3.51479,-3.4975,0.230079
2508,3.91865,-4.04819,3.515,-3.49774,0.230242
2509,3.91865,-4.04819,3.51078,-3.49871,0.230381
2510,4.21866,-4.34819,3.50755,-3.49981,0.230485
2511,4.21866,-4.34819,3.51042,-3.50628,0.23058
2512,4.18356,-4.04819,3.51303,-3.51189,0.230707
2513,4.18356,-4.04819,3.51488,-3.51152,0.230849
2514,3.94655,-3.77758,3.51672,-3.51152,0.230978
2515,3.94655,-3.77758,3.51432,-3.50699,0.231088
2516,4.24655,-4.07758,3.51254,-3.50343,0.23115
2517,4.24655,-4.07758,3.51651,-3.50592,0.231193
2518,4.23521,-4.04181,3.51992,-3.50811,0.231261
2519,4.23521,-4.04181,3.52272,-3.50945,0.231345
2520,3.99472,-3.80576,3.52524,-3.51076,0.231438
2521,3.99472,-3.80576,3.52328,-3.50786,0.231526
2522,4.29472,-4.10576,3.52181,-3.50562,0.231579
2523,4.29472,-4.10576,3.52603,-3.5092,0.231622
2524,4.27333,-4.09688,3.52965,-3.51229,0.231696
2525,4.27333,-4.09688,3.53247,-3.51488,0.231791
2526,4.02709,-4.15071,3.53503,-3.51725,0.2319
2527,4.02709,-4.15071,3.53303,-3.52043,0.232013
2528,4.32709,-4.45071,3.53161,-3.52333,0.232117
2529,4.32709,-4.45071,3.53599,-3.53129,0.232229
2530,4.30303,-4.15071,3.53991,-3.5382,0.232384
2531,4.30303,-4.15071,3.5431,-3.53897,0.232563
2532,4.05636,-4.18149,3.54616,-3.54001,0.232737
2533,4.05636,-4.18149,3.5447,-3.54181,0.232903
2534,4.35636,-4.48149,3.54384,-3.54366,0.233048
2535,4.35636,-4.48149,3.54877,-3.55084,0.233193
2536,4.05636,-4.18149,3.55322,-3.55716,0.233377
2537,4.05636,-4.18149,3.55201,-3.55752,0.233573
2538,4.35522,-3.8902,3.55143,-3.55823,0.23374
2539,4.35522,-3.8902,3.5566,-3.55401,0.233885
2540,4.65522,-4.1902,3.56122,-3.5508,0.234016
2541,4.65522,-4.1902,3.57068,-3.55375,0.234151
2542,4.35522,-4.14786,3.57887,-3.55653,0.234327
2543,4.35522,-4.14786,3.58077,-3.55849,0.234523
2544,4.09255,-3.90662,3.58278,-3.56056,0.234713
2545,4.09255,-3.90662,3.58021,-3.55841,0.234884
2546,4.39255,-4.20662,3.57842,-3.55698,0.235011
2547,4.39255,-4.20662,3.58252,-3.56137,0.23512
2548,4.09255,-3.90662,3.58618,-3.56529,0.235255
2549,4.09255,-3.90662,3.58422,-3.56353,0.235394
2550,4.08265,-3.95165,3.58287,-3.56235,0.235497
2551,4.08265,-3.95165,3.58179,-3.56238,0.235576
2552,4.38265,-4.25165,3.58105,-3.56257,0.235639
2553,4.38265,-4.25165,3.58589,-3.56819,0.235706
2554,4.08265,-3.95165,3.5901,-3.57304,0.235813
2555,4.08265,-3.95165,3.58853,-3.57201,0.235935
2556,4.12975,-3.99487,3.58748,-3.5714,0.236029
2557,4.12975,-3.99487,3.58763,-3.57185,0.236104
2558,4.42975,-4.29487,3.58792,-3.5724,0.236173
2559,4.42975,-4.29487,3.59364,-3.57832,0.236251
2560,4.12975,-3.99487,3.59859,-3.58346,0.236374
2561,4.12975,-3.99487,3.59769,-3.5827,0.236514
2562,4.1684,-4.02467,3.59723,-3.58236,0.236628
2563,4.1684,-4.02467,3.59777,-3.58284,0.236725
2564,4.4684,-4.32467,3.59843,-3.58346,0.236814
2565,4.4684,-4.32467,3.6045,-3.58949,0.236911
2566,4.1684,-4.02467,3.60979,-3.59475,0.237054
2567,4.1684,-4.02467,3.60921,-3.59414,0.237213
2568,4.19544,-4.04968,3.60906,-3.59397,0.237346
2569,4.19544,-4.04968,3.6097,-3.59456,0.237461
2570,4.49544,-4.34968,3.61048,-3.59529,0.237567
2571,4.49544,-4.34968,3.61668,-3.60146,0.23768
2572,4.19544,-4.04968,3.62212,-3.60687,0.237837
2573,4.19544,-4.04968,3.6217,-3.60641,0.238011
2574,3.92564,-4.07232,3.62171,-3.60641,0.238157
2575,3.92564,-4.07232,3.61725,-3.60711,0.238279
2576,4.22564,-4.37232,3.61378,-3.60795,0.238367
2577,4.22564,-4.37232,3.6164,-3.61415,0.238445
2578,4.18881,-4.07232,3.61877,-3.6195,0.238555
2579,4.18881,-4.07232,3.62035,-3.61889,0.238679
2580,4.24437,-4.09229,3.62193,-3.61865,0.238791
2581,4.24437,-4.09229,3.62447,-3.61904,0.238896
2582,4.54437,-4.39229,3.62682,-3.61961,0.239002
2583,4.54437,-4.39229,3.63433,-3.62563,0.239122
2584,4.24437,-4.09229,3.64088,-3.63094,0.239291
2585,4.24437,-4.09229,3.6414,-3.63043,0.239479
2586,4.28596,-3.82143,3.64224,-3.63041,0.239642
2587,4.28596,-3.82143,3.64402,-3.62594,0.239783
2588,4.58596,-4.12143,3.6458,-3.62252,0.239892
2589,4.58596,-4.12143,3.65282,-3.62521,0.239994
2590,4.28596,-4.08547,3.65892,-3.6277,0.240128
2591,4.28596,-4.08547,3.65898,-3.62945,0.240277
2592,3.99533,-3.84934,3.65936,-3.63123,0.240416
2593,3.99533,-3.84934,3.65482,-3.62882,0.240533
2594,4.29533,-4.14934,3.65128,-3.62705,0.240603
2595,4.29533,-4.14934,3.65378,-3.63102,0.240652
2596,4.25088,-4.13565,3.65598,-3.63446,0.240726
2597,4.25088,-4.13565,3.6572,-3.63725,0.240815
2598,4.01134,-4.18633,3.65842,-3.63977,0.240912
2599,4.01134,-4.18633,3.65541,-3.64299,0.241009
2600,4.31134,-4.48633,3.65311,-3.64587,0.241095
2601,4.31134,-4.48633,3.65669,-3.65378,0.241186
2602,4.01134,-4.18633,3.65991,-3.66058,0.24132
2603,4.01134,-4.18633,3.65758,-3.66124,0.241469
2604,4.31134,-4.20857,3.65596,-3.66211,0.241591
2605,4.31134,-4.20857,3.66018,-3.66348,0.241701
2606,4.61134,-4.50857,3.66395,-3.66487,0.241823
2607,4.61134,-4.50857,3.67268,-3.67162,0.241968
2608,4.31134,-4.20857,3.68029,-3.6776,0.242167
2609,4.31134,-4.20857,3.68178,-3.67772,0.24239
2610,4.37745,-4.2065,3.6835,-3.6783,0.242592
2611,4.37745,-4.2065,3.68654,-3.67918,0.24278
2612,4.67745,-4.5065,3.68948,-3.68033,0.242961
2613,4.67745,-4.5065,3.69764,-3.687,0.243153
2614,4.37745,-4.2065,3.70488,-3.693,0.243389
2615,4.37745,-4.2065,3.70614,-3.69323,0.243643
2616,4.07745,-3.92545,3.70773,-3.69396,0.243871
2617,4.07745,-3.92545,3.70424,-3.69009,0.244066
2618,4.37745,-4.22545,3.70173,-3.68726,0.2442
2619,4.37745,-4.22545,3.70522,-3.69049,0.244306
2620,4.07745,-3.92545,3.70837,-3.69342,0.24443
2621,4.07745,-3.92545,3.70597,-3.69083,0.244552
2622,4.0723,-3.94378,3.70421,-3.68892,0.244635
2623,4.0723,-3.94378,3.70282,-3.68782,0.244689
2624,4.3723,-4.24378,3.70177,-3.68701,0.244725
2625,4.3723,-4.24378,3.70629,-3.69173,0.244761
2626,4.0723,-3.94378,3.71014,-3.69575,0.244837
2627,4.0723,-3.94378,3.70823,-3.69398,0.244925
2628,4.1235,-4.24378,3.70681,-3.69268,0.244985
2629,4.1235,-4.24378,3.70666,-3.69702,0.245032
2630,4.4235,-4.54378,3.70665,-3.70076,0.245093
2631,4.4235,-4.54378,3.71209,-3.70932,0.245178
2632,4.1235,-4.24378,3.71684,-3.71666,0.245318
2633,4.1235,-4.24378,3.71581,-3.7178,0.245482
2634,4.16224,-4.01147,3.71531,-3.71909,0.245626
2635,4.16224,-4.01147,3.71589,-3.71637,0.24575
2636,4.46224,-4.31147,3.71663,-3.71436,0.245847
2637,4.46224,-4.31147,3.72276,-3.7182,0.24594
2638,4.16224,-4.01147,3.72809,-3.72163,0.246068
2639,4.16224,-4.01147,3.72752,-3.71947,0.246207
2640,4.1879,-4.00666,3.72732,-3.71796,0.246314
2641,4.1879,-4.00666,3.72784,-3.71684,0.2464
2642,4.4879,-4.30666,3.72846,-3.71609,0.246472
2643,4.4879,-4.30666,3.73443,-3.72093,0.246547
2644,4.1879,-4.00666,3.73959,-3.72515,0.246665
2645,4.1879,-4.00666,3.73886,-3.72363,0.246797
2646,4.20589,-4.05153,3.73852,-3.72264,0.246901
2647,4.20589,-4.05153,3.73878,-3.72283,0.246986
2648,4.50589,-4.35153,3.73917,-3.72317,0.247063
2649,4.50589,-4.35153,3.74498,-3.72893,0.247147
2650,4.20589,-4.05153,3.75002,-3.73394,0.247275
2651,4.20589,-4.05153,3.74922,-3.7331,0.247419
2652,4.22683,-4.08683,3.74885,-3.7327,0.247537
2653,4.22683,-4.08683,3.74916,-3.73325,0.247637
2654,4.52683,-4.38683,3.74964,-3.73392,0.247728
2655,4.52683,-4.38683,3.75554,-3.73998,0.247827
2656,4.22683,-4.08683,3.76069,-3.74527,0.24797
2657,4.22683,-4.08683,3.76002,-3.7447,0.248129
2658,4.24673,-4.10773,3.75979,-3.74457,0.248261
2659,4.24673,-4.10773,3.76023,-3.7451,0.248375
2660,4.54673,-4.40773,3.76084,-3.7458,0.248479
2661,4.54673,-4.40773,3.76688,-3.75191,0.24859
2662,4.24673,-4.10773,3.77218,-3.75726,0.248743
2663,4.24673,-4.10773,3.77165,-3.75677,0.248913
2664,4.26705,-3.83319,3.77156,-3.75673,0.249056
2665,4.26705,-3.83319,3.77215,-3.75214,0.249173
2666,4.56705,-4.13319,3.77289,-3.74855,0.249256
2667,4.56705,-4.13319,3.77897,-3.75104,0.249329
2668,4.26705,-4.0928,3.78421,-3.7533,0.249433
2669,4.26705,-4.0928,3.78351,-3.75471,0.249551
2670,4.28404,-4.14768,3.78318,-3.75613,0.249656
2671,4.28404,-4.14768,3.78344,-3.75852,0.249755
2672,4.58404,-4.44768,3.78387,-3.76072,0.249853
2673,4.58404,-4.44768,3.78975,-3.76807,0.249965
2674,4.28404,-4.14768,3.79492,-3.77447,0.250125
2675,4.28404,-4.14768,3.7943,-3.77487,0.250305
2676,4.30207,-4.18618,3.79416,-3.77559,0.25046
2677,4.30207,-4.18618,3.7947,-3.77719,0.250599
2678,4.60207,-4.48618,3.79545,-3.77883,0.25073
2679,4.60207,-4.48618,3.80166,-3.78579,0.250869
2680,4.30207,-4.18618,3.80717,-3.79191,0.251053
2681,4.30207,-4.18618,3.80687,-3.79213,0.251253
2682,4.02893,-4.18649,3.80706,-3.79274,0.251426
2683,4.02893,-4.18649,3.80276,-3.79362,0.251574
2684,4.32894,-4.48649,3.79948,-3.79467,0.251687
2685,4.32894,-4.48649,3.80229,-3.80107,0.251788
2686,4.28643,-4.18649,3.80487,-3.80664,0.25192
2687,4.28643,-4.18649,3.80658,-3.80628,0.252065
2688,4.04784,-4.19135,3.80831,-3.80629,0.252197
2689,4.04784,-4.19135,3.80582,-3.80668,0.252315
2690,4.34784,-4.49135,3.80399,-3.80725,0.252407
2691,4.34784,-4.49135,3.80797,-3.81321,0.252496
2692,4.04784,-4.19135,3.81149,-3.81839,0.25262
2693,4.04784,-4.19135,3.80942,-3.81769,0.252754
2694,4.08809,-3.91235,3.80797,-3.81739,0.252858
2695,4.08809,-3.91235,3.80769,-3.81243,0.252934
2696,4.38809,-4.21235,3.80761,-3.80845,0.252976
2697,4.38809,-4.21235,3.81291,-3.81051,0.253007
2698,4.08809,-3.91235,3.81742,-3.81231,0.253069
2699,4.08809,-3.91235,3.81602,-3.80866,0.253138
2700,4.38809,-3.93721,3.81499,-3.80576,0.253174
2701,4.38809,-3.93721,3.81949,-3.80385,0.253195
2702,4.68809,-4.23721,3.82329,-3.80231,0.253225
2703,4.68809,-4.23721,3.83182,-3.8064,0.253277
2704,4.38809,-4.22283,3.83907,-3.80995,0.253381
2705,4.38809,-4.22283,3.84006,-3.81291,0.253515
2706,4.13134,-4.00056,3.84118,-3.81567,0.253651
2707,4.13134,-4.00056,3.83788,-3.81434,0.253776
2708,4.43134,-4.30056,3.83538,-3.81348,0.253862
2709,4.43134,-4.30056,3.83878,-3.81824,0.253935
2710,4.13134,-4.00056,3.84179,-3.82239,0.254038
2711,4.13134,-4.00056,3.83923,-3.82078,0.254146
2712,4.12366,-4.02318,3.83732,-3.81966,0.254221
2713,4.12366,-4.02318,3.83575,-3.81928,0.254272
2714,4.42366,-4.32318,3.83455,-3.81906,0.254307
2715,4.42366,-4.32318,3.83891,-3.82425,0.254345
2716,4.12366,-4.02318,3.84265,-3.82868,0.254423
2717,4.12366,-4.02318,3.84066,-3.82726,0.254515
2718,4.17082,-4.05293,3.83919,-3.82626,0.25458
2719,4.17082,-4.05293,3.83893,-3.82608,0.254625
2720,4.47082,-4.35293,3.83881,-3.82604,0.254663
2721,4.47082,-4.35293,3.84408,-3.83137,0.254709
2722,4.17082,-4.31469,3.8486,-3.83594,0.2548
2723,4.17082,-4.31469,3.84729,-3.83929,0.254913
2724,4.20602,-4.07695,3.84644,-3.84233,0.255022
2725,4.20602,-4.07695,3.8466,-3.8409,0.255122
2726,4.50602,-4.37695,3.84693,-3.83991,0.255202
2727,4.50602,-4.37695,3.85268,-3.84456,0.255283
2728,4.20602,-4.07695,3.85767,-3.84863,0.255403
2729,4.20602,-4.07695,3.85681,-3.84701,0.255536
2730,4.22957,-4.08486,3.85636,-3.84593,0.25564
2731,4.22957,-4.08486,3.85663,-3.84539,0.255723
2732,4.52957,-4.38486,3.85703,-3.84512,0.255795
2733,4.52957,-4.38486,3.86281,-3.85035,0.255871
2734,4.22957,-4.08486,3.86781,-3.85489,0.25599
2735,4.22957,-4.08486,3.86696,-3.85366,0.256125
2736,3.95518,-3.82206,3.86654,-3.85291,0.256231
2737,3.95518,-3.82206,3.86157,-3.84788,0.256306
2738,4.25518,-4.12206,3.85756,-3.84381,0.256323
2739,4.25518,-4.12206,3.85953,-3.84574,0.256314
2740,4.21391,-4.08566,3.86116,-3.84734,0.256325
2741,4.21391,-4.08566,3.86183,-3.84806,0.256348
2742,4.27038,-4.14467,3.86243,-3.84871,0.256374
2743,4.27038,-4.14467,3.86399,-3.85035,0.256406
2744,4.57038,-4.44467,3.86537,-3.8518,0.256448
2745,4.57038,-4.44467,3.8719,-3.8584,0.256513
2746,4.27038,-4.14467,3.87752,-3.86406,0.256631
2747,4.27038,-4.14467,3.87719,-3.86377,0.256773
2748,4.31154,-4.18683,3.87721,-3.86383,0.256894
2749,4.31154,-4.18683,3.87821,-3.86488,0.257001
2750,4.61154,-4.48683,3.87928,-3.86598,0.257104
2751,4.61154,-4.48683,3.88569,-3.87243,0.257218
2752,4.31154,-4.18683,3.8913,-3.87807,0.257377
2753,4.31154,-4.18683,3.89106,-3.87784,0.257555
2754,4.31808,-4.19122,3.89123,-3.87803,0.257708
2755,4.31808,-4.19122,3.89182,-3.8786,0.257842
2756,4.61808,-4.49122,3.8926,-3.87936,0.257964
2757,4.61808,-4.49122,3.8988,-3.88555,0.258092
2758,4.31808,-4.19122,3.90427,-3.891,0.258262
2759,4.31808,-4.19122,3.90393,-3.89065,0.258447
2760,4.32605,-4.19955,3.90403,-3.89075,0.258604
2761,4.32605,-4.19955,3.9046,-3.89132,0.258742
2762,4.62605,-4.49955,3.90537,-3.89208,0.258868
2763,4.62605,-4.49955,3.91157,-3.89829,0.258998
2764,4.32605,-4.19955,3.91705,-3.90376,0.25917
2765,4.32605,-4.19955,3.91671,-3.90343,0.259358
2766,4.04249,-3.91723,3.91684,-3.90355,0.259517
2767,4.04249,-3.91723,3.91228,-3.89902,0.259643
2768,4.34249,-4.21723,3.90873,-3.89548,0.25971
2769,4.34249,-4.21723,3.91119,-3.89795,0.259749
2770,4.04249,-4.1716,3.91333,-3.90011,0.259805
2771,4.04249,-4.1716,3.90995,-3.90123,0.259867
2772,4.33689,-3.93312,3.90727,-3.90229,0.25991
2773,4.33689,-3.93312,3.91032,-3.89905,0.259941
2774,4.63689,-4.23312,3.91291,-3.89642,0.259966
2775,4.63689,-4.23312,3.92042,-3.89958,0.260003
2776,4.33689,-4.21215,3.92677,-3.90231,0.260085
2777,4.33689,-4.21215,3.92698,-3.90442,0.260192
2778,4.38678,-3.97355,3.92738,-3.90641,0.260296
2779,4.38678,-3.97355,3.92883,-3.90409,0.260393
2780,4.68678,-4.27355,3.93023,-3.90237,0.260474
2781,4.68678,-4.27355,3.93686,-3.90639,0.260556
2782,4.38678,-4.24629,3.94258,-3.90994,0.260678
2783,4.38678,-4.24629,3.94234,-3.91271,0.260821
2784,4.09039,-4.00201,3.94246,-3.91532,0.260956
2785,4.09039,-4.00201,3.93763,-3.91349,0.261074
2786,4.39039,-4.30201,3.93384,-3.9122,0.261145
2787,4.39039,-4.30201,3.93611,-3.91654,0.261197
2788,4.09039,-4.00201,3.93813,-3.92029,0.261273
2789,4.09039,-4.00201,3.93471,-3.9183,0.261352
2790,4.37914,-4.29795,3.93201,-3.9168,0.261396
2791,4.37914,-4.29795,3.93494,-3.92085,0.261427
2792,4.67914,-4.59795,3.93746,-3.9243,0.261488
2793,4.67914,-4.59795,3.94499,-3.93261,0.261583
2794,4.37914,-4.29795,3.9515,-3.93977,0.261741
2795,4.37914,-4.29795,3.95201,-3.94083,0.261928
2796,4.13794,-4.32267,3.95285,-3.94211,0.262099
2797,4.13794,-4.32267,3.94966,-3.94398,0.262252
2798,4.43794,-4.62267,3.94734,-3.94586,0.262379
2799,4.43794,-4.62267,3.95095,-3.95298,0.262501
2800,4.13794,-4.32267,3.95425,-3.95919,0.262658
2801,4.13794,-4.32267,3.95208,-3.95944,0.262825
2802,4.13717,-4.02267,3.95062,-3.96,0.262961
2803,4.13717,-4.02267,3.94969,-3.95548,0.263068
2804,4.43717,-4.32267,3.94912,-3.95192,0.263135
2805,4.43717,-4.32267,3.95406,-3.95437,0.263188
2806,4.13717,-4.02267,3.95831,-3.95655,0.263269
2807,4.13717,-4.02267,3.95675,-3.95327,0.263356
2808,4.17624,-4.01867,3.95562,-3.95071,0.263408
2809,4.17624,-4.01867,3.95548,-3.94861,0.263437
2810,4.47624,-4.31867,3.95541,-3.94692,0.263452
2811,4.47624,-4.31867,3.96066,-3.95082,0.26347
2812,4.17624,-4.01867,3.9651,-3.95414,0.26353
2813,4.17624,-4.01867,3.96366,-3.95176,0.263604
2814,4.47624,-4.07335,3.9626,-3.94993,0.26365
2815,4.47624,-4.07335,3.9671,-3.94946,0.263685
2816,4.77624,-4.37335,3.97093,-3.94915,0.263734
2817,4.77624,-4.37335,3.97951,-3.9543,0.263808
2818,4.47624,-4.07335,3.98685,-3.95878,0.263937
2819,4.47624,-4.07335,3.98799,-3.95754,0.264092
2820,4.2002,-4.11103,3.98926,-3.95683,0.264225
2821,4.2002,-4.11103,3.98575,-3.95719,0.264338
2822,4.5002,-4.41103,3.98306,-3.95773,0.264421
2823,4.5002,-4.41103,3.98628,-3.96362,0.264497
2824,4.2002,-4.11103,3.98914,-3.96872,0.264607
2825,4.2002,-4.11103,3.9865,-3.96794,0.264726
2826,4.18762,-4.1313,3.98455,-3.96753,0.264812
2827,4.18762,-4.1313,3.98288,-3.96772,0.264877
2828,4.48762,-4.4313,3.98162,-3.96802,0.264926
2829,4.48762,-4.4313,3.98596,-3.97365,0.264978
2830,4.18762,-4.1313,3.98971,-3.97847,0.265071
2831,4.18762,-4.1313,3.98777,-3.97743,0.265178
2832,4.23035,-4.14286,3.98638,-3.97678,0.265256
2833,4.23035,-4.14286,3.98614,-3.97661,0.265316
2834,4.53035,-4.44286,3.98606,-3.97659,0.265367
2835,4.53035,-4.44286,3.99138,-3.98197,0.265424
2836,4.23035,-4.14286,3.99597,-3.98659,0.265525
2837,4.23035,-4.14286,3.99474,-3.9854,0.265641
2838,3.96799,-4.15758,3.99397,-3.98465,0.265731
2839,3.96799,-4.15758,3.98889,-3.98448,0.265797
2840,4.26799,-4.45758,3.98479,-3.98446,0.265828
2841,4.26799,-4.45758,3.98672,-3.98977,0.265851
2842,4.22572,-4.15758,3.98839,-3.99426,0.265904
2843,4.22572,-4.15758,3.98916,-3.99286,0.265972
2844,4.28423,-4.17506,3.98995,-3.99183,0.266028
2845,4.28423,-4.17506,3.99176,-3.9914,0.266077
2846,4.58423,-4.47506,3.99337,-3.99115,0.266126
2847,4.58423,-4.47506,4.0001,-3.99633,0.266189
2848,4.28423,-4.17506,4.00587,-4.00081,0.266301
2849,4.28423,-4.17506,4.00566,-3.99953,0.266432
2850,4.32,-3.90194,4.00576,-3.99874,0.266539
2851,4.32,-3.90194,4.0067,-3.99351,0.266624
2852,4.62,-4.20194,4.00765,-3.98932,0.266676
2853,4.62,-4.20194,4.01382,-3.99121,0.266721
2854,4.32,-4.16025,4.01908,-3.9929,0.266798
2855,4.32,-4.16025,4.01836,-3.99377,0.26689
2856,4.31973,-4.2193,4.01795,-3.99468,0.26697
2857,4.31973,-4.2193,4.01779,-3.99665,0.267044
2858,4.61973,-4.5193,4.01781,-3.99846,0.267116
2859,4.61973,-4.5193,4.02327,-4.0054,0.267202
2860,4.31973,-4.2193,4.02803,-4.01139,0.267336
2861,4.31973,-4.2193,4.02703,-4.01142,0.267488
2862,4.03443,-3.96328,4.02652,-4.01177,0.267616
2863,4.03443,-3.96328,4.02136,-4.00782,0.267714
2864,4.33443,-4.26328,4.01724,-4.00472,0.267756
2865,4.33443,-4.26328,4.01915,-4.00749,0.267772
2866,4.2899,-4.20813,4.0208,-4.00984,0.267808
2867,4.2899,-4.20813,4.02147,-4.01091,0.267856
2868,4.05545,-4.25722,4.02214,-4.01191,0.267906
2869,4.05545,-4.25722,4.01868,-4.01372,0.267953
2870,4.35545,-4.55722,4.0159,-4.01532,0.267986
2871,4.35545,-4.55722,4.01893,-4.022,0.268024
2872,4.33395,-4.25722,4.02156,-4.02766,0.268102
2873,4.33395,-4.25722,4.02356,-4.02729,0.268202
2874,4.09776,-4.28551,4.02545,-4.0272,0.268297
2875,4.09776,-4.28551,4.02307,-4.02783,0.268382
2876,4.39776,-4.58551,4.02127,-4.02853,0.268448
2877,4.39776,-4.58551,4.02518,-4.03453,0.268515
2878,4.3678,-4.28551,4.02861,-4.03969,0.268619
2879,4.3678,-4.28551,4.03119,-4.03895,0.268743
2880,4.12298,-3.99217,4.0336,-4.03862,0.26886
2881,4.12298,-3.99217,4.03156,-4.03343,0.268958
2882,4.42298,-4.29217,4.03004,-4.02931,0.269009
2883,4.42298,-4.29217,4.03415,-4.03124,0.269041
2884,4.38623,-3.99217,4.03766,-4.03293,0.269097
2885,4.38623,-3.99217,4.04006,-4.0292,0.269163
2886,4.13692,-4.28716,4.0422,-4.02624,0.269213
2887,4.13692,-4.28716,4.0397,-4.02906,0.269255
2888,4.43692,-4.58716,4.03771,-4.0315,0.269292
2889,4.43692,-4.58716,4.04141,-4.03888,0.269341
2890,4.39808,-4.28716,4.04463,-4.04516,0.269436
2891,4.39808,-4.28716,4.04685,-4.04535,0.269555
2892,4.15018,-4.33814,4.04896,-4.04576,0.26967
2893,4.15018,-4.33814,4.04662,-4.04726,0.269778
2894,4.45018,-4.63814,4.04489,-4.04873,0.269867
2895,4.45018,-4.63814,4.04892,-4.05541,0.269958
2896,4.41365,-4.33814,4.05249,-4.0612,0.270087
2897,4.41365,-4.33814,4.05513,-4.06105,0.270236
2898,4.16709,-4.33015,4.05765,-4.06125,0.270377
2899,4.16709,-4.33015,4.05573,-4.06159,0.270507
2900,4.46709,-4.63015,4.05439,-4.06214,0.270612
2901,4.46709,-4.63015,4.05878,-4.06809,0.270713
2902,4.16709,-4.33015,4.06268,-4.07328,0.270851
2903,4.16709,-4.33015,4.06097,-4.07266,0.270999
2904,4.18051,-4.03723,4.05986,-4.07245,0.271117
2905,4.18051,-4.03723,4.05941,-4.06738,0.271206
2906,4.48051,-4.33723,4.05922,-4.06333,0.271258
2907,4.48051,-4.33723,4.06443,-4.06533,0.271296
2908,4.43998,-4.03723,4.06886,-4.0671,0.271364
2909,4.43998,-4.03723,4.07201,-4.06346,0.271445
2910,4.20335,-4.05203,4.07479,-4.06061,0.271512
2911,4.20335,-4.05203,4.0731,-4.05864,0.271565
2912,4.50335,-4.35203,4.07179,-4.0571,0.271594
2913,4.50335,-4.35203,4.07603,-4.06114,0.27162
2914,4.20335,-4.32945,4.07963,-4.06458,0.271681
2915,4.20335,-4.32945,4.07751,-4.0672,0.27176
2916,4.2055,-4.10534,4.07592,-4.06956,0.271832
2917,4.2055,-4.10534,4.07478,-4.06773,0.271892
2918,4.5055,-4.40534,4.07396,-4.06633,0.27193
2919,4.5055,-4.40534,4.07862,-4.07051,0.271967
2920,4.2055,-4.10534,4.0826,-4.0741,0.272041
2921,4.2055,-4.10534,4.08083,-4.07199,0.272127
2922,4.5055,-4.12102,4.07952,-4.07041,0.272183
2923,4.5055,-4.12102,4.08382,-4.06948,0.272226
2924,4.8055,-4.42102,4.08749,-4.06881,0.272279
2925,4.8055,-4.42102,4.09594,-4.07364,0.272354
2926,4.5055,-4.12102,4.10316,-4.07786,0.272481
2927,4.5055,-4.12102,4.10422,-4.07641,0.272632
2928,4.23673,-4.42102,4.10541,-4.07552,0.272762
2929,4.23673,-4.42102,4.10197,-4.08033,0.272876
2930,4.53673,-4.72102,4.09935,-4.08458,0.272982
2931,4.53673,-4.72102,4.10267,-4.09361,0.273096
2932,4.23673,-4.42102,4.10571,-4.10141,0.273254
2933,4.23673,-4.42102,4.10334,-4.103,0.273428
2934,4.21958,-4.14869,4.10174,-4.10469,0.273575
2935,4.21958,-4.14869,4.10042,-4.10163,0.273697
2936,4.51959,-4.44869,4.09957,-4.09934,0.273782
2937,4.51959,-4.44869,4.10431,-4.10286,0.273856
2938,4.21958,-4.14869,4.10842,-4.10598,0.273958
2939,4.21958,-4.14869,4.10683,-4.10355,0.274068
2940,4.25797,-4.12438,4.10572,-4.10174,0.274144
2941,4.25797,-4.12438,4.10562,-4.09997,0.274196
2942,4.55797,-4.42438,4.10565,-4.0986,0.274233
2943,4.55797,-4.42438,4.11101,-4.1028,0.274273
2944,4.25797,-4.12438,4.11559,-4.10641,0.274352
2945,4.25797,-4.12438,4.11432,-4.10434,0.274446
2946,4.2786,-3.86811,4.11346,-4.10281,0.274512
2947,4.2786,-3.86811,4.11324,-4.09717,0.274553
2948,4.5786,-4.16811,4.11313,-4.09255,0.27456
2949,4.5786,-4.16811,4.1183,-4.09397,0.274558
2950,4.2786,-4.13123,4.12262,-4.09517,0.274587
2951,4.2786,-4.13123,4.12102,-4.09559,0.274631
2952,4.29175,-4.19478,4.11979,-4.09604,0.274664
2953,4.29175,-4.19478,4.11906,-4.09759,0.27469
2954,4.59175,-4.49478,4.11851,-4.09895,0.274717
2955,4.59175,-4.49478,4.12338,-4.1054,0.274758
2956,4.29175,-4.19478,4.12755,-4.11089,0.274848
2957,4.29175,-4.19478,4.12598,-4.11041,0.274957
2958,4.01623,-4.23318,4.1249,-4.11024,0.275043
2959,4.01623,-4.23318,4.11934,-4.11095,0.275105
2960,4.31623,-4.53318,4.11484,-4.11166,0.275137
2961,4.31623,-4.53318,4.11641,-4.11757,0.27516
2962,4.2735,-4.23318,4.11779,-4.12257,0.275216
2963,4.2735,-4.23318,4.11833,-4.12159,0.275287
2964,4.33311,-4.23141,4.11892,-4.12093,0.275346
2965,4.33311,-4.23141,4.12059,-4.12048,0.275399
2966,4.63311,-4.53141,4.1221,-4.12022,0.27545
2967,4.63311,-4.53141,4.12873,-4.12538,0.275515
2968,4.33311,-4.23141,4.13441,-4.12985,0.275627
2969,4.33311,-4.23141,4.13416,-4.12857,0.275759
2970,4.0773,-3.94628,4.13422,-4.12778,0.275865
2971,4.0773,-3.94628,4.13,-4.12235,0.275942
2972,4.3773,-4.24628,4.12664,-4.11797,0.275963
2973,4.3773,-4.24628,4.12912,-4.1196,0.275959
2974,4.32069,-4.20096,4.13118,-4.12097,0.275974
2975,4.32069,-4.20096,4.13195,-4.12135,0.276002
2976,4.37046,-4.25922,4.13266,-4.12173,0.276031
2977,4.37046,-4.25922,4.13418,-4.12314,0.276064
2978,4.67046,-4.55922,4.13553,-4.12439,0.276107
2979,4.67046,-4.55922,4.14201,-4.13079,0.27617
2980,4.37046,-4.25922,4.14758,-4.13629,0.276287
2981,4.37046,-4.25922,4.14723,-4.13589,0.276426
2982,4.3986,-4.00307,4.14724,-4.13585,0.276544
2983,4.3986,-4.00307,4.14798,-4.13157,0.27664
2984,4.6986,-4.30307,4.1488,-4.12821,0.276707
2985,4.6986,-4.30307,4.15488,-4.13081,0.276768
2986,4.3986,-4.24793,4.16009,-4.13312,0.276862
2987,4.3986,-4.24793,4.15939,-4.13431,0.27697
2988,4.10223,-4.29903,4.15904,-4.13553,0.277067
2989,4.10223,-4.29903,4.15376,-4.13764,0.277149
2990,4.40223,-4.59903,4.14954,-4.13957,0.277206
2991,4.40223,-4.59903,4.1514,-4.14656,0.277258
2992,4.34872,-4.29903,4.15308,-4.1525,0.277346
2993,4.34872,-4.29903,4.15375,-4.1524,0.27745
2994,4.11201,-4.32295,4.15453,-4.15254,0.277543
2995,4.11201,-4.32295,4.15124,-4.15327,0.277623
2996,4.41201,-4.62295,4.14865,-4.15405,0.27768
2997,4.41201,-4.62295,4.15188,-4.16007,0.277735
2998,4.38735,-4.32295,4.15472,-4.16523,0.277827
2999,4.38735,-4.32295,4.15686,-4.16448,0.277938
3000,4.14964,-4.02295,4.15888,-4.1641,0.27804
3001,4.14964,-4.02295,4.15662,-4.15874,0.278124
3002,4.44964,-4.32295,4.1549,-4.15444,0.278161
3003,4.44964,-4.32295,4.15879,-4.15618,0.278178
3004,4.41402,-4.26838,4.16207,-4.15769,0.27822
3005,4.41402,-4.26838,4.16429,-4.15808,0.278278
3006,4.16704,-4.03154,4.16626,-4.15855,0.27834
3007,4.16704,-4.03154,4.16371,-4.15492,0.278394
3008,4.46704,-4.33154,4.16169,-4.15199,0.278411
3009,4.46704,-4.33154,4.16529,-4.15484,0.278417
3010,4.42684,-4.30756,4.16831,-4.15725,0.278453
3011,4.42684,-4.30756,4.17022,-4.15892,0.278508
3012,4.17946,-4.07155,4.17194,-4.16044,0.278573
3013,4.17946,-4.07155,4.16917,-4.15772,0.278634
3014,4.47946,-4.37155,4.16699,-4.15556,0.27866
3015,4.47946,-4.37155,4.17047,-4.15907,0.278677
3016,4.44011,-4.33874,4.17343,-4.16205,0.278724
3017,4.44011,-4.33874,4.17532,-4.16407,0.278792
3018,4.19474,-4.09497,4.17704,-4.16591,0.27887
3019,4.19474,-4.09497,4.17436,-4.16334,0.278942
3020,4.49474,-4.39497,4.17226,-4.16135,0.27898
3021,4.49474,-4.39497,4.17584,-4.16501,0.279008
3022,4.19474,-4.09497,4.17891,-4.16814,0.279067
3023,4.19474,-4.09497,4.17634,-4.16564,0.279133
3024,4.49397,-4.39405,4.17433,-4.16367,0.279167
3025,4.49397,-4.39405,4.17796,-4.16734,0.279191
3026,4.79397,-4.69405,4.18106,-4.17047,0.279247
3027,4.79397,-4.69405,4.18903,-4.17847,0.279339
3028,4.49397,-4.39405,4.1959,-4.18537,0.279494
3029,4.49397,-4.39405,4.19674,-4.18622,0.279681
3030,4.22659,-4.41735,4.19784,-4.18734,0.279851
3031,4.22659,-4.41735,4.19444,-4.18904,0.280003
3032,4.52659,-4.71735,4.19194,-4.19078,0.280128
3033,4.52659,-4.71735,4.19537,-4.19775,0.280246
3034,4.45846,-4.41735,4.19851,-4.20383,0.280399
3035,4.45846,-4.41735,4.20028,-4.20399,0.280566
3036,4.20932,-4.11735,4.20211,-4.20448,0.280721
3037,4.20932,-4.11735,4.19962,-4.19997,0.280853
3038,4.50932,-4.41735,4.1978,-4.19649,0.280935
3039,4.50932,-4.41735,4.2017,-4.199,0.280995
3040,4.20932,-4.11735,4.20509,-4.20123,0.281077
3041,4.20932,-4.11735,4.20285,-4.19803,0.281162
3042,4.22801,-4.39196,4.20115,-4.19553,0.281209
3043,4.22801,-4.39196,4.20016,-4.19835,0.281237
3044,4.52801,-4.69196,4.19939,-4.20076,0.28127
3045,4.52801,-4.69196,4.20409,-4.20809,0.281321
3046,4.22801,-4.39196,4.20814,-4.21434,0.281422
3047,4.22801,-4.39196,4.2065,-4.21453,0.281545
3048,4.25498,-4.13751,4.20539,-4.21495,0.281644
3049,4.25498,-4.13751,4.20516,-4.21105,0.281722
3050,4.55498,-4.43751,4.20511,-4.20796,0.28177
3051,4.55498,-4.43751,4.21042,-4.21074,0.281811
3052,4.25498,-4.13751,4.21495,-4.21316,0.281885
3053,4.25498,-4.13751,4.21365,-4.2101,0.281969
3054,4.55383,-4.13132,4.21273,-4.20772,0.28202
3055,4.55383,-4.13132,4.21729,-4.20572,0.282056
3056,4.85383,-4.43132,4.22118,-4.20415,0.282099
3057,4.85383,-4.43132,4.22976,-4.2082,0.282162
3058,4.55383,-4.13132,4.23708,-4.21173,0.282277
3059,4.55383,-4.13132,4.23819,-4.2097,0.282414
3060,4.26628,-4.17259,4.2394,-4.2083,0.282528
3061,4.26628,-4.17259,4.23562,-4.2081,0.282621
3062,4.56628,-4.47259,4.23266,-4.20812,0.282683
3063,4.56628,-4.47259,4.23557,-4.21351,0.282736
3064,4.26628,-4.17259,4.23813,-4.21814,0.282822
3065,4.26628,-4.17259,4.23522,-4.21694,0.282917
3066,4.24544,-4.19692,4.23299,-4.21613,0.28298
3067,4.24544,-4.19692,4.23089,-4.21601,0.28302
3068,4.54544,-4.49692,4.22922,-4.21599,0.283045
3069,4.54544,-4.49692,4.23313,-4.22127,0.283072
3070,4.24544,-4.19692,4.23647,-4.22575,0.283139
3071,4.24544,-4.19692,4.23416,-4.2244,0.283221
3072,4.28344,-4.20666,4.23241,-4.22343,0.283274
3073,4.28344,-4.20666,4.23172,-4.22291,0.283309
3074,4.58344,-4.50666,4.23122,-4.22254,0.283333
3075,4.58344,-4.50666,4.2361,-4.22753,0.283364
3076,4.28344,-4.20666,4.24025,-4.23178,0.283438
3077,4.28344,-4.20666,4.23865,-4.23025,0.283528
3078,4.30964,-4.21719,4.23749,-4.22916,0.283591
3079,4.30964,-4.21719,4.23712,-4.22857,0.283637
3080,4.60964,-4.51719,4.2369,-4.22816,0.283671
3081,4.60964,-4.51719,4.24204,-4.23315,0.283713
3082,4.30964,-4.21719,4.24643,-4.23742,0.283796
3083,4.30964,-4.21719,4.24505,-4.23593,0.283896
3084,4.32422,-4.23036,4.2441,-4.23489,0.283969
3085,4.32422,-4.23036,4.24371,-4.23441,0.284024
3086,4.62422,-4.53036,4.2435,-4.23412,0.284068
3087,4.62422,-4.53036,4.24867,-4.23922,0.284117
3088,4.32422,-4.23036,4.25311,-4.2436,0.284209
3089,4.32422,-4.23036,4.25178,-4.24222,0.284316
3090,4.33715,-4.24389,4.25089,-4.24129,0.284396
3091,4.33715,-4.24389,4.25054,-4.24092,0.284458
3092,4.63715,-4.54389,4.25038,-4.24074,0.284509
3093,4.63715,-4.54389,4.2556,-4.24595,0.284565
3094,4.33715,-4.24389,4.2601,-4.25044,0.284663
3095,4.33715,-4.24389,4.25883,-4.24916,0.284777
3096,4.34733,-4.25536,4.258,-4.24833,0.284864
3097,4.34733,-4.25536,4.25768,-4.24801,0.284932
3098,4.64733,-4.55536,4.25755,-4.2479,0.284988
3099,4.64733,-4.55536,4.26281,-4.25317,0.28505
3100,4.34733,-4.25536,4.26735,-4.25772,0.285154
3101,4.34733,-4.25536,4.26613,-4.25651,0.285273
3102,4.35799,-4.26694,4.26536,-4.25575,0.285364
3103,4.35799,-4.26694,4.2651,-4.25551,0.285437
3104,4.65799,-4.56694,4.26504,-4.25546,0.285499
3105,4.65799,-4.56694,4.27036,-4.2608,0.285565
3106,4.35799,-4.26694,4.27496,-4.26542,0.285674
3107,4.35799,-4.26694,4.27381,-4.26427,0.285798
3108,4.07479,-4.27542,4.2731,-4.26357,0.285894
3109,4.07479,-4.27542,4.26776,-4.26334,0.285965
3110,4.37479,-4.57542,4.26346,-4.26329,0.286
3111,4.37479,-4.57542,4.26518,-4.26855,0.286024
3112,4.32377,-4.27542,4.26669,-4.273,0.286078
3113,4.32377,-4.27542,4.26718,-4.27159,0.286145
3114,4.37986,-4.28435,4.26774,-4.27056,0.286199
3115,4.37986,-4.28435,4.26929,-4.26997,0.286245
3116,4.67986,-4.58435,4.27068,-4.26958,0.286289
3117,4.67986,-4.58435,4.27719,-4.27459,0.286347
3118,4.37986,-4.28435,4.28275,-4.27893,0.286451
3119,4.37986,-4.28435,4.28239,-4.27754,0.286575
3120,4.41166,-4.29471,4.28235,-4.27665,0.286674
3121,4.41166,-4.29471,4.28309,-4.27629,0.286757
3122,4.71166,-4.59471,4.28387,-4.27617,0.286831
3123,4.71166,-4.59471,4.28993,-4.28148,0.286912
3124,4.41166,-4.29471,4.29518,-4.2861,0.287037
3125,4.41166,-4.29471,4.2946,-4.285,0.287177
3126,4.40462,-4.01413,4.29441,-4.28438,0.287292
3127,4.40462,-4.01413,4.29437,-4.2792,0.287381
3128,4.70462,-4.31413,4.29451,-4.27506,0.287433
3129,4.70462,-4.31413,4.29997,-4.27696,0.287474
3130,4.40462,-4.26315,4.30462,-4.27865,0.287544
3131,4.40462,-4.26315,4.30342,-4.27933,0.287627
3132,4.40324,-4.02742,4.3026,-4.28008,0.287696
3133,4.40324,-4.02742,4.30203,-4.27672,0.287751
3134,4.70324,-4.32742,4.30167,-4.27404,0.287779
3135,4.70324,-4.32742,4.30666,-4.2771,0.287804
3136,4.40324,-4.29933,4.31089,-4.27972,0.287863
3137,4.40324,-4.29933,4.30932,-4.28156,0.28794
3138,4.11868,-4.06189,4.30817,-4.28326,0.288008
3139,4.11868,-4.06189,4.30239,-4.28066,0.288057
3140,4.41868,-4.36189,4.29766,-4.27858,0.28806
3141,4.41868,-4.36189,4.29895,-4.28209,0.288044
3142,4.36906,-4.3236,4.30001,-4.28498,0.288054
3143,4.36906,-4.3236,4.30005,-4.28675,0.288078
3144,4.1363,-4.07878,4.30015,-4.28828,0.288108
3145,4.1363,-4.07878,4.29622,-4.28535,0.288131
3146,4.4363,-4.37878,4.29299,-4.28293,0.288118
3147,4.4363,-4.37878,4.2955,-4.28612,0.288094
3148,4.1363,-4.33736,4.29755,-4.28874,0.2881
3149,4.1363,-4.33736,4.29404,-4.29023,0.28812
3150,4.4363,-4.09197,4.29116,-4.2915,0.288127
3151,4.4363,-4.09197,4.29401,-4.28828,0.288127
3152,4.7363,-4.39197,4.29639,-4.28559,0.288126
3153,4.7363,-4.39197,4.3036,-4.2886,0.288137
3154,4.4363,-4.35187,4.30966,-4.29116,0.288195
3155,4.4363,-4.35187,4.30961,-4.29274,0.288278
3156,4.49645,-4.10926,4.30974,-4.29423,0.288358
3157,4.49645,-4.10926,4.31109,-4.29141,0.288431
3158,4.79645,-4.40926,4.31235,-4.28921,0.288487
3159,4.79645,-4.40926,4.31877,-4.29275,0.288545
3160,4.49645,-4.37073,4.32426,-4.29584,0.288643
3161,4.49645,-4.37073,4.32382,-4.29797,0.288761
3162,4.19645,-4.12624,4.32371,-4.30001,0.288872
3163,4.19645,-4.12624,4.31862,-4.29767,0.288964
3164,4.49645,-4.42624,4.31456,-4.2959,0.289009
3165,4.49645,-4.42624,4.3165,-4.29974,0.289034
3166,4.19645,-4.12624,4.31819,-4.30302,0.289084
3167,4.19645,-4.12624,4.31447,-4.30062,0.289136
3168,4.48142,-4.42104,4.31147,-4.29871,0.289153
3169,4.48142,-4.42104,4.31397,-4.3023,0.289158
3170,4.78142,-4.72104,4.31608,-4.30532,0.289191
3171,4.78142,-4.72104,4.32317,-4.31316,0.289258
3172,4.48142,-4.42104,4.32925,-4.31987,0.289387
3173,4.48142,-4.42104,4.32938,-4.32052,0.289546
3174,4.2307,-4.43849,4.32984,-4.32141,0.289687
3175,4.2307,-4.43849,4.32614,-4.32275,0.289811
3176,4.5307,-4.73849,4.32332,-4.32413,0.289908
3177,4.5307,-4.73849,4.32642,-4.33072,0.289999
3178,4.2307,-4.43849,4.32922,-4.33643,0.290124
3179,4.2307,-4.43849,4.3266,-4.33623,0.290259
3180,4.22203,-4.13849,4.3247,-4.33634,0.290363
3181,4.22203,-4.13849,4.32318,-4.33141,0.290437
3182,4.52203,-4.43849,4.32206,-4.32745,0.290471
3183,4.52203,-4.43849,4.32642,-4.32945,0.290491
3184,4.4837,-4.13849,4.33012,-4.33117,0.290538
3185,4.4837,-4.13849,4.33264,-4.32749,0.290597
3186,4.25147,-4.11949,4.33486,-4.32454,0.290642
3187,4.25147,-4.11949,4.33274,-4.32185,0.290673
3188,4.55147,-4.41949,4.33103,-4.31966,0.290676
3189,4.55147,-4.41949,4.33484,-4.32308,0.290675
3190,4.25147,-4.11949,4.33804,-4.32594,0.290708
3191,4.25147,-4.11949,4.33554,-4.32317,0.290751
3192,4.25599,-4.16701,4.33354,-4.32094,0.290764
3193,4.25599,-4.16701,4.33197,-4.31993,0.290756
3194,4.55599,-4.46701,4.33064,-4.31907,0.290737
3195,4.55599,-4.46701,4.33472,-4.32354,0.290724
3196,4.25599,-4.42742,4.33812,-4.32726,0.290754
3197,4.25599,-4.42742,4.33579,-4.32975,0.290805
3198,4.27942,-4.19619,4.33397,-4.33193,0.29085
3199,4.27942,-4.19619,4.33295,-4.32981,0.290887
3200,4.57942,-4.49619,4.33218,-4.3281,0.290903
3201,4.57942,-4.49619,4.3368,-4.33196,0.29092
3202,4.27942,-4.19619,4.3407,-4.33522,0.290975
3203,4.27942,-4.19619,4.33885,-4.33284,0.291042
3204,4.30122,-4.1983,4.33745,-4.33099,0.291081
3205,4.30122,-4.1983,4.33673,-4.32955,0.291099
3206,4.60122,-4.4983,4.33616,-4.3284,0.291105
3207,4.60122,-4.4983,4.34094,-4.33268,0.291116
3208,4.30122,-4.1983,4.34496,-4.33629,0.291169
3209,4.30122,-4.1983,4.34321,-4.3342,0.291237
3210,4.31504,-4.22053,4.34188,-4.33259,0.291277
3211,4.31504,-4.22053,4.3411,-4.33171,0.2913
3212,4.61504,-4.52053,4.34049,-4.33103,0.291311
3213,4.61504,-4.52053,4.34524,-4.33572,0.291329
3214,4.56393,-4.22053,4.34926,-4.33969,0.291389
3215,4.56393,-4.22053,4.35187,-4.3379,0.291471
3216,4.32517,-4.52053,4.35421,-4.3366,0.291547
3217,4.32517,-4.52053,4.35216,-4.34091,0.291618
3218,4.62517,-4.82053,4.35061,-4.34466,0.291691
3219,4.62517,-4.82053,4.35472,-4.35318,0.291779
3220,4.32517,-4.52053,4.35836,-4.3605,0.291915
3221,4.32517,-4.52053,4.35648,-4.36167,0.292072
3222,4.322,-4.23634,4.35525,-4.36297,0.292204
3223,4.322,-4.23634,4.35445,-4.35938,0.292313
3224,4.622,-4.53634,4.35401,-4.35662,0.292386
3225,4.622,-4.53634,4.35902,-4.3597,0.292449
3226,4.322,-4.23634,4.36335,-4.36242,0.292542
3227,4.322,-4.23634,4.36194,-4.35966,0.292642
3228,4.34092,-4.20924,4.36096,-4.35757,0.292709
3229,4.34092,-4.20924,4.36061,-4.3555,0.292753
3230,4.64092,-4.50924,4.36041,-4.35385,0.292779
3231,4.64092,-4.50924,4.36553,-4.35777,0.292808
3232,4.34092,-4.20924,4.36987,-4.36112,0.292875
3233,4.34092,-4.20924,4.36842,-4.35884,0.292956
3234,4.34902,-4.24327,4.36737,-4.3571,0.293008
3235,4.34902,-4.24327,4.36674,-4.35635,0.293042
3236,4.64902,-4.54327,4.36629,-4.3558,0.293065
3237,4.64902,-4.54327,4.37119,-4.36062,0.293094
3238,4.34902,-4.24327,4.37536,-4.36472,0.293165
3239,4.34902,-4.24327,4.37378,-4.36307,0.293252
3240,4.35581,-4.26399,4.37263,-4.36188,0.293312
3241,4.35581,-4.26399,4.37192,-4.36136,0.293354
3242,4.65581,-4.56399,4.37141,-4.36103,0.293385
3243,4.65581,-4.56399,4.37628,-4.36604,0.293421
3244,4.35581,-4.26399,4.38045,-4.37032,0.2935
3245,4.35581,-4.26399,4.37887,-4.36885,0.293594
3246,4.07403,-4.27499,4.37775,-4.36781,0.293662
3247,4.07403,-4.27499,4.37204,-4.36727,0.293704
3248,4.37403,-4.57499,4.36736,-4.3669,0.293711
3249,4.37403,-4.57499,4.3687,-4.37182,0.293707
3250,4.32311,-4.27499,4.36983,-4.37593,0.293733
3251,4.32311,-4.27499,4.36994,-4.37418,0.293773
3252,4.38235,-4.28286,4.37012,-4.37281,0.293799
3253,4.38235,-4.28286,4.37136,-4.37186,0.293818
3254,4.68235,-4.58286,4.37243,-4.37111,0.293836
3255,4.68235,-4.58286,4.37859,-4.37576,0.293867
3256,4.38235,-4.28286,4.38382,-4.37972,0.293946
3257,4.38235,-4.28286,4.38313,-4.37799,0.294043
3258,4.41326,-4.29433,4.38275,-4.37674,0.294116
3259,4.41326,-4.29433,4.38313,-4.37605,0.294173
3260,4.71326,-4.59433,4.38357,-4.3756,0.294221
3261,4.71326,-4.59433,4.38927,-4.38057,0.294277
3262,4.41326,-4.29433,4.39416,-4.38485,0.294376
3263,4.41326,-4.29433,4.39324,-4.38341,0.294491
3264,4.40671,-4.30588,4.39271,-4.38246,0.29458
3265,4.40671,-4.30588,4.39234,-4.38205,0.294651
3266,4.70671,-4.60588,4.39218,-4.38186,0.294708
3267,4.70671,-4.60588,4.39741,-4.38706,0.294771
3268,4.40671,-4.30588,4.40191,-4.39155,0.294874
3269,4.40671,-4.30588,4.40068,-4.3903,0.294993
3270,4.11322,-4.31527,4.3999,-4.3895,0.295084
3271,4.11322,-4.31527,4.39433,-4.38919,0.295149
3272,4.41322,-4.61527,4.38981,-4.38906,0.295178
3273,4.41322,-4.61527,4.39132,-4.39423,0.295195
3274,4.35895,-4.31527,4.39264,-4.39858,0.295242
3275,4.35895,-4.31527,4.39291,-4.39709,0.295301
3276,4.41583,-4.31945,4.39326,-4.39597,0.295346
3277,4.41583,-4.31945,4.39463,-4.39521,0.295383
3278,4.71583,-4.61945,4.39586,-4.39466,0.295418
3279,4.71583,-4.61945,4.40218,-4.39951,0.295466
3280,4.41583,-4.31945,4.40758,-4.40368,0.295561
3281,4.41583,-4.31945,4.40708,-4.40214,0.295674
3282,4.4455,-4.32659,4.40689,-4.4011,0.295763
3283,4.4455,-4.32659,4.40744,-4.40055,0.295835
3284,4.7455,-4.62659,4.40805,-4.40024,0.295898
3285,4.7455,-4.62659,4.41392,-4.40536,0.295968
3286,4.4455,-4.32659,4.41899,-4.40979,0.296081
3287,4.4455,-4.32659,4.41825,-4.40852,0.29621
3288,4.43579,-4.33667,4.4179,-4.40773,0.296313
3289,4.43579,-4.33667,4.41766,-4.40747,0.296397
3290,4.73579,-4.63667,4.41763,-4.40742,0.296467
3291,4.73579,-4.63667,4.42299,-4.41277,0.296542
3292,4.43579,-4.33667,4.42764,-4.41741,0.296658
3293,4.43579,-4.33667,4.42656,-4.41631,0.296788
3294,4.43249,-4.34211,4.42593,-4.41567,0.296892
3295,4.43249,-4.34211,4.42556,-4.41545,0.296975
3296,4.73249,-4.64211,4.42543,-4.41545,0.297045
3297,4.73249,-4.64211,4.4307,-4.42082,0.297119
3298,4.43249,-4.34211,4.43528,-4.42548,0.297234
3299,4.43249,-4.34211,4.43413,-4.4244,0.297364
3300,4.43446,-4.34582,4.43344,-4.42377,0.297466
3301,4.43446,-4.34582,4.43312,-4.42353,0.297548
3302,4.73446,-4.64582,4.43302,-4.4235,0.297617
3303,4.73446,-4.64582,4.43832,-4.42885,0.29769
3304,4.43446,-4.34582,4.44292,-4.43349,0.297805
3305,4.43446,-4.34582,4.44178,-4.4324,0.297934
3306,4.14673,-4.34868,4.44111,-4.43175,0.298035
3307,4.14673,-4.34868,4.43575,-4.43148,0.29811
3308,4.44673,-4.64868,4.43143,-4.4314,0.298149
3309,4.44673,-4.64868,4.43313,-4.43663,0.298176
3310,4.39195,-4.34868,4.43463,-4.44106,0.298232
3311,4.39195,-4.34868,4.43506,-4.43965,0.298301
3312,4.15506,-4.05954,4.43556,-4.43862,0.298356
3313,4.15506,-4.05954,4.43196,-4.43285,0.298388
3314,4.45506,-4.35954,4.42901,-4.42808,0.298373
3315,4.45506,-4.35954,4.43172,-4.42929,0.298336
3316,4.15506,-4.30368,4.43392,-4.43023,0.298323
3317,4.15506,-4.30368,4.4305,-4.43002,0.298319
3318,4.18897,-4.07062,4.42763,-4.42982,0.298297
3319,4.18897,-4.07062,4.42578,-4.42554,0.298259
3320,4.48897,-4.37062,4.42414,-4.42188,0.298198
3321,4.48897,-4.37062,4.42786,-4.42391,0.298133
3322,4.44947,-4.07062,4.43083,-4.42548,0.298104
3323,4.44947,-4.07062,4.43257,-4.42151,0.298092
3324,4.22202,-4.37062,4.43398,-4.41818,0.298071
3325,4.22202,-4.37062,4.43114,-4.42058,0.298046
3326,4.52202,-4.67062,4.42872,-4.42253,0.298022
3327,4.52202,-4.67062,4.43189,-4.42932,0.298013
3328,4.22202,-4.37062,4.43453,-4.43499,0.298052
3329,4.22202,-4.37062,4.43161,-4.43458,0.298112
3330,4.51617,-4.14076,4.4293,-4.43436,0.298147
3331,4.51617,-4.14076,4.43257,-4.43024,0.298168
3332,4.81617,-4.44076,4.43533,-4.42685,0.298182
3333,4.81617,-4.44076,4.44289,-4.42929,0.298205
3334,4.51617,-4.37443,4.44925,-4.4314,0.298273
3335,4.51617,-4.37443,4.44949,-4.43216,0.298363
3336,4.24511,-4.13137,4.44989,-4.433,0.298446
3337,4.24511,-4.13137,4.44567,-4.42964,0.298512
3338,4.54511,-4.43138,4.44228,-4.42696,0.298534
3339,4.54511,-4.43138,4.44472,-4.42998,0.298538
3340,4.47296,-4.39364,4.44677,-4.43253,0.298567
3341,4.47296,-4.39364,4.4473,-4.43406,0.298612
3342,4.22565,-4.1533,4.44784,-4.43544,0.29866
3343,4.22565,-4.1533,4.44409,-4.43251,0.2987
3344,4.52565,-4.4533,4.44103,-4.43014,0.298703
3345,4.52565,-4.4533,4.4437,-4.43338,0.298694
3346,4.22565,-4.1533,4.44593,-4.43608,0.298714
3347,4.22565,-4.1533,4.44261,-4.43315,0.298741
3348,4.2509,-4.45211,4.43989,-4.43075,0.298735
3349,4.2509,-4.45211,4.43803,-4.43394,0.298712
3350,4.5509,-4.75211,4.43644,-4.43654,0.298699
3351,4.5509,-4.75211,4.44032,-4.44391,0.298707
3352,4.51047,-4.45211,4.4436,-4.4501,0.298767
3353,4.51047,-4.45211,4.44579,-4.45017,0.298856
3354,4.28254,-4.18071,4.4478,-4.45043,0.298944
3355,4.28254,-4.18071,4.44569,-4.44611,0.299019
3356,4.58254,-4.48071,4.44409,-4.44266,0.299055
3357,4.58254,-4.48071,4.44803,-4.44507,0.299075
3358,4.28254,-4.18071,4.45138,-4.44714,0.299123
3359,4.28254,-4.18071,4.44906,-4.44376,0.299177
3360,4.28623,-4.45674,4.44723,-4.44104,0.299196
3361,4.28623,-4.45674,4.44579,-4.44362,0.299198
3362,4.58623,-4.75674,4.44461,-4.44577,0.299205
3363,4.58623,-4.75674,4.44886,-4.4528,0.29923
3364,4.53733,-4.45674,4.45249,-4.45873,0.299304
3365,4.53733,-4.45674,4.45485,-4.45864,0.299407
3366,4.30275,-4.1948,4.45703,-4.45878,0.299506
3367,4.30275,-4.1948,4.45498,-4.45456,0.299592
3368,4.60275,-4.4948,4.45344,-4.45121,0.299637
3369,4.60275,-4.4948,4.45747,-4.45373,0.299667
3370,4.30275,-4.1948,4.4609,-4.45591,0.299724
3371,4.30275,-4.1948,4.45867,-4.45264,0.299786
3372,4.30212,-4.18372,4.45693,-4.45003,0.299814
3373,4.30212,-4.18372,4.45552,-4.44771,0.299817
3374,4.60212,-4.48372,4.45434,-4.44578,0.299803
3375,4.60212,-4.48372,4.45854,-4.44936,0.299789
3376,4.30212,-4.44464,4.46203,-4.45233,0.299814
3377,4.30212,-4.44464,4.45979,-4.45419,0.299859
3378,4.31832,-4.21698,4.45801,-4.45584,0.299895
3379,4.31832,-4.21698,4.45689,-4.45332,0.299922
3380,4.61832,-4.51698,4.45601,-4.45127,0.299928
3381,4.61832,-4.51698,4.4605,-4.45479,0.299933
3382,4.31832,-4.21698,4.46428,-4.45776,0.299975
3383,4.31832,-4.21698,4.4623,-4.45512,0.30003
3384,4.61832,-4.22448,4.46076,-4.45302,0.300056
3385,4.61832,-4.22448,4.46475,-4.45144,0.300068
3386,4.91832,-4.52448,4.4681,-4.45017,0.30009
3387,4.91832,-4.52448,4.47617,-4.45439,0.300133
3388,4.61832,-4.22448,4.483,-4.45803,0.300229
3389,4.61832,-4.22448,4.48371,-4.45607,0.300348
3390,4.33143,-4.24663,4.48454,-4.45468,0.300445
3391,4.33143,-4.24663,4.48045,-4.45412,0.300521
3392,4.63143,-4.54663,4.47719,-4.4538,0.300564
3393,4.63143,-4.54663,4.47978,-4.45885,0.300599
3394,4.33143,-4.4965,4.48204,-4.46314,0.300666
3395,4.33143,-4.4965,4.47885,-4.466,0.300747
3396,4.30613,-4.25818,4.47637,-4.46856,0.300815
3397,4.30613,-4.25818,4.47402,-4.46668,0.300869
3398,4.60613,-4.55818,4.47216,-4.46522,0.300896
3399,4.60613,-4.55818,4.47588,-4.46927,0.300917
3400,4.30613,-4.25818,4.47905,-4.47271,0.300973
3401,4.30613,-4.25818,4.4766,-4.47049,0.301038
3402,4.33887,-4.24839,4.47469,-4.46877,0.301073
3403,4.33887,-4.24839,4.47373,-4.46723,0.301087
3404,4.63887,-4.54839,4.47295,-4.46597,0.301086
3405,4.63887,-4.54839,4.47753,-4.47014,0.301091
3406,4.33887,-4.24839,4.48136,-4.47364,0.301136
3407,4.33887,-4.24839,4.47945,-4.47145,0.301196
3408,4.35872,-4.26284,4.47798,-4.46975,0.301229
3409,4.35872,-4.26284,4.47716,-4.46864,0.301243
3410,4.65872,-4.56284,4.4765,-4.46774,0.301246
3411,4.65872,-4.56284,4.48118,-4.47222,0.301255
3412,4.35872,-4.26284,4.48512,-4.476,0.301307
3413,4.35872,-4.26284,4.48331,-4.47405,0.301374
3414,4.36919,-4.27811,4.48193,-4.47256,0.301415
3415,4.36919,-4.27811,4.48105,-4.47166,0.301437
3416,4.66919,-4.57811,4.48036,-4.47096,0.301448
3417,4.66919,-4.57811,4.48502,-4.47562,0.301465
3418,4.36919,-4.27811,4.48897,-4.47956,0.301524
3419,4.36919,-4.27811,4.48718,-4.47776,0.301599
3420,4.0859,-4.28975,4.48584,-4.47642,0.301647
3421,4.0859,-4.28975,4.47989,-4.47559,0.301669
3422,4.3859,-4.58975,4.47496,-4.47494,0.301656
3423,4.3859,-4.58975,4.47604,-4.47957,0.301633
3424,4.33273,-4.28975,4.4769,-4.48339,0.30164
3425,4.33273,-4.28975,4.47673,-4.48138,0.30166
3426,4.39348,-4.29765,4.47661,-4.47973,0.301666
3427,4.39348,-4.29765,4.47759,-4.47852,0.301666
3428,4.69348,-4.59765,4.4784,-4.4775,0.301664
3429,4.69348,-4.59765,4.48429,-4.48187,0.301675
3430,4.39348,-4.29765,4.48924,-4.48557,0.301734
3431,4.39348,-4.29765,4.4883,-4.48357,0.301812
3432,4.42297,-4.30741,4.48767,-4.48206,0.301866
3433,4.42297,-4.30741,4.48776,-4.48109,0.301903
3434,4.72297,-4.60741,4.48792,-4.48036,0.301931
3435,4.72297,-4.60741,4.49333,-4.48503,0.301967
3436,4.42297,-4.30741,4.49794,-4.48902,0.302046
3437,4.42297,-4.30741,4.49675,-4.48732,0.302142
3438,4.4146,-4.31923,4.49595,-4.48609,0.302211
3439,4.4146,-4.31923,4.49529,-4.48542,0.302262
3440,4.7146,-4.61923,4.49484,-4.48497,0.302299
3441,4.7146,-4.61923,4.49976,-4.48989,0.302342
3442,4.4146,-4.31923,4.50398,-4.4941,0.302425
3443,4.4146,-4.31923,4.50247,-4.49259,0.302524
3444,4.41337,-4.32605,4.50141,-4.49154,0.302595
3445,4.41337,-4.32605,4.50066,-4.49092,0.302647
3446,4.71337,-4.62605,4.50014,-4.49052,0.302686
3447,4.71337,-4.62605,4.50501,-4.49548,0.302729
3448,4.41337,-4.32605,4.50918,-4.49974,0.302814
3449,4.41337,-4.32605,4.50764,-4.49826,0.302913
3450,4.12513,-4.33259,4.50656,-4.49723,0.302984
3451,4.12513,-4.33259,4.50079,-4.49664,0.30303
3452,4.42513,-4.63259,4.49607,-4.49622,0.30304
3453,4.42513,-4.63259,4.49736,-4.5011,0.303038
3454,4.37062,-4.33259,4.49846,-4.50518,0.303065
3455,4.37062,-4.33259,4.49849,-4.50342,0.303106
3456,4.42909,-4.33542,4.4986,-4.50204,0.303132
3457,4.42909,-4.33542,4.49976,-4.501,0.303151
3458,4.72909,-4.63542,4.50077,-4.50017,0.303168
3459,4.72909,-4.63542,4.50687,-4.50473,0.303197
3460,4.42909,-4.33542,4.51203,-4.50863,0.303273
3461,4.42909,-4.33542,4.5113,-4.50684,0.303368
3462,4.16371,-4.34111,4.51088,-4.50554,0.303439
3463,4.16371,-4.34111,4.50607,-4.50471,0.303486
3464,4.46371,-4.64111,4.50214,-4.5041,0.3035
3465,4.46371,-4.64111,4.50412,-4.50883,0.303505
3466,4.39898,-4.34111,4.50579,-4.5128,0.303541
3467,4.39898,-4.34111,4.50614,-4.51097,0.30359
3468,4.45107,-4.35071,4.50654,-4.50955,0.303626
3469,4.45107,-4.35071,4.50785,-4.50861,0.303654
3470,4.75107,-4.65071,4.50901,-4.50789,0.30368
3471,4.75107,-4.65071,4.51524,-4.51257,0.303719
3472,4.45107,-4.35071,4.52054,-4.51657,0.303804
3473,4.45107,-4.35071,4.51995,-4.5149,0.303909
3474,4.1784,-4.35742,4.51967,-4.51372,0.303988
3475,4.1784,-4.35742,4.51486,-4.51302,0.304045
3476,4.4784,-4.65742,4.51096,-4.51254,0.304067
3477,4.4784,-4.65742,4.51296,-4.5174,0.30408
3478,4.41232,-4.35742,4.51468,-4.52149,0.304124
3479,4.41232,-4.35742,4.51508,-4.51978,0.304181
3480,4.46289,-4.36513,4.51552,-4.51848,0.304225
3481,4.46289,-4.36513,4.51686,-4.51762,0.30426
3482,4.7629,-4.66513,4.51805,-4.51699,0.304292
3483,4.7629,-4.66513,4.52433,-4.52175,0.304337
3484,4.46289,-4.36513,4.52969,-4.52583,0.304429
3485,4.46289,-4.36513,4.52915,-4.52424,0.304539
3486,4.48258,-4.07856,4.52893,-4.52315,0.304625
3487,4.48258,-4.07856,4.52927,-4.51743,0.304686
3488,4.78258,-4.37856,4.52966,-4.51278,0.304715
3489,4.78258,-4.37856,4.53526,-4.51419,0.304733
3490,4.48258,-4.32383,4.53997,-4.51541,0.304782
3491,4.48258,-4.32383,4.5388,-4.51561,0.304845
3492,4.18258,-4.09055,4.53796,-4.5159,0.304895
3493,4.18258,-4.09055,4.53215,-4.51219,0.304923
3494,4.48258,-4.39055,4.52734,-4.50913,0.304902
3495,4.48258,-4.39055,4.52849,-4.51174,0.304861
3496,4.41424,-4.35882,4.52937,-4.51383,0.304843
3497,4.41424,-4.35882,4.52889,-4.51499,0.304839
3498,4.17906,-4.41382,4.52848,-4.51595,0.304839
3499,4.17906,-4.41382,4.52405,-4.51771,0.304837
3500,4.47906,-4.71382,4.52035,-4.51916,0.304823
